Planta;Critico;Cant. Ciclos;ID Viaje;Estado Origen;Estado Destino;Ciudad Destino;Descripción Zona;Año;Mes;Día
GDL;NO;1;74415006;JAL;Nayarit;Tepic;Tepic;2026;Abr;16
GDL;NO;1;74423938;JAL;Jalisco;Ocotlán;Ocotlán;2026;Abr;17
GDL;NO;1;74429711;JAL;CDMX+EDOMEX;Tultitlán;Tultitlan;2026;May;13
GDL;NO;1;74449393;JAL;Nayarit;Tepic;Tepic;2026;Abr;21
GDL;NO;1;74456063;JAL;Jalisco;Ocotlán;Ocotlán;2026;Abr;23
GDL;NO;1;74460327;JAL;Nayarit;Tepic;Tepic;2026;Abr;24
GDL;NO;1;74461701;JAL;Guanajuato;Salvatierra;Salvatierra;2026;Abr;24
GDL;NO;1;74484400;JAL;Jalisco;El Salto;El Salto;2026;Abr;29
GDL;NO;1;74489366;JAL;Aguascalientes;Aguascalientes;Aguascalientes;2026;Abr;30
GDL;NO;1;74509933;JAL;Colima;Villa de Álvarez;Villa de Álvarez;2026;May;4
GDL;NO;1;74511613;JAL;Colima;Colima;Colima;2026;May;5
GDL;NO;1;74511743;JAL;Guanajuato;León;León;2026;May;12
GDL;NO;1;74517037;JAL;Michoacán;Tarímbaro;Tarimbaro;2026;May;8
GDL;NO;1;74521189;JAL;Nayarit;Tepic;Tepic;2026;May;5
GDL;NO;1;74521336;JAL;Aguascalientes;Aguascalientes;Aguascalientes;2026;May;6
GDL;NO;1;74521346;JAL;Aguascalientes;Aguascalientes;Aguascalientes;2026;May;5
GDL;NO;1;74521421;JAL;Jalisco;Tamazula de Gordiano;Tamazula de Gordiano;2026;May;8
GDL;NO;1;74522734;JAL;Aguascalientes;Aguascalientes;Aguascalientes;2026;May;6
GDL;NO;1;74533232;JAL;Jalisco;Ocotlán;Ocotlán;2026;May;8
GDL;NO;1;74533237;JAL;Jalisco;Ocotlán;Ocotlán;2026;May;8
GDL;NO;1;74538840;JAL;Colima;Manzanillo;Manzanillo;2026;May;9
GDL;NO;1;74551116;JAL;Zacatecas;Guadalupe;Guadalupe;2026;May;14
GDL;NO;1;74554324;JAL;Aguascalientes;Aguascalientes;Aguascalientes;2026;May;12
GDL;NO;1;74566189;JAL;Colima;Tecomán;Tecomán;2026;May;14
GDL;NO;1;74589946;JAL;Nayarit;Tepic;Tepic;2026;May;18
GDL;NO;1;74602550;JAL;Michoacán;La Piedad;La Piedad;2026;May;21
GDL;NO;1;74602567;JAL;Michoacán;La Piedad;La Piedad;2026;May;21
GDL;NO;1;74607350;JAL;Aguascalientes;Aguascalientes;Aguascalientes;2026;May;21
GDL;NO;1;74608808;JAL;Colima;Colima;Colima;2026;May;26
GDL;NO;1;74613923;JAL;Aguascalientes;Aguascalientes;Aguascalientes;2026;May;22
GDL;NO;1;74613934;JAL;Aguascalientes;Aguascalientes;Aguascalientes;2026;May;22
GDL;NO;1;74628461;JAL;Nayarit;Tepic;Tepic;2026;May;25
GDL;NO;1;74630257;JAL;Colima;Villa de Álvarez;Villa de Álvarez;2026;May;25
GDL;NO;1;74635792;JAL;Nayarit;Tepic;Tepic;2026;May;26
GDL;NO;1;74635875;JAL;Jalisco;Ciudad Guzmán;Ciudad Guzmán;2026;May;26
GDL;NO;1;74641155;JAL;Jalisco;Ciudad Guzmán;Ciudad Guzmán;2026;May;27
GDL;NO;1;74645430;JAL;Nayarit;Tepic;Tepic;2026;May;28
GDL;NO;1;74646435;JAL;Zacatecas;Jalpa;Jalpa;2026;May;29
GDL;NO;1;74647275;JAL;Michoacán;La Piedad;La Piedad;2026;May;28
GDL;NO;1;74650339;JAL;Nayarit;Bahia de Banderas;Bahia de Banderas;2026;May;29
GDL;NO;1;74650942;JAL;Aguascalientes;Aguascalientes;Aguascalientes;2026;May;29
GDL;NO;1;74651997;JAL;Jalisco;Acatlán;Acatlán de Juárez;2026;May;29
GDL;NO;1;74665530;JAL;Nayarit;Tepic;Tepic;2026;Jun;1
GDL;NO;1;74665549;JAL;Guanajuato;Irapuato;Irapuato;2026;Jun;5
GDL;NO;1;74665566;JAL;Jalisco;Ocotlán;Ocotlán;2026;Jun;1
GDL;NO;1;74665874;JAL;Jalisco;El Salto;El Salto;2026;Jun;1
GDL;NO;1;74676427;JAL;Nayarit;Tepic;Tepic;2026;Jun;2
GDL;NO;1;74676470;JAL;Nayarit;Tepic;Tepic;2026;Jun;3
GDL;NO;1;74676534;JAL;Nayarit;Tepic;Tepic;2026;Jun;2
GDL;NO;1;74681790;JAL;Jalisco;Ciudad Guzmán;Ciudad Guzmán;2026;Jun;3
GDL;NO;1;74681838;JAL;Jalisco;Ocotlán;Ocotlán;2026;Jun;4
GDL;NO;1;74705265;JAL;Michoacán;La Piedad;La Piedad;2026;Jun;7
GDL;NO;1;74705436;JAL;Jalisco;Ocotlán;Ocotlán;2026;Jun;8
GDL;NO;1;74705970;JAL;Jalisco;Ocotlán;Ocotlán;2026;Jun;7
GDL;NO;1;74705996;JAL;Jalisco;Ocotlán;Ocotlán;2026;Jun;8
GDL;NO;1;74712810;JAL;Guanajuato;León;León;2026;Jun;9
GDL;NO;1;74713394;JAL;Michoacán;Puruandiro;Puruandiro;2026;Jun;8
GDL;NO;1;74714396;JAL;Aguascalientes;Aguascalientes;Aguascalientes;2026;Jun;9
GDL;NO;1;74714396;JAL;Zacatecas;Guadalupe;Guadalupe;2026;Jun;9
GDL;NO;1;74718181;JAL;Guanajuato;Cerano;CERANO, GTO.;2026;Jun;10
GDL;NO;1;74718307;JAL;Jalisco;Tepatitlán de Morelos;Tepatitlán d Morelos;2026;Jun;9
GDL;NO;1;74723548;JAL;Michoacán;Morelia;Morelia;2026;Jun;11
GDL;NO;1;74729957;JAL;Jalisco;El Salto;El Salto;2026;Jun;12
GDL;NO;1;74731470;JAL;Jalisco;Tepatitlán de Morelos;Tepatitlán d Morelos;2026;Jun;12
GDL;NO;1;74746320;JAL;Jalisco;El Salto;El Salto;2026;Jun;15
GDL;NO;1;74750797;JAL;Jalisco;Tamazula;;2026;Jun;18
GDL;NO;1;74750801;JAL;Jalisco;Tamazula;;2026;Jun;17
GDL;NO;1;74763190;JAL;Guanajuato;Salamanca;Salamanca;2026;Jun;17
GDL;NO;1;74766674;JAL;Nayarit;Tepic;Tepic;2026;Jun;19
GDL;NO;1;74786439;JAL;Jalisco;Ocotlán;Ocotlán;2026;Jun;23
GDL;NO;1;74788084;JAL;Jalisco;Tamazula;;2026;Jun;22
GDL;NO;1;74791461;JAL;Nayarit;Tepic;Tepic;2026;Jun;24
GDL;NO;1;74799022;JAL;Zacatecas;Guadalupe;Guadalupe;2026;Jun;25
GDL;NO;1;74822898;JAL;Jalisco;Ocotlán;Ocotlán;2026;Jun;30
GDL;NO;1;74827967;JAL;Jalisco;San Juan de los Lagos;S. Juan de los Lagos;2026;Jul;1
GDL;NO;1;74833360;JAL;Jalisco;Zapotiltic;Zapotiltic;2026;Jul;6
GDL;NO;1;74860699;JAL;Guanajuato;Salamanca;Salamanca;2026;Jul;7
GDL;NO;1;74860937;JAL;Aguascalientes;Aguascalientes;Aguascalientes;2026;Jul;7
GDL;NO;1;74865348;JAL;Aguascalientes;Aguascalientes;Aguascalientes;2026;Jul;8
GDL;NO;1;74865348;JAL;Zacatecas;Zacatecas;Zacatecas;2026;Jul;8
GDL;NO;1;74865385;JAL;Aguascalientes;Aguascalientes;Aguascalientes;2026;Jul;13
GDL;NO;1;74865385;JAL;Zacatecas;Jalpa;Jalpa;2026;Jul;13
GDL;NO;1;74865516;JAL;Nayarit;Tepic;Tepic;2026;Jul;8
GDL;NO;1;74866998;JAL;Jalisco;Ocotlán;Ocotlán;2026;Jul;8
GDL;NO;1;74877157;JAL;Aguascalientes;Aguascalientes;Aguascalientes;2026;Jul;10
GDL;NO;1;74877515;JAL;Zacatecas;Guadalupe;Guadalupe;2026;Jul;15
GDL;NO;1;74889035;JAL;Aguascalientes;Jesús María;Jesús María;2026;Jul;13
GDL;NO;1;74889044;JAL;Aguascalientes;Jesús María;Jesús María;2026;Jul;13
GDL;NO;1;74889144;JAL;Jalisco;El Salto;El Salto;2026;Jul;13
GDL;NO;1;74889151;JAL;Guanajuato;León;León;2026;Jul;13
GDL;NO;1;74889441;JAL;Jalisco;El Salto;El Salto;2026;Jul;13
GDL;NO;1;74890662;JAL;Zacatecas;Guadalupe;Guadalupe;2026;Jul;13
GDL;NO;1;74894515;JAL;Guanajuato;León;León;2026;Jul;14
GDL;NO;1;74894529;JAL;Nayarit;Tepic;Tepic;2026;Jul;14
GDL;NO;1;74895333;JAL;Guanajuato;León;León;2026;Jul;14
GDL;NO;1;74895729;JAL;Jalisco;Acatlán;Acatlán de Juárez;2026;Jul;14
GDL;NO;1;74920192;JAL;Jalisco;Lagos de Moreno;Lagos de Moreno;2026;Jul;19
GDL;NO;1;74920224;JAL;Guanajuato;León;León;2026;Jul;20
GDL;NO;1;74920233;JAL;Jalisco;Ciudad Guzmán;Ciudad Guzmán;2026;Jul;20
GDL;NO;1;74920836;JAL;Jalisco;El Salto;El Salto;2026;Jul;19
GDL;NO;1;74920846;JAL;Nayarit;Tepic;Tepic;2026;Jul;20
GDL;NO;1;74920871;JAL;Guanajuato;Irapuato;Irapuato;2026;Jul;19
GDL;NO;1;74924604;JAL;Zacatecas;Loreto;Loreto;2026;Jul;22
GDL;NO;1;74925784;JAL;Aguascalientes;Aguascalientes;Aguascalientes;2026;Jul;21
GDL;NO;1;74935215;JAL;Jalisco;Ocotlán;Ocotlán;2026;Jul;24
GDL;NO;1;74935340;JAL;Colima;Colima;Colima;2026;Jul;24
GDL;NO;1;74935343;JAL;Colima;Colima;Colima;2026;Jul;24
GDL;NO;1;74951813;JAL;Aguascalientes;Aguascalientes;Aguascalientes;2026;Jul;27
GDL;NO;1;74956397;JAL;Zacatecas;Guadalupe;Guadalupe;2026;Jul;28
GDL;NO;1;74959638;JAL;Jalisco;Ocotlán;Ocotlán;2026;Jul;29
GDL;NO;1;74960229;JAL;Colima;Colima;Colima;2026;Jul;29
GDL;NO;1;74960229;JAL;Colima;Villa de Álvarez;Villa de Álvarez;2026;Jul;29
GDL;NO;1;74981321;JAL;Aguascalientes;Aguascalientes;Aguascalientes;2026;Ago;3
GDL;NO;1;74981474;JAL;Guanajuato;León;León;2026;Ago;3
GDL;NO;1;74981477;JAL;Nayarit;Tepic;Tepic;2026;Ago;3
GDL;NO;1;74981477;JAL;Nayarit;Xalisco;XALISCO, NAY.;2026;Ago;3
GDL;NO;1;74981596;JAL;Aguascalientes;Aguascalientes;Aguascalientes;2026;Ago;3
GDL;NO;1;74983082;JAL;Guanajuato;Moroleon;Moroleón;2026;Ago;3
GDL;NO;1;74983082;JAL;Guanajuato;Uriangato;Uriangato;2026;Ago;3
GDL;NO;1;74991540;JAL;Zacatecas;Jalpa;Jalpa;2026;Ago;5
GDL;NO;1;74991655;JAL;Nayarit;Tepic;Tepic;2026;Ago;5
GDL;NO;1;75001890;JAL;Zacatecas;Guadalupe;Guadalupe;2026;Ago;7
GDL;NO;1;75013451;JAL;Jalisco;Ocotlán;Ocotlán;2026;Ago;10
GDL;NO;1;75013716;JAL;Jalisco;El Salto;El Salto;2026;Ago;10
GDL;NO;1;75019235;JAL;Aguascalientes;Aguascalientes;Aguascalientes;2026;Ago;11
GDL;NO;1;75019269;JAL;Jalisco;El Salto;El Salto;2026;Ago;11
GDL;NO;1;75019313;JAL;Nayarit;Tepic;Tepic;2026;Ago;11
GDL;NO;1;75025007;JAL;Guanajuato;León;León;2026;Ago;12
GDL;NO;1;75025062;JAL;Nayarit;Tepic;Tepic;2026;Ago;12
GDL;NO;1;75025062;JAL;Nayarit;Xalisco;XALISCO, NAY.;2026;Ago;12
GDL;NO;1;75029807;JAL;Nayarit;Tepic;Tepic;2026;Ago;13
GDL;NO;1;75048976;JAL;Jalisco;Zapotlan el Grande;;2026;Ago;19
GDL;NO;1;75049380;JAL;Jalisco;Tepatitlán de Morelos;Tepatitlán d Morelos;2026;Ago;17
GDL;NO;1;75050673;JAL;Guanajuato;Apaseo el Alto;Apaseo el Alto;2026;Ago;17
GDL;NO;1;75054899;JAL;Colima;Villa de Álvarez;Villa de Álvarez;2026;Ago;18
GDL;NO;1;75065062;JAL;Jalisco;Acatlán;Acatlán de Juárez;2026;Ago;20
GDL;NO;1;75082223;JAL;Guanajuato;Celaya;Celaya;2026;Ago;24
GDL;NO;1;75089619;JAL;Jalisco;El Salto;El Salto;2026;Ago;25
GDL;NO;1;75089644;JAL;Colima;Colima;Colima;2026;Ago;25
GDL;NO;1;75092699;JAL;Guanajuato;Apaseo el Alto;Apaseo el Alto;2026;Ago;26
GDL;NO;1;75092955;JAL;Jalisco;Ocotlán;Ocotlán;2026;Ago;26
GDL;NO;1;75093699;JAL;Nayarit;Tepic;Tepic;2026;Ago;26
GDL;NO;1;75093708;JAL;Jalisco;Ocotlán;Ocotlán;2026;Ago;26
GDL;NO;1;75093935;JAL;Aguascalientes;Aguascalientes;Aguascalientes;2026;Ago;26
GDL;NO;1;75098826;JAL;Guerrero;Acapulco;Acapulco de Juarez;2026;Sep;2
GDL;NO;1;75098826;JAL;Guerrero;Zihuatanejo;Zihuatanejo;2026;Sep;2
GDL;NO;1;75099540;JAL;Nayarit;Bucerías;Bucerías;2026;Ago;27
GDL;NO;1;75103418;JAL;Michoacán;Morelia;Morelia;2026;Ago;28
GDL;NO;1;75123350;JAL;Jalisco;El Salto;El Salto;2026;Sep;1
GDL;NO;1;75123646;JAL;Michoacán;La Piedad;La Piedad;2026;Sep;1
GDL;NO;1;75127222;JAL;Colima;Colima;Colima;2026;Sep;2
GDL;NO;1;75128767;JAL;Nayarit;Tepic;Tepic;2026;Sep;2
GDL;NO;1;75136612;JAL;Aguascalientes;Aguascalientes;Aguascalientes;2026;Sep;4
GDL;NO;1;75153349;JAL;Zacatecas;Guadalupe;Guadalupe;2026;Sep;8
GDL;NO;1;75153349;JAL;Zacatecas;Zacatecas;Zacatecas;2026;Sep;8
GDL;NO;1;75154506;JAL;Colima;Colima;Colima;2026;Sep;8
GDL;NO;1;75154506;JAL;Colima;Villa de Álvarez;Villa de Álvarez;2026;Sep;8
GDL;NO;2;74429067;JAL;Jalisco;Ocotlán;Ocotlán;2026;Abr;18
GDL;NO;2;74429376;JAL;Colima;Tecomán;Tecomán;2026;Abr;18
GDL;NO;2;74509843;JAL;Nayarit;Bahia de Banderas;Bahia de Banderas;2026;May;4
GDL;NO;2;74527712;JAL;Aguascalientes;Aguascalientes;Aguascalientes;2026;May;6
GDL;NO;2;74529085;JAL;Aguascalientes;Aguascalientes;Aguascalientes;2026;May;7
GDL;NO;2;74548585;JAL;Jalisco;Ocotlán;Ocotlán;2026;May;11
GDL;NO;2;74548605;JAL;Jalisco;Ocotlán;Ocotlán;2026;May;11
GDL;NO;2;74572964;JAL;Jalisco;Ocotlán;Ocotlán;2026;May;15
GDL;NO;2;74573022;JAL;Jalisco;Ocotlán;Ocotlán;2026;May;15
GDL;NO;2;74612835;JAL;Aguascalientes;Jesús María;Jesús María;2026;May;22
GDL;NO;2;74614637;JAL;Jalisco;Ocotlán;Ocotlán;2026;May;22
GDL;NO;2;74628400;JAL;Guanajuato;Celaya;Celaya;2026;May;25
GDL;NO;2;74683488;JAL;Zacatecas;Guadalupe;Guadalupe;2026;Jun;8
GDL;NO;2;74713385;JAL;Guanajuato;Cerano;CERANO, GTO.;2026;Jun;9
GDL;NO;2;74713385;JAL;Guanajuato;Salvatierra;Salvatierra;2026;Jun;9
GDL;NO;2;74723842;JAL;Colima;Tecomán;Tecomán;2026;Jun;12
GDL;NO;2;74744497;JAL;Jalisco;Ocotlán;Ocotlán;2026;Jun;16
GDL;NO;2;74787814;JAL;Jalisco;Ocotlán;Ocotlán;2026;Jun;23
GDL;NO;2;74856558;JAL;Guanajuato;León;León;2026;Jul;6
GDL;NO;2;74860663;JAL;Jalisco;El Salto;El Salto;2026;Jul;7
GDL;NO;2;74889428;JAL;Michoacán;Morelia;Morelia;2026;Jul;13
GDL;NO;2;74920254;JAL;Guanajuato;Celaya;Celaya;2026;Jul;20
GDL;NO;2;74938138;JAL;Michoacán;Tacambaro;Tacambaro;2026;Jul;24
GDL;NO;2;74943426;JAL;Nayarit;Tepic;Tepic;2026;Jul;25
GDL;NO;2;74969972;JAL;Jalisco;Tepatitlán de Morelos;Tepatitlán d Morelos;2026;Jul;31
GDL;NO;2;74996371;JAL;Jalisco;Ciudad Guzmán;Ciudad Guzmán;2026;Ago;6
GDL;NO;2;75013734;JAL;Aguascalientes;Aguascalientes;Aguascalientes;2026;Ago;10
GDL;NO;2;75013734;JAL;Zacatecas;Guadalupe;Guadalupe;2026;Ago;10
GDL;NO;2;75127176;JAL;Michoacán;Acuitzio del Canje;Acuitzio del Canje;2026;Sep;2
GDL;NO;3;74423910;JAL;Jalisco;Ocotlán;Ocotlán;2026;Abr;17
GDL;NO;3;74429023;JAL;Jalisco;Tecolotlan Jal;Tecolotlan, Jal;2026;Abr;18
GDL;NO;3;74429057;JAL;Jalisco;Ocotlán;Ocotlán;2026;Abr;18
GDL;NO;3;74429716;JAL;CDMX+EDOMEX;Tultitlán;Tultitlan;2026;May;13
GDL;NO;3;74521333;JAL;Nayarit;Tepic;Tepic;2026;May;6
GDL;NO;3;74522042;JAL;Jalisco;Ocotlán;Ocotlán;2026;May;5
GDL;NO;3;74527725;JAL;Jalisco;Ciudad Guzmán;Ciudad Guzmán;2026;May;7
GDL;NO;3;74554329;JAL;Zacatecas;Zacatecas;Zacatecas;2026;May;12
GDL;NO;3;74555341;JAL;Colima;Colima;Colima;2026;May;12
GDL;NO;3;74555341;JAL;Colima;Villa de Álvarez;Villa de Álvarez;2026;May;12
GDL;NO;3;74585233;JAL;Aguascalientes;Aguascalientes;Aguascalientes;2026;May;18
GDL;NO;3;74595277;JAL;Michoacán;Zamora;Zamora;2026;May;19
GDL;NO;3;74665564;JAL;Aguascalientes;Jesús María;Jesús María;2026;Jun;1
GDL;NO;3;74683490;JAL;Aguascalientes;Aguascalientes;Aguascalientes;2026;Jun;5
GDL;NO;3;74827939;JAL;Aguascalientes;Aguascalientes;Aguascalientes;2026;Jul;1
GDL;NO;3;74827939;JAL;Zacatecas;Guadalupe;Guadalupe;2026;Jul;1
GDL;NO;3;74839474;JAL;Aguascalientes;Aguascalientes;Aguascalientes;2026;Jul;3
GDL;NO;3;74855748;JAL;Aguascalientes;Aguascalientes;Aguascalientes;2026;Jul;6
GDL;NO;3;74905611;JAL;Aguascalientes;Aguascalientes;Aguascalientes;2026;Jul;17
GDL;NO;3;74969101;JAL;Colima;Colima;Colima;2026;Jul;31
GDL;NO;3;74969101;JAL;Colima;Villa de Álvarez;Villa de Álvarez;2026;Jul;31
GDL;NO;3;74981361;JAL;Nayarit;Bucerías;Bucerías;2026;Ago;3
GDL;NO;3;74981440;JAL;Nayarit;Tepic;Tepic;2026;Ago;3
GDL;NO;3;75049579;JAL;Colima;Colima;Colima;2026;Ago;17
GDL;NO;3;75054896;JAL;Nayarit;Tepic;Tepic;2026;Ago;18
GDL;NO;3;75088840;JAL;Michoacán;Zamora;Zamora;2026;Ago;25
GDL;NO;3;75103408;JAL;Nayarit;Tepic;Tepic;2026;Ago;28
GDL;NO;4;74439804;JAL;Zacatecas;Fresnillo;Fresnillo;2026;Abr;20
GDL;NO;4;74486753;JAL;Aguascalientes;Aguascalientes;Aguascalientes;2026;Abr;30
GDL;NO;4;74550921;JAL;Nayarit;Tepic;Tepic;2026;May;12
GDL;NO;4;74587701;JAL;Guanajuato;Moroleon;Moroleón;2026;May;18
GDL;NO;4;74653296;JAL;Nayarit;Tepic;Tepic;2026;May;29
GDL;NO;4;74667524;JAL;Guanajuato;Irapuato;Irapuato;2026;Jun;2
GDL;NO;4;74667530;JAL;Guanajuato;Celaya;Celaya;2026;Jun;2
GDL;NO;4;74705484;JAL;Zacatecas;Guadalupe;Guadalupe;2026;Jun;9
GDL;NO;4;74705484;JAL;Zacatecas;Zacatecas;Zacatecas;2026;Jun;9
GDL;NO;4;74744822;JAL;Aguascalientes;Aguascalientes;Aguascalientes;2026;Jun;16
GDL;NO;4;74786631;JAL;Michoacán;Morelia;Sahuayo;2026;Jun;23
GDL;NO;4;74954889;JAL;Zacatecas;Zacatecas;Zacatecas;2026;Jul;28
GDL;NO;4;74966095;JAL;Jalisco;Tepatitlán de Morelos;Tepatitlán d Morelos;2026;Jul;31
GDL;NO;4;75024992;JAL;Jalisco;Puerto Vallarta;Puerto Vallarta;2026;Ago;12
GDL;NO;4;75024992;JAL;Nayarit;Bahia de Banderas;Bahia de Banderas;2026;Ago;12
GDL;NO;Asignación Manual;73756232;JAL;Jalisco;Unión de Tula;UNION DE TULA, JAL.;2026;Ene;5
GDL;NO;Asignación Manual;73772194;JAL;Colima;Tecomán;Tecomán;2026;Ene;2
GDL;NO;Asignación Manual;73781783;JAL;Michoacán;La Piedad;La Piedad;2026;Ene;2
GDL;NO;Asignación Manual;73788311;JAL;Aguascalientes;Aguascalientes;Aguascalientes;2026;Ene;6
GDL;NO;Asignación Manual;73789484;JAL;Zacatecas;Guadalupe;Guadalupe;2026;Ene;5
GDL;NO;Asignación Manual;73789556;JAL;Michoacán;Tangancícuaro;Tanzanzicuaro;2026;Ene;2
GDL;NO;Asignación Manual;73804395;JAL;Jalisco;Ocotlán;Ocotlán;2026;Ene;2
GDL;NO;Asignación Manual;73804582;JAL;Aguascalientes;Aguascalientes;Aguascalientes;2026;Ene;2
GDL;NO;Asignación Manual;73805668;JAL;Jalisco;Ocotlán;Ocotlán;2026;Ene;2
GDL;NO;Asignación Manual;73805924;JAL;Jalisco;Ocotlán;Ocotlán;2026;Ene;2
GDL;NO;Asignación Manual;73806277;JAL;Jalisco;Ocotlán;Ocotlán;2026;Ene;6
GDL;NO;Asignación Manual;73806334;JAL;Aguascalientes;Aguascalientes;Aguascalientes;2026;Ene;5
GDL;NO;Asignación Manual;73806348;JAL;Aguascalientes;Aguascalientes;Aguascalientes;2026;Ene;5
GDL;NO;Asignación Manual;73806350;JAL;Guanajuato;Salamanca;Salamanca;2026;Ene;5
GDL;NO;Asignación Manual;73806396;JAL;Michoacán;Lázaro Cárdenas;Lazaro Cárdenas;2026;Ene;5
GDL;NO;Asignación Manual;73806532;JAL;Guerrero;Zihuatanejo;Zihuatanejo;2026;Ene;5
GDL;NO;Asignación Manual;73806550;JAL;Michoacán;Tangancícuaro;Tanzanzicuaro;2026;Ene;7
GDL;NO;Asignación Manual;73820712;JAL;Jalisco;Tepatitlán de Morelos;Tepatitlán d Morelos;2026;Ene;5
GDL;NO;Asignación Manual;73820714;JAL;Jalisco;Tepatitlán de Morelos;Tepatitlán d Morelos;2026;Ene;5
GDL;NO;Asignación Manual;73820877;JAL;Zacatecas;Guadalupe;Guadalupe;2026;Ene;6
GDL;NO;Asignación Manual;73820877;JAL;Zacatecas;Zacatecas;Zacatecas;2026;Ene;6
GDL;NO;Asignación Manual;73823032;JAL;Jalisco;Tepatitlán de Morelos;Tepatitlán d Morelos;2026;Ene;6
GDL;NO;Asignación Manual;73829463;JAL;Aguascalientes;Aguascalientes;Aguascalientes;2026;Ene;6
GDL;NO;Asignación Manual;73830200;JAL;Michoacán;Los Reyes;Los Reyes;2026;Ene;6
GDL;NO;Asignación Manual;73830247;JAL;Jalisco;Ocotlán;Ocotlán;2026;Ene;6
GDL;NO;Asignación Manual;73830270;JAL;Aguascalientes;Aguascalientes;Aguascalientes;2026;Ene;6
GDL;NO;Asignación Manual;73831704;JAL;Michoacán;Los Reyes;Los Reyes;2026;Ene;7
GDL;NO;Asignación Manual;73831905;JAL;Zacatecas;Guadalupe;Guadalupe;2026;Ene;8
GDL;NO;Asignación Manual;73836306;JAL;Nayarit;Tepic;Tepic;2026;Ene;7
GDL;NO;Asignación Manual;73836314;JAL;Nayarit;Tepic;Tepic;2026;Ene;7
GDL;NO;Asignación Manual;73836609;JAL;Jalisco;Ocotlán;Ocotlán;2026;Ene;7
GDL;NO;Asignación Manual;73836743;JAL;Colima;Tecomán;Tecomán;2026;Ene;12
GDL;NO;Asignación Manual;73837305;JAL;Jalisco;Ciudad Guzmán;Ciudad Guzmán;2026;Ene;7
GDL;NO;Asignación Manual;73837313;JAL;Jalisco;Tepatitlán de Morelos;Tepatitlán d Morelos;2026;Ene;7
GDL;NO;Asignación Manual;73838259;JAL;Jalisco;Tepatitlán de Morelos;Tepatitlán d Morelos;2026;Ene;7
GDL;NO;Asignación Manual;73838370;JAL;Jalisco;Ciudad Guzmán;Ciudad Guzmán;2026;Ene;9
GDL;NO;Asignación Manual;73838401;JAL;Nayarit;Tepic;Tepic;2026;Ene;8
GDL;NO;Asignación Manual;73842763;JAL;Jalisco;Ocotlán;Ocotlán;2026;Ene;8
GDL;NO;Asignación Manual;73842803;JAL;Jalisco;Ocotlán;Ocotlán;2026;Ene;8
GDL;NO;Asignación Manual;73842842;JAL;Jalisco;Ocotlán;Ocotlán;2026;Ene;14
GDL;NO;Asignación Manual;73842856;JAL;Nayarit;Tepic;Tepic;2026;Ene;8
GDL;NO;Asignación Manual;73843043;JAL;Jalisco;Ocotlán;Ocotlán;2026;Ene;8
GDL;NO;Asignación Manual;73843150;JAL;Jalisco;Tepatitlán de Morelos;Tepatitlán d Morelos;2026;Ene;8
GDL;NO;Asignación Manual;73843514;JAL;Jalisco;Tepatitlán de Morelos;Tepatitlán d Morelos;2026;Ene;8
GDL;NO;Asignación Manual;73843682;JAL;Michoacán;Los Reyes;Los Reyes;2026;Ene;9
GDL;NO;Asignación Manual;73843693;JAL;Nayarit;Tepic;Tepic;2026;Ene;8
GDL;NO;Asignación Manual;73843833;JAL;Jalisco;El Salto;El Salto;2026;Ene;8
GDL;NO;Asignación Manual;73845039;JAL;Jalisco;Ocotlán;Ocotlán;2026;Ene;8
GDL;NO;Asignación Manual;73849889;JAL;Jalisco;Ocotlán;Ocotlán;2026;Ene;9
GDL;NO;Asignación Manual;73850000;JAL;Michoacán;Santa Clara;Sta. Clara;2026;Ene;9
GDL;NO;Asignación Manual;73851329;JAL;Nayarit;Tepic;Tepic;2026;Ene;9
GDL;NO;Asignación Manual;73851545;JAL;Jalisco;Ocotlán;Ocotlán;2026;Ene;9
GDL;NO;Asignación Manual;73851578;JAL;Aguascalientes;Aguascalientes;Aguascalientes;2026;Ene;9
GDL;NO;Asignación Manual;73852080;JAL;Jalisco;San Juan de los Lagos;S. Juan de los Lagos;2026;Ene;13
GDL;NO;Asignación Manual;73852395;JAL;Jalisco;Ocotlán;Ocotlán;2026;Ene;9
GDL;NO;Asignación Manual;73853101;JAL;Jalisco;Ocotlán;Ocotlán;2026;Ene;13
GDL;NO;Asignación Manual;73872829;JAL;Nayarit;Tepic;Tepic;2026;Ene;12
GDL;NO;Asignación Manual;73873040;JAL;Aguascalientes;Aguascalientes;Aguascalientes;2026;Ene;12
GDL;NO;Asignación Manual;73874090;JAL;Zacatecas;Zacatecas;Zacatecas;2026;Ene;12
GDL;NO;Asignación Manual;73874389;JAL;Zacatecas;Guadalupe;Guadalupe;2026;Ene;12
GDL;NO;Asignación Manual;73874409;JAL;Aguascalientes;Jesús María;Jesús María;2026;Ene;12
GDL;NO;Asignación Manual;73874532;JAL;Nayarit;Tepic;Tepic;2026;Ene;12
GDL;NO;Asignación Manual;73875255;JAL;Michoacán;Santa Clara;Sta. Clara;2026;Ene;13
GDL;NO;Asignación Manual;73875426;JAL;Jalisco;Tepatitlán de Morelos;Tepatitlán d Morelos;2026;Ene;14
GDL;NO;Asignación Manual;73875432;JAL;Jalisco;Tepatitlán de Morelos;Tepatitlán d Morelos;2026;Ene;15
GDL;NO;Asignación Manual;73881001;JAL;Jalisco;Acatic;Acatic;2026;Ene;14
GDL;NO;Asignación Manual;73881394;JAL;Colima;Tecomán;Tecomán;2026;Ene;13
GDL;NO;Asignación Manual;73881713;JAL;Colima;Colima;Colima;2026;Ene;14
GDL;NO;Asignación Manual;73881713;JAL;Colima;Villa de Álvarez;Villa de Álvarez;2026;Ene;14
GDL;NO;Asignación Manual;73882879;JAL;Jalisco;Ocotlán;Ocotlán;2026;Ene;13
GDL;NO;Asignación Manual;73882894;JAL;Jalisco;Ocotlán;Ocotlán;2026;Ene;13
GDL;NO;Asignación Manual;73883519;JAL;Jalisco;Ocotlán;Ocotlán;2026;Ene;14
GDL;NO;Asignación Manual;73884226;JAL;Jalisco;San Juan de los Lagos;S. Juan de los Lagos;2026;Ene;17
GDL;NO;Asignación Manual;73884608;JAL;Jalisco;El Salto;El Salto;2026;Ene;14
GDL;NO;Asignación Manual;73888877;JAL;Aguascalientes;Aguascalientes;Aguascalientes;2026;Ene;14
GDL;NO;Asignación Manual;73889388;JAL;Aguascalientes;Jesús María;Jesús María;2026;Ene;17
GDL;NO;Asignación Manual;73889388;JAL;Zacatecas;Guadalupe;Guadalupe;2026;Ene;17
GDL;NO;Asignación Manual;73890491;JAL;Jalisco;Ocotlán;Ocotlán;2026;Ene;14
GDL;NO;Asignación Manual;73890498;JAL;Guanajuato;Salamanca;Salamanca;2026;Ene;14
GDL;NO;Asignación Manual;73891303;JAL;Michoacán;Ecuandureo;Ecuandureo;2026;Ene;14
GDL;NO;Asignación Manual;73897008;JAL;Nayarit;Tepic;Tepic;2026;Ene;15
GDL;NO;Asignación Manual;73897042;JAL;Michoacán;Morelia;Morelia;2026;Ene;15
GDL;NO;Asignación Manual;73898981;JAL;Michoacán;Ecuandureo;Ecuandureo;2026;Ene;15
GDL;NO;Asignación Manual;73900375;JAL;Jalisco;Acatlán;Acatlán de Juárez;2026;Ene;16
GDL;NO;Asignación Manual;73900385;JAL;Michoacán;Ecuandureo;Ecuandureo;2026;Ene;17
GDL;NO;Asignación Manual;73907662;JAL;Nayarit;Bahia de Banderas;Bahia de Banderas;2026;Ene;23
GDL;NO;Asignación Manual;73907677;JAL;Colima;Tecomán;Tecomán;2026;Ene;16
GDL;NO;Asignación Manual;73907883;JAL;Nayarit;Tepic;Tepic;2026;Ene;16
GDL;NO;Asignación Manual;73909432;JAL;Jalisco;Ocotlán;Ocotlán;2026;Ene;16
GDL;NO;Asignación Manual;73909529;JAL;Zacatecas;Zacatecas;Zacatecas;2026;Ene;20
GDL;NO;Asignación Manual;73909856;JAL;Jalisco;Ocotlán;Ocotlán;2026;Ene;19
GDL;NO;Asignación Manual;73909867;JAL;Jalisco;Ocotlán;Ocotlán;2026;Ene;19
GDL;NO;Asignación Manual;73910324;JAL;Michoacán;Puruandiro;Puruandiro;2026;Ene;19
GDL;NO;Asignación Manual;73913284;JAL;Aguascalientes;Aguascalientes;Aguascalientes;2026;Ene;17
GDL;NO;Asignación Manual;73914828;JAL;Aguascalientes;San Francisco de los Romo;San Fsco de los Romo;2026;Ene;21
GDL;NO;Asignación Manual;73915097;JAL;Guanajuato;San Miguel de Allende;San Miguel de Allend;2026;Ene;30
GDL;NO;Asignación Manual;73925057;JAL;Nayarit;Xalisco;XALISCO, NAY.;2026;Ene;19
GDL;NO;Asignación Manual;73925250;JAL;Nayarit;Tepic;Tepic;2026;Ene;19
GDL;NO;Asignación Manual;73926084;JAL;Aguascalientes;Aguascalientes;Aguascalientes;2026;Ene;19
GDL;NO;Asignación Manual;73926176;JAL;Jalisco;Ocotlán;Ocotlán;2026;Ene;19
GDL;NO;Asignación Manual;73926385;JAL;Jalisco;Acatlán;Acatlán de Juárez;2026;Ene;21
GDL;NO;Asignación Manual;73926904;JAL;Aguascalientes;San Francisco de los Romo;San Fsco de los Romo;2026;Ene;19
GDL;NO;Asignación Manual;73927553;JAL;Aguascalientes;Aguascalientes;Aguascalientes;2026;Ene;23
GDL;NO;Asignación Manual;73927553;JAL;Zacatecas;Tlatenango;Tlatenango;2026;Ene;23
GDL;NO;Asignación Manual;73930567;JAL;Zacatecas;Guadalupe;Guadalupe;2026;Ene;21
GDL;NO;Asignación Manual;73930567;JAL;Zacatecas;Zacatecas;Zacatecas;2026;Ene;21
GDL;NO;Asignación Manual;73930779;JAL;Nayarit;Tepic;Tepic;2026;Ene;20
GDL;NO;Asignación Manual;73930986;JAL;Nayarit;Tepic;Tepic;2026;Ene;20
GDL;NO;Asignación Manual;73930991;JAL;Nayarit;Tepic;Tepic;2026;Ene;20
GDL;NO;Asignación Manual;73931370;JAL;Aguascalientes;Aguascalientes;Aguascalientes;2026;Ene;20
GDL;NO;Asignación Manual;73931839;JAL;Guanajuato;León;León;2026;Ene;20
GDL;NO;Asignación Manual;73932671;JAL;Colima;Tecomán;Tecomán;2026;Ene;20
GDL;NO;Asignación Manual;73932684;JAL;Colima;Tecomán;Tecomán;2026;Ene;22
GDL;NO;Asignación Manual;73932802;JAL;Jalisco;El Salto;El Salto;2026;Ene;22
GDL;NO;Asignación Manual;73932806;JAL;Guerrero;Zihuatanejo;Zihuatanejo;2026;Ene;27
GDL;NO;Asignación Manual;73932806;JAL;Michoacán;Lázaro Cárdenas;Lazaro Cárdenas;2026;Ene;27
GDL;NO;Asignación Manual;73932823;JAL;Guanajuato;León;León;2026;Ene;22
GDL;NO;Asignación Manual;73932828;JAL;Aguascalientes;San Francisco de los Romo;San Fsco de los Romo;2026;Ene;24
GDL;NO;Asignación Manual;73932844;JAL;Guanajuato;Salvatierra;Salvatierra;2026;Ene;22
GDL;NO;Asignación Manual;73932906;JAL;Nayarit;Tepic;Tepic;2026;Ene;21
GDL;NO;Asignación Manual;73932958;JAL;Jalisco;Tequila;Tequila;2026;Ene;22
GDL;NO;Asignación Manual;73932964;JAL;Nayarit;Tepic;Tepic;2026;Ene;22
GDL;NO;Asignación Manual;73932968;JAL;Nayarit;Tepic;Tepic;2026;Ene;22
GDL;NO;Asignación Manual;73932971;JAL;Nayarit;Tepic;Tepic;2026;Ene;27
GDL;NO;Asignación Manual;73933060;JAL;Jalisco;Puerto Vallarta;Puerto Vallarta;2026;Ene;22
GDL;NO;Asignación Manual;73933074;JAL;Jalisco;Puerto Vallarta;Puerto Vallarta;2026;Ene;24
GDL;NO;Asignación Manual;73933110;JAL;Nayarit;Bucerías;Bucerías;2026;Ene;27
GDL;NO;Asignación Manual;73936786;JAL;Jalisco;Tepatitlán de Morelos;Tepatitlán d Morelos;2026;Ene;21
GDL;NO;Asignación Manual;73939009;JAL;Jalisco;El Salto;El Salto;2026;Ene;22
GDL;NO;Asignación Manual;73939430;JAL;Michoacán;Ecuandureo;Ecuandureo;2026;Ene;22
GDL;NO;Asignación Manual;73942912;JAL;Jalisco;Tepatitlán de Morelos;Tepatitlán d Morelos;2026;Ene;22
GDL;NO;Asignación Manual;73943461;JAL;Nayarit;Tepic;Tepic;2026;Ene;22
GDL;NO;Asignación Manual;73943700;JAL;Nayarit;Tepic;Tepic;2026;Ene;22
GDL;NO;Asignación Manual;73944854;JAL;Jalisco;El Salto;El Salto;2026;Ene;26
GDL;NO;Asignación Manual;73948700;JAL;Jalisco;Tepatitlán de Morelos;Tepatitlán d Morelos;2026;Ene;24
GDL;NO;Asignación Manual;73948708;JAL;Nayarit;Tepic;Tepic;2026;Ene;23
GDL;NO;Asignación Manual;73949104;JAL;Nayarit;Tepic;Tepic;2026;Ene;23
GDL;NO;Asignación Manual;73949214;JAL;Jalisco;El Salto;El Salto;2026;Ene;23
GDL;NO;Asignación Manual;73949252;JAL;Jalisco;Ocotlán;Ocotlán;2026;Ene;23
GDL;NO;Asignación Manual;73951830;JAL;Michoacán;Morelia;Morelia;2026;Ene;24
GDL;NO;Asignación Manual;73951857;JAL;Colima;Tecomán;Tecomán;2026;Ene;24
GDL;NO;Asignación Manual;73952063;JAL;Michoacán;Ecuandureo;Ecuandureo;2026;Ene;24
GDL;NO;Asignación Manual;73952076;JAL;Nayarit;Tepic;Tepic;2026;Ene;24
GDL;NO;Asignación Manual;73954477;JAL;Nayarit;Tepic;Tepic;2026;Ene;24
GDL;NO;Asignación Manual;73954486;JAL;Michoacán;Puruandiro;Puruandiro;2026;Ene;24
GDL;NO;Asignación Manual;73954493;JAL;Michoacán;La Piedad;La Piedad;2026;Ene;24
GDL;NO;Asignación Manual;73955366;JAL;Michoacán;Ecuandureo;Ecuandureo;2026;Ene;24
GDL;NO;Asignación Manual;73955738;JAL;Jalisco;Ocotlán;Ocotlán;2026;Ene;24
GDL;NO;Asignación Manual;73955972;JAL;Jalisco;Ciudad Guzmán;Ciudad Guzmán;2026;Ene;27
GDL;NO;Asignación Manual;73955979;JAL;Jalisco;Acatlán;Acatlán de Juárez;2026;Ene;27
GDL;NO;Asignación Manual;73955984;JAL;Michoacán;La Piedad;La Piedad;2026;Ene;26
GDL;NO;Asignación Manual;73964188;JAL;Jalisco;El Salto;El Salto;2026;Ene;26
GDL;NO;Asignación Manual;73964366;JAL;Guanajuato;Uriangato;Uriangato;2026;Ene;27
GDL;NO;Asignación Manual;73964379;JAL;Guanajuato;León;León;2026;Ene;27
GDL;NO;Asignación Manual;73964900;JAL;Jalisco;Tonila;Tonila;2026;Ene;26
GDL;NO;Asignación Manual;73965898;JAL;Guanajuato;León;León;2026;Ene;26
GDL;NO;Asignación Manual;73969898;JAL;Nayarit;Tepic;Tepic;2026;Ene;27
GDL;NO;Asignación Manual;73969933;JAL;Jalisco;Tepatitlán de Morelos;Tepatitlán d Morelos;2026;Ene;27
GDL;NO;Asignación Manual;73970002;JAL;Aguascalientes;Aguascalientes;Aguascalientes;2026;Ene;28
GDL;NO;Asignación Manual;73970002;JAL;Aguascalientes;Jesús María;Jesús María;2026;Ene;28
GDL;NO;Asignación Manual;73970392;JAL;Jalisco;Ameca;Ameca;2026;Ene;29
GDL;NO;Asignación Manual;73971051;JAL;Colima;Colima;Colima;2026;Ene;28
GDL;NO;Asignación Manual;73971051;JAL;Colima;Villa de Álvarez;Villa de Álvarez;2026;Ene;28
GDL;NO;Asignación Manual;73971437;JAL;Jalisco;Tamazula de Gordiano;Tamazula de Gordiano;2026;Ene;28
GDL;NO;Asignación Manual;73974984;JAL;Nayarit;Tepic;Tepic;2026;Ene;28
GDL;NO;Asignación Manual;73975390;JAL;Aguascalientes;Aguascalientes;Aguascalientes;2026;Ene;29
GDL;NO;Asignación Manual;73976083;JAL;Jalisco;El Salto;El Salto;2026;Ene;28
GDL;NO;Asignación Manual;73976961;JAL;Jalisco;Ocotlán;Ocotlán;2026;Ene;29
GDL;NO;Asignación Manual;73976995;JAL;Michoacán;Morelia;Morelia;2026;Ene;28
GDL;NO;Asignación Manual;73980144;JAL;Jalisco;El Salto;El Salto;2026;Ene;29
GDL;NO;Asignación Manual;73980401;JAL;Nayarit;Tepic;Tepic;2026;Ene;29
GDL;NO;Asignación Manual;73980431;JAL;Colima;Villa de Álvarez;Villa de Álvarez;2026;Ene;29
GDL;NO;Asignación Manual;73981063;JAL;Guanajuato;Salvatierra;Salvatierra;2026;Ene;29
GDL;NO;Asignación Manual;73981579;JAL;Aguascalientes;Aguascalientes;Aguascalientes;2026;Ene;29
GDL;NO;Asignación Manual;73981775;JAL;Nayarit;Tepic;Tepic;2026;Ene;31
GDL;NO;Asignación Manual;73982261;JAL;Zacatecas;Guadalupe;Guadalupe;2026;Ene;30
GDL;NO;Asignación Manual;73986364;JAL;Jalisco;El Salto;El Salto;2026;Ene;31
GDL;NO;Asignación Manual;73986874;JAL;Aguascalientes;Aguascalientes;Aguascalientes;2026;Ene;30
GDL;NO;Asignación Manual;73986882;JAL;Guanajuato;Celaya;Celaya;2026;Ene;30
GDL;NO;Asignación Manual;73986891;JAL;Guanajuato;Irapuato;Irapuato;2026;Feb;5
GDL;NO;Asignación Manual;73987978;JAL;Jalisco;Tamazula de Gordiano;Tamazula de Gordiano;2026;Ene;31
GDL;NO;Asignación Manual;73988095;JAL;Jalisco;Ocotlán;Ocotlán;2026;Ene;31
GDL;NO;Asignación Manual;73988137;JAL;Jalisco;Ocotlán;Ocotlán;2026;Ene;31
GDL;NO;Asignación Manual;73988455;JAL;Jalisco;Tamazula de Gordiano;Tamazula de Gordiano;2026;Ene;31
GDL;NO;Asignación Manual;73991086;JAL;Nayarit;Tepic;Tepic;2026;Ene;31
GDL;NO;Asignación Manual;73991095;JAL;Jalisco;Tepatitlán de Morelos;Tepatitlán d Morelos;2026;Ene;31
GDL;NO;Asignación Manual;74008623;JAL;Aguascalientes;Aguascalientes;Aguascalientes;2026;Feb;3
GDL;NO;Asignación Manual;74008623;JAL;Zacatecas;Guadalupe;Guadalupe;2026;Feb;3
GDL;NO;Asignación Manual;74010218;JAL;Jalisco;Ciudad Guzmán;Ciudad Guzmán;2026;Feb;3
GDL;NO;Asignación Manual;74010226;JAL;Jalisco;El Salto;El Salto;2026;Feb;3
GDL;NO;Asignación Manual;74010776;JAL;Michoacán;Patzcuaro;Patzcuaro;2026;Feb;6
GDL;NO;Asignación Manual;74010966;JAL;Jalisco;El Salto;El Salto;2026;Feb;3
GDL;NO;Asignación Manual;74012096;JAL;Michoacán;Zamora;Zamora;2026;Feb;4
GDL;NO;Asignación Manual;74015636;JAL;Nayarit;Tepic;Tepic;2026;Feb;4
GDL;NO;Asignación Manual;74015643;JAL;Nayarit;Bucerías;Bucerías;2026;Feb;4
GDL;NO;Asignación Manual;74016241;JAL;Jalisco;El Salto;El Salto;2026;Feb;4
GDL;NO;Asignación Manual;74016281;JAL;Michoacán;La Piedad;La Piedad;2026;Feb;4
GDL;NO;Asignación Manual;74016782;JAL;Colima;Colima;Colima;2026;Feb;5
GDL;NO;Asignación Manual;74017018;JAL;Colima;Tecomán;Tecomán;2026;Feb;4
GDL;NO;Asignación Manual;74017078;JAL;Jalisco;Tonila;Tonila;2026;Feb;4
GDL;NO;Asignación Manual;74018681;JAL;Jalisco;Puerto Vallarta;Puerto Vallarta;2026;Feb;6
GDL;NO;Asignación Manual;74018681;JAL;Nayarit;Tepic;Tepic;2026;Feb;6
GDL;NO;Asignación Manual;74018716;JAL;Nayarit;Tepic;Tepic;2026;Feb;5
GDL;NO;Asignación Manual;74018815;JAL;Michoacán;Zamora;Zamora;2026;Feb;6
GDL;NO;Asignación Manual;74023225;JAL;Jalisco;Ocotlán;Ocotlán;2026;Feb;5
GDL;NO;Asignación Manual;74023255;JAL;Michoacán;Morelia;Morelia;2026;Feb;5
GDL;NO;Asignación Manual;74023258;JAL;Michoacán;Morelia;Morelia;2026;Feb;9
GDL;NO;Asignación Manual;74023454;JAL;Jalisco;Ocotlán;Ocotlán;2026;Feb;5
GDL;NO;Asignación Manual;74024127;JAL;Jalisco;Ocotlán;Ocotlán;2026;Feb;5
GDL;NO;Asignación Manual;74025926;JAL;Aguascalientes;Aguascalientes;Aguascalientes;2026;Feb;6
GDL;NO;Asignación Manual;74025926;JAL;Zacatecas;Fresnillo;Fresnillo;2026;Feb;6
GDL;NO;Asignación Manual;74025954;JAL;Jalisco;Ocotlán;Ocotlán;2026;Feb;6
GDL;NO;Asignación Manual;74025970;JAL;Jalisco;Ocotlán;Ocotlán;2026;Feb;9
GDL;NO;Asignación Manual;74025976;JAL;Aguascalientes;Aguascalientes;Aguascalientes;2026;Feb;10
GDL;NO;Asignación Manual;74031287;JAL;Jalisco;Tepatitlán de Morelos;Tepatitlán d Morelos;2026;Feb;6
GDL;NO;Asignación Manual;74031295;JAL;Jalisco;Tepatitlán de Morelos;Tepatitlán d Morelos;2026;Feb;6
GDL;NO;Asignación Manual;74033209;JAL;Guanajuato;León;León;2026;Feb;9
GDL;NO;Asignación Manual;74033410;JAL;Nayarit;Tepic;Tepic;2026;Feb;9
GDL;NO;Asignación Manual;74033486;JAL;Jalisco;Tepatitlán de Morelos;Tepatitlán d Morelos;2026;Feb;9
GDL;NO;Asignación Manual;74033605;JAL;Guanajuato;Salvatierra;Salvatierra;2026;Feb;10
GDL;NO;Asignación Manual;74049401;JAL;Michoacán;Ecuandureo;Ecuandureo;2026;Feb;9
GDL;NO;Asignación Manual;74049405;JAL;Michoacán;Puruandiro;Puruandiro;2026;Feb;10
GDL;NO;Asignación Manual;74049408;JAL;Guanajuato;Uriangato;Uriangato;2026;Feb;11
GDL;NO;Asignación Manual;74050674;JAL;Jalisco;El Salto;El Salto;2026;Feb;9
GDL;NO;Asignación Manual;74050716;JAL;Jalisco;El Salto;El Salto;2026;Feb;9
GDL;NO;Asignación Manual;74050724;JAL;Guanajuato;León;León;2026;Feb;9
GDL;NO;Asignación Manual;74050955;JAL;Guanajuato;León;León;2026;Feb;12
GDL;NO;Asignación Manual;74051400;JAL;Jalisco;El Salto;El Salto;2026;Feb;10
GDL;NO;Asignación Manual;74051823;JAL;Jalisco;El Salto;El Salto;2026;Feb;9
GDL;NO;Asignación Manual;74054774;JAL;Michoacán;Ecuandureo;Ecuandureo;2026;Feb;10
GDL;NO;Asignación Manual;74054790;JAL;Michoacán;Ecuandureo;Ecuandureo;2026;Feb;10
GDL;NO;Asignación Manual;74055222;JAL;Jalisco;El Salto;El Salto;2026;Feb;10
GDL;NO;Asignación Manual;74055391;JAL;Jalisco;Ocotlán;Ocotlán;2026;Feb;11
GDL;NO;Asignación Manual;74055569;JAL;Jalisco;El Salto;El Salto;2026;Feb;11
GDL;NO;Asignación Manual;74055791;JAL;Jalisco;Ocotlán;Ocotlán;2026;Feb;10
GDL;NO;Asignación Manual;74055833;JAL;Nayarit;Tepic;Tepic;2026;Feb;10
GDL;NO;Asignación Manual;74055952;JAL;Jalisco;Tepatitlán de Morelos;Tepatitlán d Morelos;2026;Feb;10
GDL;NO;Asignación Manual;74056281;JAL;Michoacán;Morelia;Morelia;2026;Feb;10
GDL;NO;Asignación Manual;74056471;JAL;Guanajuato;León;León;2026;Feb;11
GDL;NO;Asignación Manual;74056494;JAL;Jalisco;Tepatitlán de Morelos;Tepatitlán d Morelos;2026;Feb;12
GDL;NO;Asignación Manual;74056511;JAL;Jalisco;Tepatitlán de Morelos;Tepatitlán d Morelos;2026;Feb;11
GDL;NO;Asignación Manual;74056512;JAL;Michoacán;Morelia;Morelia;2026;Feb;11
GDL;NO;Asignación Manual;74061199;JAL;Jalisco;El Salto;El Salto;2026;Feb;11
GDL;NO;Asignación Manual;74061201;JAL;Jalisco;El Salto;El Salto;2026;Feb;11
GDL;NO;Asignación Manual;74061211;JAL;Jalisco;El Salto;El Salto;2026;Feb;11
GDL;NO;Asignación Manual;74061338;JAL;Colima;Tecomán;Tecomán;2026;Feb;11
GDL;NO;Asignación Manual;74061347;JAL;Jalisco;Tepatitlán de Morelos;Tepatitlán d Morelos;2026;Feb;11
GDL;NO;Asignación Manual;74061379;JAL;Michoacán;Gabriel Zamora;Gabriel Zamora;2026;Feb;11
GDL;NO;Asignación Manual;74061448;JAL;Jalisco;El Salto;El Salto;2026;Feb;13
GDL;NO;Asignación Manual;74061450;JAL;Jalisco;El Salto;El Salto;2026;Feb;12
GDL;NO;Asignación Manual;74062360;JAL;Michoacán;Jacona;Jacona;2026;Feb;12
GDL;NO;Asignación Manual;74062864;JAL;Nayarit;Tepic;Tepic;2026;Feb;11
GDL;NO;Asignación Manual;74066329;JAL;Jalisco;Ocotlán;Ocotlán;2026;Feb;12
GDL;NO;Asignación Manual;74066338;JAL;Jalisco;Ocotlán;Ocotlán;2026;Feb;12
GDL;NO;Asignación Manual;74066355;JAL;Jalisco;Ocotlán;Ocotlán;2026;Feb;12
GDL;NO;Asignación Manual;74066404;JAL;Jalisco;Tonila;Tonila;2026;Feb;12
GDL;NO;Asignación Manual;74066887;JAL;Guanajuato;León;León;2026;Feb;12
GDL;NO;Asignación Manual;74066896;JAL;Guanajuato;León;León;2026;Feb;16
GDL;NO;Asignación Manual;74067001;JAL;Michoacán;Gabriel Zamora;Gabriel Zamora;2026;Feb;13
GDL;NO;Asignación Manual;74067031;JAL;Michoacán;La Piedad;La Piedad;2026;Feb;12
GDL;NO;Asignación Manual;74067102;JAL;Michoacán;Puruandiro;Puruandiro;2026;Feb;13
GDL;NO;Asignación Manual;74067182;JAL;Guanajuato;Irapuato;Irapuato;2026;Feb;13
GDL;NO;Asignación Manual;74067808;JAL;Jalisco;Ocotlán;Ocotlán;2026;Feb;12
GDL;NO;Asignación Manual;74067888;JAL;Jalisco;Ocotlán;Ocotlán;2026;Feb;12
GDL;NO;Asignación Manual;74068284;JAL;Jalisco;Ocotlán;Ocotlán;2026;Feb;13
GDL;NO;Asignación Manual;74072282;JAL;Aguascalientes;Aguascalientes;Aguascalientes;2026;Feb;13
GDL;NO;Asignación Manual;74072304;JAL;Colima;Colima;Colima;2026;Feb;13
GDL;NO;Asignación Manual;74072320;JAL;Nayarit;Tepic;Tepic;2026;Feb;13
GDL;NO;Asignación Manual;74073124;JAL;Aguascalientes;Aguascalientes;Aguascalientes;2026;Feb;16
GDL;NO;Asignación Manual;74073349;JAL;Michoacán;Morelia;Morelia;2026;Feb;13
GDL;NO;Asignación Manual;74073629;JAL;Colima;Villa de Álvarez;Villa de Álvarez;2026;Feb;13
GDL;NO;Asignación Manual;74074652;JAL;Colima;Tecomán;Tecomán;2026;Feb;19
GDL;NO;Asignación Manual;74089973;JAL;Nayarit;Tepic;Tepic;2026;Feb;16
GDL;NO;Asignación Manual;74089991;JAL;Michoacán;Morelia;Morelia;2026;Feb;16
GDL;NO;Asignación Manual;74090000;JAL;Nayarit;Xalisco;XALISCO, NAY.;2026;Feb;16
GDL;NO;Asignación Manual;74090570;JAL;Guanajuato;Uriangato;Uriangato;2026;Feb;17
GDL;NO;Asignación Manual;74090956;JAL;Nayarit;Tepic;Tepic;2026;Feb;17
GDL;NO;Asignación Manual;74096002;JAL;Guanajuato;León;León;2026;Feb;18
GDL;NO;Asignación Manual;74096018;JAL;Guanajuato;León;León;2026;Feb;17
GDL;NO;Asignación Manual;74096096;JAL;Colima;Tecomán;Tecomán;2026;Feb;17
GDL;NO;Asignación Manual;74097012;JAL;Jalisco;Tonila;Tonila;2026;Feb;17
GDL;NO;Asignación Manual;74101871;JAL;Nayarit;Tepic;Tepic;2026;Feb;18
GDL;NO;Asignación Manual;74101893;JAL;Jalisco;Ocotlán;Ocotlán;2026;Feb;17
GDL;NO;Asignación Manual;74102143;JAL;Aguascalientes;Jesús María;Jesús María;2026;Feb;18
GDL;NO;Asignación Manual;74102597;JAL;Guanajuato;León;León;2026;Feb;19
GDL;NO;Asignación Manual;74102602;JAL;Nayarit;Tepic;Tepic;2026;Feb;19
GDL;NO;Asignación Manual;74102603;JAL;Nayarit;Tepic;Tepic;2026;Feb;18
GDL;NO;Asignación Manual;74102653;JAL;Guanajuato;Abasolo;Abasolo;2026;Feb;20
GDL;NO;Asignación Manual;74103875;JAL;Aguascalientes;Aguascalientes;Aguascalientes;2026;Feb;19
GDL;NO;Asignación Manual;74103875;JAL;Aguascalientes;Jesús María;Jesús María;2026;Feb;19
GDL;NO;Asignación Manual;74107329;JAL;Aguascalientes;Aguascalientes;Aguascalientes;2026;Feb;19
GDL;NO;Asignación Manual;74108835;JAL;Jalisco;Ciudad Guzmán;Ciudad Guzmán;2026;Feb;19
GDL;NO;Asignación Manual;74109357;JAL;Colima;Colima;Colima;2026;Feb;19
GDL;NO;Asignación Manual;74109357;JAL;Jalisco;Ciudad Guzmán;Ciudad Guzmán;2026;Feb;19
GDL;NO;Asignación Manual;74109380;JAL;Michoacán;Morelia;Morelia;2026;Feb;19
GDL;NO;Asignación Manual;74113691;JAL;Colima;Tecomán;Tecomán;2026;Feb;19
GDL;NO;Asignación Manual;74113710;JAL;Michoacán;Puruandiro;Puruandiro;2026;Feb;25
GDL;NO;Asignación Manual;74114853;JAL;Jalisco;Acatlán;Acatlán de Juárez;2026;Feb;20
GDL;NO;Asignación Manual;74145953;JAL;Jalisco;Ocotlán;Ocotlán;2026;Feb;25
GDL;NO;Asignación Manual;74145973;JAL;Jalisco;Ocotlán;Ocotlán;2026;Feb;25
GDL;NO;Asignación Manual;74146011;JAL;Guanajuato;Moroleon;Moroleón;2026;Feb;28
GDL;NO;Asignación Manual;74146011;JAL;Guanajuato;Uriangato;Uriangato;2026;Feb;28
GDL;NO;Asignación Manual;74146223;JAL;Aguascalientes;Aguascalientes;Aguascalientes;2026;Feb;25
GDL;NO;Asignación Manual;74146255;JAL;Guanajuato;León;León;2026;Feb;25
GDL;NO;Asignación Manual;74146382;JAL;Nayarit;Tepic;Tepic;2026;Feb;26
GDL;NO;Asignación Manual;74146488;JAL;Jalisco;El Salto;El Salto;2026;Feb;26
GDL;NO;Asignación Manual;74146536;JAL;Jalisco;El Salto;El Salto;2026;Feb;25
GDL;NO;Asignación Manual;74146562;JAL;Guanajuato;Celaya;Celaya;2026;Feb;25
GDL;NO;Asignación Manual;74146568;JAL;Guanajuato;León;León;2026;Feb;26
GDL;NO;Asignación Manual;74147483;JAL;Aguascalientes;Aguascalientes;Aguascalientes;2026;Feb;25
GDL;NO;Asignación Manual;74147764;JAL;Aguascalientes;Jesús María;Jesús María;2026;Feb;25
GDL;NO;Asignación Manual;74148126;JAL;Aguascalientes;Aguascalientes;Aguascalientes;2026;Feb;27
GDL;NO;Asignación Manual;74148841;JAL;Michoacán;Los Reyes;Los Reyes;2026;Feb;26
GDL;NO;Asignación Manual;74148853;JAL;Colima;Tecomán;Tecomán;2026;Feb;27
GDL;NO;Asignación Manual;74148986;JAL;Nayarit;Tepic;Tepic;2026;Feb;27
GDL;NO;Asignación Manual;74152018;JAL;Zacatecas;Guadalupe;Guadalupe;2026;Feb;26
GDL;NO;Asignación Manual;74152073;JAL;Colima;Colima;Colima;2026;Feb;26
GDL;NO;Asignación Manual;74152073;JAL;Colima;Tecomán;Tecomán;2026;Feb;26
GDL;NO;Asignación Manual;74153036;JAL;Jalisco;Acatlán;Acatlán de Juárez;2026;Feb;26
GDL;NO;Asignación Manual;74153040;JAL;Guerrero;Zihuatanejo;Zihuatanejo;2026;Feb;27
GDL;NO;Asignación Manual;74153439;JAL;Jalisco;Puerto Vallarta;Puerto Vallarta;2026;Feb;27
GDL;NO;Asignación Manual;74153439;JAL;Nayarit;Bucerías;Bucerías;2026;Feb;27
GDL;NO;Asignación Manual;74153976;JAL;Guanajuato;Moroleon;Moroleón;2026;Feb;28
GDL;NO;Asignación Manual;74157918;JAL;Zacatecas;Guadalupe;Guadalupe;2026;Feb;27
GDL;NO;Asignación Manual;74157967;JAL;Michoacán;Jacona;Jacona;2026;Feb;27
GDL;NO;Asignación Manual;74157983;JAL;Nayarit;Tepic;Tepic;2026;Feb;27
GDL;NO;Asignación Manual;74158190;JAL;Zacatecas;Guadalupe;Guadalupe;2026;Feb;27
GDL;NO;Asignación Manual;74159093;JAL;Nayarit;Xalisco;XALISCO, NAY.;2026;Feb;28
GDL;NO;Asignación Manual;74159960;JAL;Michoacán;Los Reyes;Los Reyes;2026;Feb;28
GDL;NO;Asignación Manual;74159978;JAL;Michoacán;Los Reyes;Los Reyes;2026;Feb;27
GDL;NO;Asignación Manual;74159991;JAL;Guanajuato;León;León;2026;Feb;27
GDL;NO;Asignación Manual;74160536;JAL;Nayarit;Tepic;Tepic;2026;Feb;28
GDL;NO;Asignación Manual;74160565;JAL;Zacatecas;Guadalupe;Guadalupe;2026;Feb;28
GDL;NO;Asignación Manual;74163683;JAL;Michoacán;Jacona;Jacona;2026;Feb;28
GDL;NO;Asignación Manual;74164508;JAL;Jalisco;Tamazula de Gordiano;Tamazula de Gordiano;2026;Mar;3
GDL;NO;Asignación Manual;74164525;JAL;Nayarit;Bahia de Banderas;Bahia de Banderas;2026;Mar;3
GDL;NO;Asignación Manual;74164525;JAL;Nayarit;Tepic;Tepic;2026;Mar;3
GDL;NO;Asignación Manual;74176314;JAL;Jalisco;Ocotlán;Ocotlán;2026;Mar;3
GDL;NO;Asignación Manual;74176326;JAL;Jalisco;Ocotlán;Ocotlán;2026;Mar;3
GDL;NO;Asignación Manual;74176366;JAL;Zacatecas;Guadalupe;Guadalupe;2026;Mar;3
GDL;NO;Asignación Manual;74176366;JAL;Zacatecas;Zacatecas;Zacatecas;2026;Mar;3
GDL;NO;Asignación Manual;74176380;JAL;Jalisco;El Salto;El Salto;2026;Mar;3
GDL;NO;Asignación Manual;74180520;JAL;Michoacán;Zamora;Zamora;2026;Mar;3
GDL;NO;Asignación Manual;74180580;JAL;Aguascalientes;Aguascalientes;Aguascalientes;2026;Mar;3
GDL;NO;Asignación Manual;74180580;JAL;Aguascalientes;Jesús María;Jesús María;2026;Mar;3
GDL;NO;Asignación Manual;74182063;JAL;Zacatecas;Fresnillo;Fresnillo;2026;Mar;3
GDL;NO;Asignación Manual;74186082;JAL;Michoacán;Zamora;Zamora;2026;Mar;4
GDL;NO;Asignación Manual;74187802;JAL;Colima;Villa de Álvarez;Villa de Álvarez;2026;Mar;4
GDL;NO;Asignación Manual;74187802;JAL;Jalisco;Ciudad Guzmán;Ciudad Guzmán;2026;Mar;4
GDL;NO;Asignación Manual;74188525;JAL;Jalisco;Tamazula de Gordiano;Tamazula de Gordiano;2026;Mar;5
GDL;NO;Asignación Manual;74191698;JAL;Aguascalientes;Aguascalientes;Aguascalientes;2026;Mar;5
GDL;NO;Asignación Manual;74191918;JAL;Aguascalientes;Aguascalientes;Aguascalientes;2026;Mar;5
GDL;NO;Asignación Manual;74193602;JAL;Jalisco;Arandas;Arandas;2026;Mar;6
GDL;NO;Asignación Manual;74193731;JAL;Jalisco;Autlán;Autlán;2026;Mar;9
GDL;NO;Asignación Manual;74193800;JAL;Jalisco;Ciudad Guzmán;Ciudad Guzmán;2026;Mar;6
GDL;NO;Asignación Manual;74196823;JAL;Aguascalientes;Aguascalientes;Aguascalientes;2026;Mar;3
GDL;NO;Asignación Manual;74196823;JAL;Zacatecas;Zacatecas;Zacatecas;2026;Mar;3
GDL;NO;Asignación Manual;74196903;JAL;Jalisco;Tepatitlán de Morelos;Tepatitlán d Morelos;2026;Mar;9
GDL;NO;Asignación Manual;74198411;JAL;Michoacán;Morelia;Morelia;2026;Mar;9
GDL;NO;Asignación Manual;74198434;JAL;Jalisco;San Juan de los Lagos;S. Juan de los Lagos;2026;Mar;6
GDL;NO;Asignación Manual;74199046;JAL;Jalisco;Ocotlán;Ocotlán;2026;Mar;9
GDL;NO;Asignación Manual;74202256;JAL;Jalisco;Ocotlán;Ocotlán;2026;Mar;9
GDL;NO;Asignación Manual;74203046;JAL;Colima;Colima;Colima;2026;Mar;9
GDL;NO;Asignación Manual;74203046;JAL;Colima;Villa de Álvarez;Villa de Álvarez;2026;Mar;9
GDL;NO;Asignación Manual;74203075;JAL;Guerrero;Zihuatanejo;Zihuatanejo;2026;Mar;13
GDL;NO;Asignación Manual;74203075;JAL;Michoacán;Lázaro Cárdenas;Lazaro Cárdenas;2026;Mar;13
GDL;NO;Asignación Manual;74203091;JAL;Nayarit;Bucerías;Bucerías;2026;Mar;11
GDL;NO;Asignación Manual;74213224;JAL;Guanajuato;San Felipe;San Felipe;2026;Mar;11
GDL;NO;Asignación Manual;74213224;JAL;Zacatecas;Guadalupe;Guadalupe;2026;Mar;11
GDL;NO;Asignación Manual;74213224;JAL;Zacatecas;Zacatecas;Zacatecas;2026;Mar;11
GDL;NO;Asignación Manual;74216393;JAL;Zacatecas;Guadalupe;Guadalupe;2026;Mar;10
GDL;NO;Asignación Manual;74216428;JAL;Jalisco;Acatlán;Acatlán de Juárez;2026;Mar;10
GDL;NO;Asignación Manual;74216630;JAL;Colima;Tecomán;Tecomán;2026;Mar;11
GDL;NO;Asignación Manual;74216638;JAL;Jalisco;Tepatitlán de Morelos;Tepatitlán d Morelos;2026;Mar;12
GDL;NO;Asignación Manual;74216714;JAL;Michoacán;Zamora;Zamora;2026;Mar;10
GDL;NO;Asignación Manual;74217727;JAL;Nayarit;Tepic;Tepic;2026;Mar;12
GDL;NO;Asignación Manual;74217816;JAL;Jalisco;El Salto;El Salto;2026;Mar;10
GDL;NO;Asignación Manual;74217843;JAL;Michoacán;Morelia;Morelia;2026;Mar;12
GDL;NO;Asignación Manual;74218380;JAL;Aguascalientes;Aguascalientes;Aguascalientes;2026;Mar;11
GDL;NO;Asignación Manual;74218555;JAL;Jalisco;El Salto;El Salto;2026;Mar;11
GDL;NO;Asignación Manual;74218664;JAL;Zacatecas;Guadalupe;Guadalupe;2026;Mar;11
GDL;NO;Asignación Manual;74222902;JAL;Michoacán;Gabriel Zamora;Gabriel Zamora;2026;Mar;20
GDL;NO;Asignación Manual;74222902;JAL;Michoacán;Santa Clara;Sta. Clara;2026;Mar;20
GDL;NO;Asignación Manual;74223068;JAL;Nayarit;Xalisco;XALISCO, NAY.;2026;Mar;13
GDL;NO;Asignación Manual;74223078;JAL;Jalisco;Ocotlán;Ocotlán;2026;Mar;11
GDL;NO;Asignación Manual;74223103;JAL;Jalisco;Ocotlán;Ocotlán;2026;Mar;11
GDL;NO;Asignación Manual;74223107;JAL;Guanajuato;León;León;2026;Mar;12
GDL;NO;Asignación Manual;74224281;JAL;Jalisco;Ciudad Guzmán;Ciudad Guzmán;2026;Mar;12
GDL;NO;Asignación Manual;74226787;JAL;Aguascalientes;Aguascalientes;Aguascalientes;2026;Mar;12
GDL;NO;Asignación Manual;74226922;JAL;Nayarit;Tepic;Tepic;2026;Mar;13
GDL;NO;Asignación Manual;74227576;JAL;Jalisco;Ocotlán;Ocotlán;2026;Mar;18
GDL;NO;Asignación Manual;74227583;JAL;Colima;Tecomán;Tecomán;2026;Mar;12
GDL;NO;Asignación Manual;74228225;JAL;Jalisco;San Juan de los Lagos;S. Juan de los Lagos;2026;Mar;13
GDL;NO;Asignación Manual;74228940;JAL;Jalisco;Ocotlán;Ocotlán;2026;Mar;13
GDL;NO;Asignación Manual;74229192;JAL;Aguascalientes;Aguascalientes;Aguascalientes;2026;Mar;14
GDL;NO;Asignación Manual;74229233;JAL;Jalisco;Tepatitlán de Morelos;Tepatitlán d Morelos;2026;Mar;13
GDL;NO;Asignación Manual;74232554;JAL;Aguascalientes;Aguascalientes;Aguascalientes;2026;Mar;17
GDL;NO;Asignación Manual;74234721;JAL;Aguascalientes;Aguascalientes;Aguascalientes;2026;Mar;18
GDL;NO;Asignación Manual;74234737;JAL;Michoacán;Jacona;Jacona;2026;Mar;14
GDL;NO;Asignación Manual;74237086;JAL;Michoacán;Jacona;Jacona;2026;Mar;14
GDL;NO;Asignación Manual;74237105;JAL;Zacatecas;Jalpa;Jalpa;2026;Mar;14
GDL;NO;Asignación Manual;74237113;JAL;Michoacán;Jacona;Jacona;2026;Mar;19
GDL;NO;Asignación Manual;74237183;JAL;Michoacán;Apatzingan;Apatzingan;2026;Mar;18
GDL;NO;Asignación Manual;74237197;JAL;Michoacán;Apatzingan;Apatzingan;2026;Mar;14
GDL;NO;Asignación Manual;74237223;JAL;Nayarit;Tepic;Tepic;2026;Mar;14
GDL;NO;Asignación Manual;74237929;JAL;Jalisco;Ocotlán;Ocotlán;2026;Mar;18
GDL;NO;Asignación Manual;74237942;JAL;Jalisco;El Salto;El Salto;2026;Mar;17
GDL;NO;Asignación Manual;74237957;JAL;Michoacán;Morelia;Morelia;2026;Mar;18
GDL;NO;Asignación Manual;74238080;JAL;Jalisco;Tepatitlán de Morelos;Tepatitlán d Morelos;2026;Mar;18
GDL;NO;Asignación Manual;74238112;JAL;Jalisco;San Juan de los Lagos;S. Juan de los Lagos;2026;Mar;18
GDL;NO;Asignación Manual;74251954;JAL;Guanajuato;Moroleon;Moroleón;2026;Mar;19
GDL;NO;Asignación Manual;74252427;JAL;Aguascalientes;Aguascalientes;Aguascalientes;2026;Mar;18
GDL;NO;Asignación Manual;74252757;JAL;Michoacán;Tangancícuaro;Tanzanzicuaro;2026;Mar;18
GDL;NO;Asignación Manual;74253338;JAL;Michoacán;Tangancícuaro;Tanzanzicuaro;2026;Mar;18
GDL;NO;Asignación Manual;74253359;JAL;Jalisco;El Salto;El Salto;2026;Mar;17
GDL;NO;Asignación Manual;74257766;JAL;Michoacán;Puruandiro;Puruandiro;2026;Mar;21
GDL;NO;Asignación Manual;74257780;JAL;Nayarit;Tepic;Tepic;2026;Mar;18
GDL;NO;Asignación Manual;74257786;JAL;Colima;Tecomán;Tecomán;2026;Mar;18
GDL;NO;Asignación Manual;74257809;JAL;Jalisco;Lagos de Moreno;Lagos de Moreno;2026;Mar;18
GDL;NO;Asignación Manual;74257809;JAL;Jalisco;Tepatitlán de Morelos;Tepatitlán d Morelos;2026;Mar;18
GDL;NO;Asignación Manual;74257861;JAL;Jalisco;Autlán;Autlán;2026;Mar;18
GDL;NO;Asignación Manual;74257868;JAL;Colima;Colima;Colima;2026;Mar;18
GDL;NO;Asignación Manual;74257879;JAL;Colima;Colima;Colima;2026;Mar;19
GDL;NO;Asignación Manual;74257990;JAL;Jalisco;El Salto;El Salto;2026;Mar;19
GDL;NO;Asignación Manual;74258440;JAL;Jalisco;San Juan de los Lagos;S. Juan de los Lagos;2026;Mar;19
GDL;NO;Asignación Manual;74258453;JAL;Guanajuato;Irapuato;Irapuato;2026;Mar;19
GDL;NO;Asignación Manual;74258459;JAL;Aguascalientes;San Francisco de los Romo;San Fsco de los Romo;2026;Mar;19
GDL;NO;Asignación Manual;74259155;JAL;Jalisco;Ocotlán;Ocotlán;2026;Mar;20
GDL;NO;Asignación Manual;74261551;JAL;Nayarit;Tepic;Tepic;2026;Mar;19
GDL;NO;Asignación Manual;74261667;JAL;Guanajuato;Cerano;CERANO, GTO.;2026;Mar;20
GDL;NO;Asignación Manual;74261736;JAL;Colima;Colima;Colima;2026;Mar;20
GDL;NO;Asignación Manual;74262985;JAL;Nayarit;Tepic;Tepic;2026;Mar;20
GDL;NO;Asignación Manual;74263530;JAL;Jalisco;Ocotlán;Ocotlán;2026;Mar;21
GDL;NO;Asignación Manual;74263869;JAL;Nayarit;Tepic;Tepic;2026;Mar;20
GDL;NO;Asignación Manual;74267029;JAL;Colima;Colima;Colima;2026;Mar;20
GDL;NO;Asignación Manual;74267119;JAL;Nayarit;Tepic;Tepic;2026;Mar;21
GDL;NO;Asignación Manual;74267863;JAL;Guanajuato;Irapuato;Irapuato;2026;Mar;21
GDL;NO;Asignación Manual;74268205;JAL;Aguascalientes;Aguascalientes;Aguascalientes;2026;Mar;21
GDL;NO;Asignación Manual;74268558;JAL;Colima;Colima;Colima;2026;Mar;21
GDL;NO;Asignación Manual;74268561;JAL;Colima;Colima;Colima;2026;Mar;23
GDL;NO;Asignación Manual;74273548;JAL;Colima;Colima;Colima;2026;Mar;21
GDL;NO;Asignación Manual;74283479;JAL;Guanajuato;Abasolo;Abasolo;2026;Mar;24
GDL;NO;Asignación Manual;74285060;JAL;Guanajuato;León;León;2026;Mar;23
GDL;NO;Asignación Manual;74285060;JAL;Jalisco;Tepatitlán de Morelos;Tepatitlán d Morelos;2026;Mar;23
GDL;NO;Asignación Manual;74285913;JAL;Colima;Villa de Álvarez;Villa de Álvarez;2026;Mar;24
GDL;NO;Asignación Manual;74286438;JAL;Jalisco;El Salto;El Salto;2026;Mar;24
GDL;NO;Asignación Manual;74286874;JAL;Jalisco;El Salto;El Salto;2026;Mar;24
GDL;NO;Asignación Manual;74286891;JAL;Colima;Colima;Colima;2026;Mar;24
GDL;NO;Asignación Manual;74290036;JAL;Guanajuato;León;León;2026;Mar;24
GDL;NO;Asignación Manual;74290892;JAL;Michoacán;Apatzingan;Apatzingan;2026;Mar;25
GDL;NO;Asignación Manual;74290900;JAL;Jalisco;El Salto;El Salto;2026;Mar;24
GDL;NO;Asignación Manual;74291230;JAL;Colima;Colima;Colima;2026;Mar;23
GDL;NO;Asignación Manual;74291461;JAL;Jalisco;El Salto;El Salto;2026;Mar;25
GDL;NO;Asignación Manual;74291462;JAL;Nayarit;Tepic;Tepic;2026;Mar;24
GDL;NO;Asignación Manual;74292521;JAL;Nayarit;Tepic;Tepic;2026;Mar;25
GDL;NO;Asignación Manual;74292521;JAL;Nayarit;Xalisco;XALISCO, NAY.;2026;Mar;25
GDL;NO;Asignación Manual;74292931;JAL;Jalisco;El Salto;El Salto;2026;Mar;26
GDL;NO;Asignación Manual;74296165;JAL;Michoacán;Santa Clara;Sta. Clara;2026;Mar;25
GDL;NO;Asignación Manual;74297132;JAL;Jalisco;Tamazula de Gordiano;Tamazula de Gordiano;2026;Mar;25
GDL;NO;Asignación Manual;74297686;JAL;Michoacán;Acuitzio del Canje;Acuitzio del Canje;2026;Mar;26
GDL;NO;Asignación Manual;74297686;JAL;Michoacán;La Piedad;La Piedad;2026;Mar;26
GDL;NO;Asignación Manual;74297721;JAL;Aguascalientes;Aguascalientes;Aguascalientes;2026;Mar;27
GDL;NO;Asignación Manual;74297721;JAL;Zacatecas;Guadalupe;Guadalupe;2026;Mar;27
GDL;NO;Asignación Manual;74297721;JAL;Zacatecas;Zacatecas;Zacatecas;2026;Mar;27
GDL;NO;Asignación Manual;74297728;JAL;Jalisco;Tamazula de Gordiano;Tamazula de Gordiano;2026;Mar;25
GDL;NO;Asignación Manual;74297730;JAL;Nayarit;Tepic;Tepic;2026;Mar;25
GDL;NO;Asignación Manual;74298203;JAL;Nayarit;Tepic;Tepic;2026;Mar;26
GDL;NO;Asignación Manual;74302609;JAL;Michoacán;La Piedad;La Piedad;2026;Mar;27
GDL;NO;Asignación Manual;74306987;JAL;Michoacán;Morelia;Morelia;2026;Mar;27
GDL;NO;Asignación Manual;74307086;JAL;Guanajuato;León;León;2026;Mar;27
GDL;NO;Asignación Manual;74307516;JAL;Michoacán;Los Reyes;Los Reyes;2026;Mar;27
GDL;NO;Asignación Manual;74307516;JAL;Michoacán;Santa Clara;Sta. Clara;2026;Mar;27
GDL;NO;Asignación Manual;74312152;JAL;Jalisco;El Salto;El Salto;2026;Mar;28
GDL;NO;Asignación Manual;74312419;JAL;Guanajuato;Celaya;Celaya;2026;Mar;28
GDL;NO;Asignación Manual;74312419;JAL;Guanajuato;Irapuato;Irapuato;2026;Mar;28
GDL;NO;Asignación Manual;74312421;JAL;Colima;Tecomán;Tecomán;2026;Mar;30
GDL;NO;Asignación Manual;74313198;JAL;Jalisco;El Salto;El Salto;2026;Mar;28
GDL;NO;Asignación Manual;74313607;JAL;Nayarit;Bucerías;Bucerías;2026;Mar;28
GDL;NO;Asignación Manual;74321065;JAL;Jalisco;Tepatitlán de Morelos;Tepatitlán d Morelos;2026;Mar;30
GDL;NO;Asignación Manual;74322309;JAL;Nayarit;Tepic;Tepic;2026;Abr;1
GDL;NO;Asignación Manual;74322654;JAL;Jalisco;Ocotlán;Ocotlán;2026;Mar;31
GDL;NO;Asignación Manual;74322906;JAL;Colima;Colima;Colima;2026;Mar;30
GDL;NO;Asignación Manual;74322906;JAL;Colima;Tecomán;Tecomán;2026;Mar;30
GDL;NO;Asignación Manual;74322961;JAL;Jalisco;Lagos de Moreno;Lagos de Moreno;2026;Abr;1
GDL;NO;Asignación Manual;74327501;JAL;Jalisco;Ocotlán;Ocotlán;2026;Mar;31
GDL;NO;Asignación Manual;74328102;JAL;Guanajuato;Moroleon;Moroleón;2026;Abr;7
GDL;NO;Asignación Manual;74328102;JAL;Guanajuato;Uriangato;Uriangato;2026;Abr;7
GDL;NO;Asignación Manual;74328680;JAL;Jalisco;Tepatitlán de Morelos;Tepatitlán d Morelos;2026;Mar;31
GDL;NO;Asignación Manual;74333200;JAL;Jalisco;Puerto Vallarta;Puerto Vallarta;2026;Abr;6
GDL;NO;Asignación Manual;74333200;JAL;Nayarit;Bucerías;Bucerías;2026;Abr;6
GDL;NO;Asignación Manual;74339434;JAL;Aguascalientes;Aguascalientes;Aguascalientes;2026;Abr;2
GDL;NO;Asignación Manual;74339437;JAL;Aguascalientes;Aguascalientes;Aguascalientes;2026;Abr;2
GDL;NO;Asignación Manual;74339456;JAL;Aguascalientes;Aguascalientes;Aguascalientes;2026;Abr;8
GDL;NO;Asignación Manual;74340031;JAL;Jalisco;El Salto;El Salto;2026;Abr;1
GDL;NO;Asignación Manual;74364025;JAL;Aguascalientes;Jesús María;Jesús María;2026;Abr;6
GDL;NO;Asignación Manual;74364034;JAL;Aguascalientes;Jesús María;Jesús María;2026;Abr;6
GDL;NO;Asignación Manual;74364073;JAL;Michoacán;Morelia;Morelia;2026;Abr;6
GDL;NO;Asignación Manual;74364106;JAL;Guanajuato;León;León;2026;Abr;6
GDL;NO;Asignación Manual;74364187;JAL;Jalisco;Ameca;Ameca;2026;Abr;7
GDL;NO;Asignación Manual;74364190;JAL;Colima;Manzanillo;Manzanillo;2026;Abr;7
GDL;NO;Asignación Manual;74369927;JAL;Colima;Colima;Colima;2026;Abr;6
GDL;NO;Asignación Manual;74369927;JAL;Colima;Villa de Álvarez;Villa de Álvarez;2026;Abr;6
GDL;NO;Asignación Manual;74369978;JAL;Jalisco;Acatlán;Acatlán de Juárez;2026;Abr;7
GDL;NO;Asignación Manual;74370255;JAL;Nayarit;Tepic;Tepic;2026;Abr;7
GDL;NO;Asignación Manual;74370686;JAL;Guanajuato;León;León;2026;Abr;8
GDL;NO;Asignación Manual;74370689;JAL;Guanajuato;León;León;2026;Abr;7
GDL;NO;Asignación Manual;74371476;JAL;Jalisco;Ciudad Guzmán;Ciudad Guzmán;2026;Abr;7
GDL;NO;Asignación Manual;74371603;JAL;Michoacán;La Piedad;La Piedad;2026;Abr;7
GDL;NO;Asignación Manual;74371660;JAL;Nayarit;Tepic;Tepic;2026;Abr;9
GDL;NO;Asignación Manual;74371683;JAL;Jalisco;Acatlán;Acatlán de Juárez;2026;Abr;8
GDL;NO;Asignación Manual;74371691;JAL;Michoacán;Apatzingan;Apatzingan;2026;Abr;9
GDL;NO;Asignación Manual;74371691;JAL;Michoacán;Santa Clara;Sta. Clara;2026;Abr;9
GDL;NO;Asignación Manual;74371785;JAL;Michoacán;La Piedad;La Piedad;2026;Abr;9
GDL;NO;Asignación Manual;74372214;JAL;Michoacán;Ecuandureo;Ecuandureo;2026;Abr;8
GDL;NO;Asignación Manual;74375951;JAL;Michoacán;La Piedad;La Piedad;2026;Abr;8
GDL;NO;Asignación Manual;74376142;JAL;Jalisco;Tequila;Tequila;2026;Abr;8
GDL;NO;Asignación Manual;74377191;JAL;Michoacán;Apatzingan;Apatzingan;2026;Abr;10
GDL;NO;Asignación Manual;74377191;JAL;Michoacán;Zamora;Zamora;2026;Abr;10
GDL;NO;Asignación Manual;74377256;JAL;Michoacán;Apatzingan;Apatzingan;2026;Abr;8
GDL;NO;Asignación Manual;74377551;JAL;Jalisco;Acatlán;Acatlán de Juárez;2026;Abr;9
GDL;NO;Asignación Manual;74377572;JAL;Aguascalientes;Aguascalientes;Aguascalientes;2026;Abr;9
GDL;NO;Asignación Manual;74377597;JAL;Aguascalientes;Aguascalientes;Aguascalientes;2026;Abr;9
GDL;NO;Asignación Manual;74377600;JAL;Jalisco;Ciudad Guzmán;Ciudad Guzmán;2026;Abr;9
GDL;NO;Asignación Manual;74377620;JAL;Michoacán;Ecuandureo;Ecuandureo;2026;Abr;9
GDL;NO;Asignación Manual;74377670;JAL;Michoacán;Ecuandureo;Ecuandureo;2026;Abr;10
GDL;NO;Asignación Manual;74380832;JAL;Aguascalientes;Aguascalientes;Aguascalientes;2026;Abr;9
GDL;NO;Asignación Manual;74382245;JAL;Jalisco;Tequila;Tequila;2026;Abr;10
GDL;NO;Asignación Manual;74382482;JAL;Guanajuato;Salamanca;Salamanca;2026;Abr;10
GDL;NO;Asignación Manual;74383928;JAL;Zacatecas;Tlatenango;Tlatenango;2026;Abr;14
GDL;NO;Asignación Manual;74383960;JAL;Colima;Colima;Colima;2026;Abr;10
GDL;NO;Asignación Manual;74383964;JAL;Colima;Villa de Álvarez;Villa de Álvarez;2026;Abr;10
GDL;NO;Asignación Manual;74384000;JAL;Guanajuato;León;León;2026;Abr;13
GDL;NO;Asignación Manual;74387259;JAL;Jalisco;Ciudad Guzmán;Ciudad Guzmán;2026;Abr;10
GDL;NO;Asignación Manual;74387303;JAL;Jalisco;Ciudad Guzmán;Ciudad Guzmán;2026;Abr;13
GDL;NO;Asignación Manual;74388308;JAL;Colima;Tecomán;Tecomán;2026;Abr;10
GDL;NO;Asignación Manual;74388315;JAL;Colima;Colima;Colima;2026;Abr;13
GDL;NO;Asignación Manual;74388400;JAL;Michoacán;Zitacuaro;Zitacuaro;2026;Abr;17
GDL;NO;Asignación Manual;74388979;JAL;Michoacán;Puruandiro;Puruandiro;2026;Abr;13
GDL;NO;Asignación Manual;74388985;JAL;Colima;Villa de Álvarez;Villa de Álvarez;2026;Abr;13
GDL;NO;Asignación Manual;74401737;JAL;Michoacán;Morelia;Morelia;2026;Abr;13
GDL;NO;Asignación Manual;74407785;JAL;Michoacán;La Piedad;La Piedad;2026;Abr;14
GDL;NO;Asignación Manual;74407794;JAL;Michoacán;La Piedad;La Piedad;2026;Abr;14
GDL;NO;Asignación Manual;74407903;JAL;Colima;Colima;Colima;2026;Abr;14
GDL;NO;Asignación Manual;74408927;JAL;Aguascalientes;Aguascalientes;Aguascalientes;2026;Abr;15
GDL;NO;Asignación Manual;74409181;JAL;Nayarit;Tepic;Tepic;2026;Abr;15
GDL;NO;Asignación Manual;74409436;JAL;Michoacán;Jacona;Jacona;2026;Abr;15
GDL;NO;Asignación Manual;74414480;JAL;Colima;Colima;Colima;2026;Abr;15
GDL;NO;Asignación Manual;74414480;JAL;Colima;Villa de Álvarez;Villa de Álvarez;2026;Abr;15
GDL;NO;Asignación Manual;74415072;JAL;Guanajuato;Moroleon;Moroleón;2026;Abr;16
GDL;NO;Asignación Manual;74415101;JAL;Michoacán;Ecuandureo;Ecuandureo;2026;Abr;17
GDL;NO;Asignación Manual;74423950;JAL;Jalisco;Ocotlán;Ocotlán;2026;Abr;17
GDL;NO;Asignación Manual;74429745;JAL;Nayarit;Bahia de Banderas;Bahia de Banderas;2026;Abr;20
GDL;NO;Asignación Manual;74429806;JAL;Jalisco;Tecolotlan Jal;Tecolotlan, Jal;2026;Abr;20
GDL;NO;Mayor a 5;74408886;JAL;Michoacán;La Piedad;La Piedad;2026;Abr;16
GDL;NO;Mayor a 5;74408917;JAL;Jalisco;Lagos de Moreno;Lagos de Moreno;2026;Abr;20
GDL;NO;Mayor a 5;74409786;JAL;Jalisco;El Salto;El Salto;2026;Abr;15
GDL;NO;Mayor a 5;74419098;JAL;Colima;Tecomán;Tecomán;2026;Abr;23
GDL;NO;Mayor a 5;74420553;JAL;Nayarit;Tepic;Tepic;2026;Abr;17
GDL;NO;Mayor a 5;74423941;JAL;Jalisco;Ocotlán;Ocotlán;2026;Abr;17
GDL;NO;Mayor a 5;74426025;JAL;Colima;Colima;Colima;2026;Abr;20
GDL;NO;Mayor a 5;74426025;JAL;Colima;Villa de Álvarez;Villa de Álvarez;2026;Abr;20
GDL;NO;Mayor a 5;74426035;JAL;Michoacán;Ecuandureo;Ecuandureo;2026;Abr;22
GDL;NO;Mayor a 5;74426044;JAL;Jalisco;El Grullo;El Grullo;2026;Abr;18
GDL;NO;Mayor a 5;74429739;JAL;Jalisco;Autlán;Autlán;2026;Abr;21
GDL;NO;Mayor a 5;74429774;JAL;Colima;Colima;Colima;2026;Abr;20
GDL;NO;Mayor a 5;74429783;JAL;Michoacán;Patzcuaro;Patzcuaro;2026;Abr;22
GDL;NO;Mayor a 5;74429804;JAL;Jalisco;Unión de Tula;UNION DE TULA, JAL.;2026;Abr;24
GDL;NO;Mayor a 5;74438002;JAL;Jalisco;El Salto;El Salto;2026;Abr;21
GDL;NO;Mayor a 5;74439136;JAL;Jalisco;Acatlán;Acatlán de Juárez;2026;Abr;21
GDL;NO;Mayor a 5;74439977;JAL;Zacatecas;Fresnillo;Fresnillo;2026;May;5
GDL;NO;Mayor a 5;74439985;JAL;Jalisco;Ocotlán;Ocotlán;2026;Abr;21
GDL;NO;Mayor a 5;74440796;JAL;Aguascalientes;Aguascalientes;Aguascalientes;2026;Abr;21
GDL;NO;Mayor a 5;74440798;JAL;Colima;Colima;Colima;2026;Abr;22
GDL;NO;Mayor a 5;74440798;JAL;Colima;Villa de Álvarez;Villa de Álvarez;2026;Abr;22
GDL;NO;Mayor a 5;74451402;JAL;Guanajuato;Moroleon;Moroleón;2026;Abr;28
GDL;NO;Mayor a 5;74451402;JAL;Guanajuato;Uriangato;Uriangato;2026;Abr;28
GDL;NO;Mayor a 5;74456056;JAL;Jalisco;Ocotlán;Ocotlán;2026;Abr;24
GDL;NO;Mayor a 5;74456168;JAL;Michoacán;Morelia;Sahuayo;2026;Abr;27
GDL;NO;Mayor a 5;74456169;JAL;Nayarit;Tepic;Tepic;2026;Abr;29
GDL;NO;Mayor a 5;74456169;JAL;Nayarit;Xalisco;XALISCO, NAY.;2026;Abr;29
GDL;NO;Mayor a 5;74456778;JAL;Michoacán;Tangancícuaro;Tanzanzicuaro;2026;Abr;29
GDL;NO;Mayor a 5;74456820;JAL;Colima;Colima;Colima;2026;Abr;24
GDL;NO;Mayor a 5;74456820;JAL;Colima;Villa de Álvarez;Villa de Álvarez;2026;Abr;24
GDL;NO;Mayor a 5;74457560;JAL;Nayarit;Tepic;Tepic;2026;Abr;25
GDL;NO;Mayor a 5;74460778;JAL;Michoacán;Jacona;Jacona;2026;Abr;27
GDL;NO;Mayor a 5;74461178;JAL;Aguascalientes;Aguascalientes;Aguascalientes;2026;Abr;29
GDL;NO;Mayor a 5;74462157;JAL;Zacatecas;Jalpa;Jalpa;2026;Abr;29
GDL;NO;Mayor a 5;74462160;JAL;Nayarit;Bucerías;Bucerías;2026;Abr;25
GDL;NO;Mayor a 5;74462164;JAL;Jalisco;El Grullo;El Grullo;2026;Abr;27
GDL;NO;Mayor a 5;74462167;JAL;Jalisco;San Juan de los Lagos;S. Juan de los Lagos;2026;Abr;27
GDL;NO;Mayor a 5;74462168;JAL;Jalisco;Unión de Tula;UNION DE TULA, JAL.;2026;Abr;27
GDL;NO;Mayor a 5;74462181;JAL;Michoacán;Zamora;Zamora;2026;Abr;27
GDL;NO;Mayor a 5;74475543;JAL;Colima;Colima;Colima;2026;Abr;28
GDL;NO;Mayor a 5;74475543;JAL;Colima;Tecomán;Tecomán;2026;Abr;28
GDL;NO;Mayor a 5;74479973;JAL;Guanajuato;Uriangato;Uriangato;2026;Abr;29
GDL;NO;Mayor a 5;74484635;JAL;Guanajuato;Cerano;CERANO, GTO.;2026;Abr;30
GDL;NO;Mayor a 5;74485445;JAL;Colima;Tecomán;Tecomán;2026;May;4
GDL;NO;Mayor a 5;74486758;JAL;Aguascalientes;Aguascalientes;Aguascalientes;2026;Abr;30
GDL;NO;Mayor a 5;74486763;JAL;Nayarit;Tepic;Tepic;2026;Abr;30
GDL;NO;Mayor a 5;74486766;JAL;Michoacán;Tangancícuaro;Tanzanzicuaro;2026;May;4
GDL;NO;Mayor a 5;74509668;JAL;Michoacán;Morelia;Morelia;2026;May;6
GDL;NO;Mayor a 5;74510289;JAL;Jalisco;Tepatitlán de Morelos;Tepatitlán d Morelos;2026;May;5
GDL;NO;Mayor a 5;74517123;JAL;Colima;Tecomán;Tecomán;2026;May;6
GDL;NO;Mayor a 5;74517143;JAL;Jalisco;Ciudad Guzmán;Ciudad Guzmán;2026;May;6
GDL;NO;Mayor a 5;74517177;JAL;Colima;Colima;Colima;2026;May;5
GDL;NO;Mayor a 5;74517199;JAL;Zacatecas;Fresnillo;Fresnillo;2026;May;7
GDL;NO;Mayor a 5;74517199;JAL;Zacatecas;Guadalupe;Guadalupe;2026;May;7
GDL;NO;Mayor a 5;74517203;JAL;Guanajuato;Salvatierra;Salvatierra;2026;May;6
GDL;NO;Mayor a 5;74521388;JAL;Zacatecas;Jalpa;Jalpa;2026;May;12
GDL;NO;Mayor a 5;74521912;JAL;Michoacán;Morelia;Morelia;2026;May;8
GDL;NO;Mayor a 5;74521923;JAL;Michoacán;Morelia;Morelia;2026;May;8
GDL;NO;Mayor a 5;74522922;JAL;Michoacán;Patzcuaro;Patzcuaro;2026;May;12
GDL;NO;Mayor a 5;74522922;JAL;Michoacán;Zacapu;Zacapu;2026;May;12
GDL;NO;Mayor a 5;74527770;JAL;Guanajuato;Uriangato;Uriangato;2026;May;8
GDL;NO;Mayor a 5;74529091;JAL;Aguascalientes;Aguascalientes;Aguascalientes;2026;May;8
GDL;NO;Mayor a 5;74529682;JAL;Michoacán;Morelia;Morelia;2026;May;8
GDL;NO;Mayor a 5;74533238;JAL;Jalisco;Ocotlán;Ocotlán;2026;May;9
GDL;NO;Mayor a 5;74534478;JAL;Jalisco;Ocotlán;Ocotlán;2026;May;12
GDL;NO;Mayor a 5;74535454;JAL;Aguascalientes;Aguascalientes;Aguascalientes;2026;May;11
GDL;NO;Mayor a 5;74536418;JAL;Guanajuato;Uriangato;Uriangato;2026;May;11
GDL;NO;Mayor a 5;74538892;JAL;Colima;Villa de Álvarez;Villa de Álvarez;2026;May;11
GDL;NO;Mayor a 5;74548660;JAL;Jalisco;Ocotlán;Ocotlán;2026;May;12
GDL;NO;Mayor a 5;74551131;JAL;Jalisco;Ocotlán;Ocotlán;2026;May;12
GDL;NO;Mayor a 5;74561826;JAL;Guanajuato;Uriangato;Uriangato;2026;May;14
GDL;NO;Mayor a 5;74562305;JAL;Zacatecas;Guadalupe;Guadalupe;2026;May;14
GDL;NO;Mayor a 5;74562305;JAL;Zacatecas;Zacatecas;Zacatecas;2026;May;14
GDL;NO;Mayor a 5;74573066;JAL;Michoacán;Morelia;Morelia;2026;May;18
GDL;NO;Mayor a 5;74585196;JAL;Aguascalientes;Aguascalientes;Aguascalientes;2026;May;18
GDL;NO;Mayor a 5;74585220;JAL;Jalisco;Lagos de Moreno;Lagos de Moreno;2026;May;21
GDL;NO;Mayor a 5;74585229;JAL;Michoacán;Santa Clara;Sta. Clara;2026;May;20
GDL;NO;Mayor a 5;74587845;JAL;Michoacán;Los Reyes;Los Reyes;2026;May;20
GDL;NO;Mayor a 5;74589929;JAL;Nayarit;Tepic;Tepic;2026;May;19
GDL;NO;Mayor a 5;74590060;JAL;Michoacán;Apatzingan;Apatzingan;2026;May;19
GDL;NO;Mayor a 5;74590257;JAL;Michoacán;Apatzingan;Apatzingan;2026;May;19
GDL;NO;Mayor a 5;74590520;JAL;Michoacán;Morelia;Morelia;2026;May;19
GDL;NO;Mayor a 5;74590853;JAL;Aguascalientes;Aguascalientes;Aguascalientes;2026;May;22
GDL;NO;Mayor a 5;74590853;JAL;Zacatecas;Zacatecas;Zacatecas;2026;May;22
GDL;NO;Mayor a 5;74595258;JAL;Colima;Tecomán;Tecomán;2026;May;19
GDL;NO;Mayor a 5;74595258;JAL;Colima;Villa de Álvarez;Villa de Álvarez;2026;May;19
GDL;NO;Mayor a 5;74597064;JAL;Colima;Colima;Colima;2026;May;20
GDL;NO;Mayor a 5;74601151;JAL;Colima;Villa de Álvarez;Villa de Álvarez;2026;May;21
GDL;NO;Mayor a 5;74602667;JAL;Colima;Colima;Colima;2026;May;23
GDL;NO;Mayor a 5;74602667;JAL;Colima;Tecomán;Tecomán;2026;May;23
GDL;NO;Mayor a 5;74606698;JAL;Michoacán;Puruandiro;Puruandiro;2026;May;22
GDL;NO;Mayor a 5;74606787;JAL;Guanajuato;Moroleon;Moroleón;2026;May;21
GDL;NO;Mayor a 5;74607311;JAL;Jalisco;Tala;Tala;2026;May;26
GDL;NO;Mayor a 5;74607327;JAL;Jalisco;El Salto;El Salto;2026;May;23
GDL;NO;Mayor a 5;74608095;JAL;Michoacán;Morelia;Morelia;2026;May;23
GDL;NO;Mayor a 5;74608118;JAL;Guanajuato;León;León;2026;May;22
GDL;NO;Mayor a 5;74608819;JAL;Michoacán;Tangancícuaro;Tanzanzicuaro;2026;May;25
GDL;NO;Mayor a 5;74608983;JAL;Jalisco;Tamazula de Gordiano;Tamazula de Gordiano;2026;May;22
GDL;NO;Mayor a 5;74628390;JAL;Michoacán;Tangancícuaro;Tanzanzicuaro;2026;May;26
GDL;NO;Mayor a 5;74628504;JAL;Guanajuato;Celaya;Celaya;2026;May;26
GDL;NO;Mayor a 5;74629359;JAL;Nayarit;Tepic;Tepic;2026;May;26
GDL;NO;Mayor a 5;74630531;JAL;Nayarit;Tepic;Tepic;2026;May;25
GDL;NO;Mayor a 5;74634613;JAL;Jalisco;Lagos de Moreno;Lagos de Moreno;2026;May;27
GDL;NO;Mayor a 5;74635315;JAL;Jalisco;Ocotlán;Ocotlán;2026;May;27
GDL;NO;Mayor a 5;74635335;JAL;Guanajuato;León;León;2026;May;27
GDL;NO;Mayor a 5;74635895;JAL;Michoacán;Nueva Italia;Nueva Italia;2026;May;27
GDL;NO;Mayor a 5;74635895;JAL;Michoacán;Zamora;Zamora;2026;May;27
GDL;NO;Mayor a 5;74635906;JAL;Michoacán;Zamora;Zamora;2026;May;27
GDL;NO;Mayor a 5;74636232;JAL;Jalisco;Ocotlán;Ocotlán;2026;May;27
GDL;NO;Mayor a 5;74636690;JAL;Michoacán;Apatzingan;Apatzingan;2026;May;27
GDL;NO;Mayor a 5;74641161;JAL;Michoacán;Tarímbaro;Tarimbaro;2026;May;28
GDL;NO;Mayor a 5;74641163;JAL;Michoacán;Tarímbaro;Tarimbaro;2026;May;28
GDL;NO;Mayor a 5;74642190;JAL;Jalisco;Ocotlán;Ocotlán;2026;May;28
GDL;NO;Mayor a 5;74645379;JAL;Michoacán;Nueva Italia;Nueva Italia;2026;May;29
GDL;NO;Mayor a 5;74646020;JAL;Jalisco;Ciudad Guzmán;Ciudad Guzmán;2026;Jun;3
GDL;NO;Mayor a 5;74646022;JAL;Jalisco;Tamazula de Gordiano;Tamazula de Gordiano;2026;Jun;2
GDL;NO;Mayor a 5;74646312;JAL;Aguascalientes;Aguascalientes;Aguascalientes;2026;May;29
GDL;NO;Mayor a 5;74646434;JAL;Zacatecas;Jalpa;Jalpa;2026;May;28
GDL;NO;Mayor a 5;74646652;JAL;Nayarit;Tepic;Tepic;2026;May;29
GDL;NO;Mayor a 5;74646695;JAL;Nayarit;Tepic;Tepic;2026;May;29
GDL;NO;Mayor a 5;74646717;JAL;Colima;Tecomán;Tecomán;2026;Jun;5
GDL;NO;Mayor a 5;74646963;JAL;Michoacán;Maravatio;Maravatio;2026;Jun;4
GDL;NO;Mayor a 5;74652679;JAL;Jalisco;Puerto Vallarta;Puerto Vallarta;2026;Jun;4
GDL;NO;Mayor a 5;74652679;JAL;Nayarit;Bahia de Banderas;Bahia de Banderas;2026;Jun;4
GDL;NO;Mayor a 5;74652679;JAL;Nayarit;Bucerías;Bucerías;2026;Jun;4
GDL;NO;Mayor a 5;74652729;JAL;Guanajuato;León;León;2026;Jun;3
GDL;NO;Mayor a 5;74652833;JAL;Jalisco;Ciudad Guzmán;Ciudad Guzmán;2026;May;30
GDL;NO;Mayor a 5;74652902;JAL;Michoacán;La Piedad;La Piedad;2026;Jun;1
GDL;NO;Mayor a 5;74652920;JAL;Michoacán;Lázaro Cárdenas;Lazaro Cárdenas;2026;Jun;1
GDL;NO;Mayor a 5;74653311;JAL;Nayarit;Tepic;Tepic;2026;May;29
GDL;NO;Mayor a 5;74656528;JAL;Nayarit;Tepic;Tepic;2026;Jun;2
GDL;NO;Mayor a 5;74656528;JAL;Nayarit;Xalisco;XALISCO, NAY.;2026;Jun;2
GDL;NO;Mayor a 5;74665330;JAL;Guanajuato;Celaya;Celaya;2026;Jun;5
GDL;NO;Mayor a 5;74665617;JAL;Colima;Colima;Colima;2026;Jun;5
GDL;NO;Mayor a 5;74666300;JAL;Aguascalientes;Aguascalientes;Aguascalientes;2026;Jun;2
GDL;NO;Mayor a 5;74666688;JAL;Jalisco;Ocotlán;Ocotlán;2026;Jun;2
GDL;NO;Mayor a 5;74666734;JAL;Michoacán;Ecuandureo;Ecuandureo;2026;Jun;3
GDL;NO;Mayor a 5;74666744;JAL;Michoacán;Ecuandureo;Ecuandureo;2026;Jun;3
GDL;NO;Mayor a 5;74667521;JAL;Guanajuato;Celaya;Celaya;2026;Jun;8
GDL;NO;Mayor a 5;74667521;JAL;Guanajuato;Irapuato;Irapuato;2026;Jun;8
GDL;NO;Mayor a 5;74670861;JAL;Michoacán;Morelia;Morelia;2026;Jun;3
GDL;NO;Mayor a 5;74672445;JAL;Michoacán;Apatzingan;Apatzingan;2026;Jun;3
GDL;NO;Mayor a 5;74672826;JAL;Nayarit;Tepic;Tepic;2026;Jun;3
GDL;NO;Mayor a 5;74676417;JAL;Jalisco;Lagos de Moreno;Lagos de Moreno;2026;Jun;4
GDL;NO;Mayor a 5;74676417;JAL;Jalisco;Tepatitlán de Morelos;Tepatitlán d Morelos;2026;Jun;4
GDL;NO;Mayor a 5;74677526;JAL;Jalisco;El Salto;El Salto;2026;Jun;5
GDL;NO;Mayor a 5;74677992;JAL;Colima;Colima;Colima;2026;Jun;4
GDL;NO;Mayor a 5;74678006;JAL;Jalisco;Ciudad Guzmán;Ciudad Guzmán;2026;Jun;3
GDL;NO;Mayor a 5;74678682;JAL;Nayarit;Tepic;Tepic;2026;Jun;5
GDL;NO;Mayor a 5;74683002;JAL;Guanajuato;León;León;2026;Jun;5
GDL;NO;Mayor a 5;74689333;JAL;Michoacán;Apatzingan;Apatzingan;2026;Jun;9
GDL;NO;Mayor a 5;74689333;JAL;Michoacán;Nueva Italia;Nueva Italia;2026;Jun;9
GDL;NO;Mayor a 5;74705391;JAL;Guanajuato;Moroleon;Moroleón;2026;Jun;16
GDL;NO;Mayor a 5;74705391;JAL;Guanajuato;Uriangato;Uriangato;2026;Jun;16
GDL;NO;Mayor a 5;74705412;JAL;Jalisco;Ocotlán;Ocotlán;2026;Jun;9
GDL;NO;Mayor a 5;74707645;JAL;Colima;Colima;Colima;2026;Jun;15
GDL;NO;Mayor a 5;74707645;JAL;Colima;Villa de Álvarez;Villa de Álvarez;2026;Jun;15
GDL;NO;Mayor a 5;74714813;JAL;Michoacán;Morelia;Morelia;2026;Jun;12
GDL;NO;Mayor a 5;74715170;JAL;Michoacán;Puruandiro;Puruandiro;2026;Jun;10
GDL;NO;Mayor a 5;74719140;JAL;Michoacán;Morelia;Morelia;2026;Jun;15
GDL;NO;Mayor a 5;74720111;JAL;Guanajuato;Irapuato;Irapuato;2026;Jun;10
GDL;NO;Mayor a 5;74724590;JAL;Aguascalientes;Aguascalientes;Aguascalientes;2026;Jun;11
GDL;NO;Mayor a 5;74729942;JAL;Colima;Tecomán;Tecomán;2026;Jun;15
GDL;NO;Mayor a 5;74731494;JAL;Aguascalientes;Aguascalientes;Aguascalientes;2026;Jun;15
GDL;NO;Mayor a 5;74731511;JAL;Guanajuato;León;León;2026;Jun;15
GDL;NO;Mayor a 5;74744805;JAL;Guanajuato;Irapuato;Irapuato;2026;Jun;18
GDL;NO;Mayor a 5;74746432;JAL;Jalisco;Ciudad Guzmán;Ciudad Guzmán;2026;Jun;16
GDL;NO;Mayor a 5;74746582;JAL;Nayarit;Tepic;Tepic;2026;Jun;16
GDL;NO;Mayor a 5;74746679;JAL;Michoacán;Morelia;Morelia;2026;Jun;16
GDL;NO;Mayor a 5;74750260;JAL;Colima;Villa de Álvarez;Villa de Álvarez;2026;Jun;17
GDL;NO;Mayor a 5;74751015;JAL;Michoacán;Morelia;Morelia;2026;Jun;16
GDL;NO;Mayor a 5;74751178;JAL;Guanajuato;San Francisco del Rincón;San Fco. del Ricón;2026;Jun;25
GDL;NO;Mayor a 5;74752534;JAL;Colima;Colima;Colima;2026;Jun;16
GDL;NO;Mayor a 5;74766480;JAL;Nayarit;Acaponeta;Acaponeta;2026;Jun;22
GDL;NO;Mayor a 5;74766480;JAL;Nayarit;Tepic;Tepic;2026;Jun;22
GDL;NO;Mayor a 5;74768336;JAL;Nayarit;Tepic;Tepic;2026;Jun;20
GDL;NO;Mayor a 5;74768336;JAL;Nayarit;Xalisco;XALISCO, NAY.;2026;Jun;20
GDL;NO;Mayor a 5;74768468;JAL;Colima;Tecomán;Tecomán;2026;Jun;20
GDL;NO;Mayor a 5;74768468;JAL;Colima;Villa de Álvarez;Villa de Álvarez;2026;Jun;20
GDL;NO;Mayor a 5;74768472;JAL;Michoacán;Puruandiro;Puruandiro;2026;Jun;20
GDL;NO;Mayor a 5;74768480;JAL;Guanajuato;León;León;2026;Jun;20
GDL;NO;Mayor a 5;74780580;JAL;Colima;Colima;Colima;2026;Jun;22
GDL;NO;Mayor a 5;74780803;JAL;Guanajuato;León;León;2026;Jun;25
GDL;NO;Mayor a 5;74780803;JAL;Jalisco;Tepatitlán de Morelos;Tepatitlán d Morelos;2026;Jun;25
GDL;NO;Mayor a 5;74781190;JAL;Zacatecas;Tlatenango;Tlatenango;2026;Jul;9
GDL;NO;Mayor a 5;74781387;JAL;Aguascalientes;Aguascalientes;Aguascalientes;2026;Jun;22
GDL;NO;Mayor a 5;74781852;JAL;Jalisco;Tamazula de Gordiano;Tamazula de Gordiano;2026;Jun;24
GDL;NO;Mayor a 5;74782118;JAL;Nayarit;Tepic;Tepic;2026;Jun;22
GDL;NO;Mayor a 5;74785636;JAL;Guanajuato;Salvatierra;Salvatierra;2026;Jun;24
GDL;NO;Mayor a 5;74785636;JAL;Guanajuato;Uriangato;Uriangato;2026;Jun;24
GDL;NO;Mayor a 5;74788330;JAL;Colima;Tecomán;Tecomán;2026;Jun;24
GDL;NO;Mayor a 5;74788330;JAL;Colima;Villa de Álvarez;Villa de Álvarez;2026;Jun;24
GDL;NO;Mayor a 5;74793452;JAL;Zacatecas;Guadalupe;Guadalupe;2026;Jun;25
GDL;NO;Mayor a 5;74794406;JAL;Michoacán;Zamora;Zamora;2026;Jun;25
GDL;NO;Mayor a 5;74799130;JAL;Jalisco;Tala;Tala;2026;Jun;26
GDL;NO;Mayor a 5;74799137;JAL;Michoacán;Tangancícuaro;Tanzanzicuaro;2026;Jun;27
GDL;NO;Mayor a 5;74799143;JAL;Zacatecas;Zacatecas;Zacatecas;2026;Jun;27
GDL;NO;Mayor a 5;74799510;JAL;Zacatecas;Guadalupe;Guadalupe;2026;Jun;26
GDL;NO;Mayor a 5;74800304;JAL;Jalisco;Acatlán;Acatlán de Juárez;2026;Jul;2
GDL;NO;Mayor a 5;74800304;JAL;Jalisco;Tecolotlan Jal;Tecolotlan, Jal;2026;Jul;2
GDL;NO;Mayor a 5;74805319;JAL;Guanajuato;León;León;2026;Jun;26
GDL;NO;Mayor a 5;74808737;JAL;Michoacán;Tangancícuaro;Tanzanzicuaro;2026;Jul;1
GDL;NO;Mayor a 5;74824371;JAL;Nayarit;Tepic;Tepic;2026;Jul;1
GDL;NO;Mayor a 5;74824622;JAL;Jalisco;Tamazula de Gordiano;Tamazula de Gordiano;2026;Jul;2
GDL;NO;Mayor a 5;74825056;JAL;Colima;Colima;Colima;2026;Jul;1
GDL;NO;Mayor a 5;74825056;JAL;Colima;Villa de Álvarez;Villa de Álvarez;2026;Jul;1
GDL;NO;Mayor a 5;74825098;JAL;Michoacán;Tangancícuaro;Tanzanzicuaro;2026;Jul;3
GDL;NO;Mayor a 5;74825117;JAL;Aguascalientes;Jesús María;Jesús María;2026;Jul;1
GDL;NO;Mayor a 5;74825133;JAL;Aguascalientes;Jesús María;Jesús María;2026;Jul;2
GDL;NO;Mayor a 5;74828703;JAL;Guanajuato;León;León;2026;Jul;3
GDL;NO;Mayor a 5;74828710;JAL;Guanajuato;León;León;2026;Jul;3
GDL;NO;Mayor a 5;74829181;JAL;Jalisco;San Juan de los Lagos;S. Juan de los Lagos;2026;Jul;2
GDL;NO;Mayor a 5;74829851;JAL;Colima;Colima;Colima;2026;Jul;2
GDL;NO;Mayor a 5;74829851;JAL;Colima;Tecomán;Tecomán;2026;Jul;2
GDL;NO;Mayor a 5;74829885;JAL;Nayarit;Tepic;Tepic;2026;Jul;6
GDL;NO;Mayor a 5;74833340;JAL;Aguascalientes;Jesús María;Jesús María;2026;Jul;2
GDL;NO;Mayor a 5;74835717;JAL;Michoacán;Puruandiro;Puruandiro;2026;Jul;3
GDL;NO;Mayor a 5;74835727;JAL;Aguascalientes;Jesús María;Jesús María;2026;Jul;3
GDL;NO;Mayor a 5;74839403;JAL;Guanajuato;León;León;2026;Jul;6
GDL;NO;Mayor a 5;74840778;JAL;Jalisco;Puerto Vallarta;Puerto Vallarta;2026;Jul;6
GDL;NO;Mayor a 5;74841394;JAL;Nayarit;Bahia de Banderas;Bahia de Banderas;2026;Jul;6
GDL;NO;Mayor a 5;74841429;JAL;Jalisco;San Juan de los Lagos;S. Juan de los Lagos;2026;Jul;7
GDL;NO;Mayor a 5;74855757;JAL;Aguascalientes;Aguascalientes;Aguascalientes;2026;Jul;7
GDL;NO;Mayor a 5;74856427;JAL;Aguascalientes;Aguascalientes;Aguascalientes;2026;Jul;8
GDL;NO;Mayor a 5;74857565;JAL;Jalisco;Zapotiltic;Zapotiltic;2026;Jul;8
GDL;NO;Mayor a 5;74860165;JAL;Guanajuato;San Francisco del Rincón;San Fco. del Ricón;2026;Jul;8
GDL;NO;Mayor a 5;74860264;JAL;Colima;Colima;Colima;2026;Jul;8
GDL;NO;Mayor a 5;74860264;JAL;Colima;Tecomán;Tecomán;2026;Jul;8
GDL;NO;Mayor a 5;74861019;JAL;Michoacán;Arteaga;Arteaga;2026;Jul;8
GDL;NO;Mayor a 5;74861665;JAL;Jalisco;Lagos de Moreno;Lagos de Moreno;2026;Jul;8
GDL;NO;Mayor a 5;74866699;JAL;Jalisco;Ocotlán;Ocotlán;2026;Jul;9
GDL;NO;Mayor a 5;74872022;JAL;Jalisco;El Salto;El Salto;2026;Jul;10
GDL;NO;Mayor a 5;74872613;JAL;Zacatecas;Fresnillo;Fresnillo;2026;Jul;10
GDL;NO;Mayor a 5;74872657;JAL;Michoacán;Jacona;Jacona;2026;Jul;16
GDL;NO;Mayor a 5;74872673;JAL;Nayarit;Tepic;Tepic;2026;Jul;10
GDL;NO;Mayor a 5;74873133;JAL;Zacatecas;Guadalupe;Guadalupe;2026;Jul;10
GDL;NO;Mayor a 5;74873133;JAL;Zacatecas;Zacatecas;Zacatecas;2026;Jul;10
GDL;NO;Mayor a 5;74889083;JAL;Michoacán;Morelia;Morelia;2026;Jul;14
GDL;NO;Mayor a 5;74889130;JAL;Aguascalientes;Aguascalientes;Aguascalientes;2026;Jul;14
GDL;NO;Mayor a 5;74889130;JAL;Jalisco;San Juan de los Lagos;S. Juan de los Lagos;2026;Jul;14
GDL;NO;Mayor a 5;74890568;JAL;Michoacán;Apatzingan;Apatzingan;2026;Jul;15
GDL;NO;Mayor a 5;74890568;JAL;Michoacán;Zamora;Zamora;2026;Jul;15
GDL;NO;Mayor a 5;74890588;JAL;Nayarit;Tepic;Tepic;2026;Jul;14
GDL;NO;Mayor a 5;74890650;JAL;Zacatecas;Guadalupe;Guadalupe;2026;Jul;14
GDL;NO;Mayor a 5;74890650;JAL;Zacatecas;Zacatecas;Zacatecas;2026;Jul;14
GDL;NO;Mayor a 5;74892063;JAL;Nayarit;Tepic;Tepic;2026;Jul;15
GDL;NO;Mayor a 5;74895560;JAL;Jalisco;Ocotlán;Ocotlán;2026;Jul;15
GDL;NO;Mayor a 5;74896680;JAL;Jalisco;Tala;Tala;2026;Jul;15
GDL;NO;Mayor a 5;74909952;JAL;Guanajuato;Celaya;Celaya;2026;Jul;20
GDL;NO;Mayor a 5;74909952;JAL;Guanajuato;Salvatierra;Salvatierra;2026;Jul;20
GDL;NO;Mayor a 5;74910611;JAL;Guanajuato;Celaya;Celaya;2026;Jul;20
GDL;NO;Mayor a 5;74919814;JAL;Nayarit;Bahia de Banderas;Bahia de Banderas;2026;Jul;22
GDL;NO;Mayor a 5;74919838;JAL;Jalisco;Ocotlán;Ocotlán;2026;Jul;21
GDL;NO;Mayor a 5;74920229;JAL;Jalisco;Ciudad Guzmán;Ciudad Guzmán;2026;Jul;22
GDL;NO;Mayor a 5;74920565;JAL;Nayarit;Tepic;Tepic;2026;Jul;22
GDL;NO;Mayor a 5;74921096;JAL;Michoacán;Morelia;Morelia;2026;Jul;22
GDL;NO;Mayor a 5;74934233;JAL;Michoacán;Gabriel Zamora;Gabriel Zamora;2026;Jul;27
GDL;NO;Mayor a 5;74934890;JAL;Jalisco;Unión de Tula;UNION DE TULA, JAL.;2026;Jul;27
GDL;NO;Mayor a 5;74935119;JAL;Jalisco;El Grullo;El Grullo;2026;Jul;27
GDL;NO;Mayor a 5;74935141;JAL;Guanajuato;León;León;2026;Jul;24
GDL;NO;Mayor a 5;74935141;JAL;Jalisco;Tepatitlán de Morelos;Tepatitlán d Morelos;2026;Jul;24
GDL;NO;Mayor a 5;74940105;JAL;Jalisco;Ocotlán;Ocotlán;2026;Jul;27
GDL;NO;Mayor a 5;74951836;JAL;Jalisco;Ciudad Guzmán;Ciudad Guzmán;2026;Jul;28
GDL;NO;Mayor a 5;74955719;JAL;Guanajuato;Cerano;CERANO, GTO.;2026;Jul;29
GDL;NO;Mayor a 5;74955719;JAL;Michoacán;Puruandiro;Puruandiro;2026;Jul;29
GDL;NO;Mayor a 5;74955860;JAL;Aguascalientes;Aguascalientes;Aguascalientes;2026;Jul;29
GDL;NO;Mayor a 5;74955860;JAL;Jalisco;San Juan de los Lagos;S. Juan de los Lagos;2026;Jul;29
GDL;NO;Mayor a 5;74956781;JAL;Michoacán;Morelia;Morelia;2026;Jul;29
GDL;NO;Mayor a 5;74960939;JAL;Jalisco;Tala;Tala;2026;Jul;29
GDL;NO;Mayor a 5;74966093;JAL;Michoacán;Acuitzio del Canje;Acuitzio del Canje;2026;Jul;31
GDL;NO;Mayor a 5;74969086;JAL;Jalisco;Autlán;Autlán;2026;Ago;5
GDL;NO;Mayor a 5;74969958;JAL;Jalisco;Tepatitlán de Morelos;Tepatitlán d Morelos;2026;Ago;1
GDL;NO;Mayor a 5;74970292;JAL;Jalisco;Unión de Tula;UNION DE TULA, JAL.;2026;Ago;3
GDL;NO;Mayor a 5;74981363;JAL;Jalisco;Tala;Tala;2026;Ago;12
GDL;NO;Mayor a 5;74981372;JAL;Jalisco;Ocotlán;Ocotlán;2026;Ago;4
GDL;NO;Mayor a 5;74981377;JAL;Jalisco;Ocotlán;Ocotlán;2026;Ago;4
GDL;NO;Mayor a 5;74981444;JAL;Nayarit;Tepic;Tepic;2026;Ago;4
GDL;NO;Mayor a 5;74983361;JAL;Guanajuato;Cerano;CERANO, GTO.;2026;Ago;5
GDL;NO;Mayor a 5;74983361;JAL;Michoacán;Puruandiro;Puruandiro;2026;Ago;5
GDL;NO;Mayor a 5;74987023;JAL;Colima;Tecomán;Tecomán;2026;Ago;5
GDL;NO;Mayor a 5;74987851;JAL;Guerrero;Zihuatanejo;Zihuatanejo;2026;Ago;5
GDL;NO;Mayor a 5;74987851;JAL;Michoacán;Lázaro Cárdenas;Lazaro Cárdenas;2026;Ago;5
GDL;NO;Mayor a 5;74991564;JAL;Aguascalientes;Aguascalientes;Aguascalientes;2026;Ago;10
GDL;NO;Mayor a 5;74991967;JAL;Jalisco;Autlán;Autlán;2026;Ago;10
GDL;NO;Mayor a 5;74996341;JAL;Nayarit;Tepic;Tepic;2026;Ago;6
GDL;NO;Mayor a 5;74996444;JAL;Guanajuato;Moroleon;Moroleón;2026;Ago;7
GDL;NO;Mayor a 5;74996444;JAL;Guanajuato;Uriangato;Uriangato;2026;Ago;7
GDL;NO;Mayor a 5;74996454;JAL;Guanajuato;León;León;2026;Ago;10
GDL;NO;Mayor a 5;74996466;JAL;Jalisco;El Grullo;El Grullo;2026;Ago;13
GDL;NO;Mayor a 5;74996466;JAL;Jalisco;Unión de Tula;UNION DE TULA, JAL.;2026;Ago;13
GDL;NO;Mayor a 5;74998035;JAL;Michoacán;Morelia;Morelia;2026;Ago;7
GDL;NO;Mayor a 5;75001933;JAL;Zacatecas;Zacatecas;Zacatecas;2026;Ago;8
GDL;NO;Mayor a 5;75020612;JAL;Nayarit;Tepic;Tepic;2026;Ago;12
GDL;NO;Mayor a 5;75020612;JAL;Nayarit;Xalisco;XALISCO, NAY.;2026;Ago;12
GDL;NO;Mayor a 5;75024269;JAL;Jalisco;Ciudad Guzmán;Ciudad Guzmán;2026;Ago;13
GDL;NO;Mayor a 5;75024933;JAL;Jalisco;Puerto Vallarta;Puerto Vallarta;2026;Ago;13
GDL;NO;Mayor a 5;75024933;JAL;Nayarit;Bucerías;Bucerías;2026;Ago;13
GDL;NO;Mayor a 5;75029750;JAL;Guanajuato;León;León;2026;Ago;14
GDL;NO;Mayor a 5;75029789;JAL;Aguascalientes;Aguascalientes;Aguascalientes;2026;Ago;17
GDL;NO;Mayor a 5;75029789;JAL;Zacatecas;Tlatenango;Tlatenango;2026;Ago;17
GDL;NO;Mayor a 5;75032101;JAL;Nayarit;Tepic;Tepic;2026;Ago;17
GDL;NO;Mayor a 5;75048928;JAL;Nayarit;Bahia de Banderas;Bahia de Banderas;2026;Ago;20
GDL;NO;Mayor a 5;75048928;JAL;Nayarit;Bucerías;Bucerías;2026;Ago;20
GDL;NO;Mayor a 5;75049098;JAL;Jalisco;Zapotiltic;Zapotiltic;2026;Ago;18
GDL;NO;Mayor a 5;75049208;JAL;Michoacán;Los Reyes;Los Reyes;2026;Ago;18
GDL;NO;Mayor a 5;75049630;JAL;Colima;Colima;Colima;2026;Ago;18
GDL;NO;Mayor a 5;75050672;JAL;Guanajuato;Apaseo el Alto;Apaseo el Alto;2026;Ago;18
GDL;NO;Mayor a 5;75050857;JAL;Nayarit;Tepic;Tepic;2026;Ago;19
GDL;NO;Mayor a 5;75050872;JAL;Nayarit;Tepic;Tepic;2026;Ago;21
GDL;NO;Mayor a 5;75050872;JAL;Nayarit;Xalisco;XALISCO, NAY.;2026;Ago;21
GDL;NO;Mayor a 5;75051921;JAL;Jalisco;Puerto Vallarta;Puerto Vallarta;2026;Ago;18
GDL;NO;Mayor a 5;75055157;JAL;Michoacán;Morelia;Morelia;2026;Ago;20
GDL;NO;Mayor a 5;75055694;JAL;Jalisco;Puerto Vallarta;Puerto Vallarta;2026;Ago;20
GDL;NO;Mayor a 5;75058621;JAL;Colima;Colima;Colima;2026;Ago;20
GDL;NO;Mayor a 5;75058757;JAL;Guanajuato;Cerano;CERANO, GTO.;2026;Ago;20
GDL;NO;Mayor a 5;75058757;JAL;Michoacán;Puruandiro;Puruandiro;2026;Ago;20
GDL;NO;Mayor a 5;75060886;JAL;Nayarit;Tepic;Tepic;2026;Ago;21
GDL;NO;Mayor a 5;75060928;JAL;Aguascalientes;Aguascalientes;Aguascalientes;2026;Ago;20
GDL;NO;Mayor a 5;75060928;JAL;Aguascalientes;Calvillo;Calvillo;2026;Ago;20
GDL;NO;Mayor a 5;75063821;JAL;Michoacán;Apatzingan;Apatzingan;2026;Ago;25
GDL;NO;Mayor a 5;75063821;JAL;Michoacán;Nueva Italia;Nueva Italia;2026;Ago;25
GDL;NO;Mayor a 5;75065361;JAL;Michoacán;Apatzingan;Apatzingan;2026;Ago;24
GDL;NO;Mayor a 5;75065361;JAL;Michoacán;Nueva Italia;Nueva Italia;2026;Ago;24
GDL;NO;Mayor a 5;75066141;JAL;Jalisco;Puerto Vallarta;Puerto Vallarta;2026;Ago;21
GDL;NO;Mayor a 5;75082173;JAL;Michoacán;Apatzingan;Apatzingan;2026;Ago;26
GDL;NO;Mayor a 5;75082179;JAL;Guanajuato;Apaseo el Alto;Apaseo el Alto;2026;Ago;25
GDL;NO;Mayor a 5;75082224;JAL;Jalisco;Tamazula de Gordiano;Tamazula de Gordiano;2026;Ago;24
GDL;NO;Mayor a 5;75082224;JAL;Jalisco;Zapotiltic;Zapotiltic;2026;Ago;24
GDL;NO;Mayor a 5;75083049;JAL;Michoacán;Los Reyes;Los Reyes;2026;Ago;28
GDL;NO;Mayor a 5;75083049;JAL;Michoacán;Zamora;Zamora;2026;Ago;28
GDL;NO;Mayor a 5;75085078;JAL;Jalisco;Ocotlán;Ocotlán;2026;Ago;25
GDL;NO;Mayor a 5;75085082;JAL;Jalisco;Ocotlán;Ocotlán;2026;Ago;25
GDL;NO;Mayor a 5;75089552;JAL;Colima;Colima;Colima;2026;Ago;26
GDL;NO;Mayor a 5;75089552;JAL;Colima;Villa de Álvarez;Villa de Álvarez;2026;Ago;26
GDL;NO;Mayor a 5;75089796;JAL;Zacatecas;Guadalupe;Guadalupe;2026;Ago;26
GDL;NO;Mayor a 5;75089796;JAL;Zacatecas;Zacatecas;Zacatecas;2026;Ago;26
GDL;NO;Mayor a 5;75089811;JAL;Zacatecas;Zacatecas;Zacatecas;2026;Ago;27
GDL;NO;Mayor a 5;75090478;JAL;Aguascalientes;Aguascalientes;Aguascalientes;2026;Ago;26
GDL;NO;Mayor a 5;75090482;JAL;Zacatecas;Guadalupe;Guadalupe;2026;Ago;26
GDL;NO;Mayor a 5;75090483;JAL;Zacatecas;Guadalupe;Guadalupe;2026;Ago;26
GDL;NO;Mayor a 5;75092703;JAL;Guanajuato;Apaseo el Alto;Apaseo el Alto;2026;Ago;28
GDL;NO;Mayor a 5;75093404;JAL;Jalisco;Acatlán;Acatlán de Juárez;2026;Ago;27
GDL;NO;Mayor a 5;75093566;JAL;Michoacán;Santa Clara;Sta. Clara;2026;Ago;27
GDL;NO;Mayor a 5;75093923;JAL;Aguascalientes;Aguascalientes;Aguascalientes;2026;Sep;1
GDL;NO;Mayor a 5;75094374;JAL;Michoacán;Jacona;Jacona;2026;Ago;28
GDL;NO;Mayor a 5;75094395;JAL;Michoacán;Jacona;Jacona;2026;Ago;28
GDL;NO;Mayor a 5;75094402;JAL;Michoacán;Jacona;Jacona;2026;Ago;28
GDL;NO;Mayor a 5;75095078;JAL;Nayarit;Tepic;Tepic;2026;Ago;27
GDL;NO;Mayor a 5;75097981;JAL;Jalisco;Ciudad Guzmán;Ciudad Guzmán;2026;Ago;27
GDL;NO;Mayor a 5;75098000;JAL;Jalisco;Ocotlán;Ocotlán;2026;Ago;27
GDL;NO;Mayor a 5;75098734;JAL;Michoacán;Morelia;Sahuayo;2026;Sep;2
GDL;NO;Mayor a 5;75099315;JAL;Jalisco;Ocotlán;Ocotlán;2026;Ago;28
GDL;NO;Mayor a 5;75099498;JAL;Guerrero;Zihuatanejo;Zihuatanejo;2026;Sep;8
GDL;NO;Mayor a 5;75099498;JAL;Michoacán;Lázaro Cárdenas;Lazaro Cárdenas;2026;Sep;8
GDL;NO;Mayor a 5;75100274;JAL;Nayarit;Tepic;Tepic;2026;Ago;28
GDL;NO;Mayor a 5;75100290;JAL;Nayarit;Tepic;Tepic;2026;Ago;29
GDL;NO;Mayor a 5;75104410;JAL;Aguascalientes;Aguascalientes;Aguascalientes;2026;Ago;29
GDL;NO;Mayor a 5;75105032;JAL;Nayarit;Xalisco;XALISCO, NAY.;2026;Ago;29
GDL;NO;Mayor a 5;75105758;JAL;Jalisco;Ocotlán;Ocotlán;2026;Ago;29
GDL;NO;Mayor a 5;75109057;JAL;Jalisco;Ocotlán;Ocotlán;2026;Sep;1
GDL;NO;Mayor a 5;75118801;JAL;Michoacán;Apatzingan;Apatzingan;2026;Sep;1
GDL;NO;Mayor a 5;75124509;JAL;Michoacán;La Piedad;La Piedad;2026;Sep;2
GDL;NO;Mayor a 5;75127296;JAL;Colima;Colima;Colima;2026;Sep;8
GDL;NO;Mayor a 5;75127325;JAL;Michoacán;Apatzingan;Apatzingan;2026;Sep;8
GDL;NO;Mayor a 5;75127325;JAL;Michoacán;Gabriel Zamora;Gabriel Zamora;2026;Sep;8
GDL;NO;Mayor a 5;75127325;JAL;Michoacán;Nueva Italia;Nueva Italia;2026;Sep;8
GDL;NO;Mayor a 5;75128547;JAL;Jalisco;Puerto Vallarta;Puerto Vallarta;2026;Sep;8
GDL;NO;Mayor a 5;75128547;JAL;Nayarit;Bahia de Banderas;Bahia de Banderas;2026;Sep;8
GDL;NO;Mayor a 5;75128547;JAL;Nayarit;Bucerías;Bucerías;2026;Sep;8
GDL;NO;Mayor a 5;75129717;JAL;Jalisco;Tamazula de Gordiano;Tamazula de Gordiano;2026;Sep;3
GDL;NO;Mayor a 5;75132280;JAL;Nayarit;Tepic;Tepic;2026;Sep;4
GDL;NO;Mayor a 5;75132280;JAL;Nayarit;Xalisco;XALISCO, NAY.;2026;Sep;4
GDL;NO;Mayor a 5;75133106;JAL;Zacatecas;Guadalupe;Guadalupe;2026;Sep;4
GDL;NO;Mayor a 5;75133106;JAL;Zacatecas;Zacatecas;Zacatecas;2026;Sep;4
GDL;NO;Mayor a 5;75137770;JAL;Jalisco;El Salto;El Salto;2026;Sep;7
GDL;NO;Mayor a 5;75150797;JAL;Michoacán;Tangancícuaro;Tanzanzicuaro;2026;Sep;8
GDL;SI;Mayor a 5;74677063;JAL;Jalisco;San Juan de los Lagos;S. Juan de los Lagos;2026;Jun;12
GDL;SI;Mayor a 5;74712821;JAL;Guanajuato;León;León;2026;Jun;9
GDL;SI;Mayor a 5;74729886;JAL;Guanajuato;Salamanca;Salamanca;2026;Jun;15
GDL;SI;Mayor a 5;74747069;JAL;Aguascalientes;Aguascalientes;Aguascalientes;2026;Jun;16
GDL;SI;Mayor a 5;75013496;JAL;Guanajuato;León;León;2026;Ago;11
MEX;NO;1;73781508;CDMX;Campeche;Campeche;Campeche;2026;Ene;6
MEX;NO;1;73781820;CDMX;Veracruz;Emiliano Zapata;EMILIANO ZAPATA, VER;2026;Ene;2
MEX;NO;1;73803774;CDMX;Chiapas;Ocotzingo;Ocotzingo;2026;Ene;5
MEX;NO;1;73810413;CDMX;Querétaro;El Marques;El Marquez;2026;Ene;6
MEX;NO;1;73820350;CDMX;Puebla;Puebla;Puebla;2026;Ene;5
MEX;NO;1;73831216;CDMX;Puebla;Teziutlán;Teziutlan;2026;Ene;6
MEX;NO;1;73836541;CDMX;Tlaxcala;Apizaco;Apizaco;2026;Ene;7
MEX;NO;1;73837843;CDMX;Guanajuato;León;León;2026;Ene;7
MEX;NO;1;73837843;CDMX;Jalisco;Guadalajara;Guadalajara;2026;Ene;7
MEX;NO;1;73843237;CDMX;Chiapas;Mitontic;Mitontic;2026;Feb;18
MEX;NO;1;73843353;CDMX;Veracruz;Veracruz;Veracruz;2026;Ene;8
MEX;NO;1;73843369;CDMX;Veracruz;Veracruz;Veracruz;2026;Ene;8
MEX;NO;1;73843462;CDMX;Veracruz;Veracruz;Veracruz;2026;Ene;8
MEX;NO;1;73846090;CDMX;Oaxaca;Huajuapan de León;Huajuapan de León;2026;Ene;13
MEX;NO;1;73874565;CDMX;Puebla;Tepeaca;Tepeaca;2026;Ene;12
MEX;NO;1;73881898;CDMX;Veracruz;Veracruz;Veracruz;2026;Ene;13
MEX;NO;1;73898572;CDMX;Yucatán;Mérida;Mérida;2026;Ene;16
MEX;NO;1;73899852;CDMX;Chiapas;Tapachula;Tapachula;2026;Ene;15
MEX;NO;1;73911236;CDMX;Puebla;Tehuacan;Tehuacan;2026;Ene;23
MEX;NO;1;73913263;CDMX;Veracruz;Veracruz;Veracruz;2026;Ene;17
MEX;NO;1;73926688;CDMX;Guerrero;Ciudad Altamirano;Cd. Altamirano;2026;Ene;19
MEX;NO;1;73927308;CDMX;Oaxaca;Sta Cruz Xoxocotlan;STA.CRUZ XOXOCOTLAN;2026;Ene;20
MEX;NO;1;73930518;CDMX;Tlaxcala;Zacatelco;Zacatelco;2026;Ene;20
MEX;NO;1;73938809;CDMX;Veracruz;Veracruz;Veracruz;2026;Ene;21
MEX;NO;1;73939414;CDMX;Michoacán;Morelia;Morelia;2026;Ene;22
MEX;NO;1;73939437;CDMX;Michoacán;Morelia;Morelia;2026;Ene;22
MEX;NO;1;73940250;CDMX;Chiapas;Tapachula;Tapachula;2026;Ene;23
MEX;NO;1;73943978;CDMX;Chiapas;Tapachula;Tapachula;2026;Ene;22
MEX;NO;1;73944715;CDMX;Veracruz;Jalapa;Jalapa;2026;Ene;22
MEX;NO;1;73950881;CDMX;Tlaxcala;Sta Ana Chautempan;Sta.Ana Chautempan;2026;Ene;24
MEX;NO;1;73963959;CDMX;Puebla;Puebla;Puebla;2026;Ene;26
MEX;NO;1;73964053;CDMX;CDMX+EDOMEX;Atzcapotzalco;Atzcapotzalco;2026;Ene;26
MEX;NO;1;73964248;CDMX;Guerrero;Acapulco;Acapulco de Juarez;2026;Ene;26
MEX;NO;1;73964821;CDMX;Tabasco;Centro;Centro;2026;Ene;26
MEX;NO;1;73965938;CDMX;Tabasco;Villahermosa;Villahermosa;2026;Ene;26
MEX;NO;1;73967375;CDMX;Veracruz;Veracruz;Veracruz;2026;Ene;27
MEX;NO;1;73967597;CDMX;Puebla;Chachapa;Chachapa;2026;Ene;29
MEX;NO;1;73969645;CDMX;Chiapas;Tapachula;Tapachula;2026;Ene;27
MEX;NO;1;73969670;CDMX;Chiapas;Tapachula;Tapachula;2026;Ene;27
MEX;NO;1;73969785;CDMX;Chiapas;Tapachula;Tapachula;2026;Ene;28
MEX;NO;1;73976370;CDMX;Yucatán;Uman;Uman;2026;Ene;28
MEX;NO;1;73979991;CDMX;Veracruz;Veracruz;Veracruz;2026;Ene;29
MEX;NO;1;73980722;CDMX;Puebla;Puebla;Puebla;2026;Ene;29
MEX;NO;1;73981286;CDMX;Puebla;Puebla;Puebla;2026;Ene;29
MEX;NO;1;73985329;CDMX;Chiapas;Comitán;Comitán Domínguez;2026;Ene;30
MEX;NO;1;73985340;CDMX;Chiapas;Comitán;Comitán Domínguez;2026;Ene;30
MEX;NO;1;74003466;CDMX;Puebla;Puebla;Puebla;2026;Feb;2
MEX;NO;1;74010661;CDMX;Oaxaca;Sta Cruz Xoxocotlan;STA.CRUZ XOXOCOTLAN;2026;Feb;4
MEX;NO;1;74012593;CDMX;Jalisco;Tepatitlán de Morelos;Tepatitlán d Morelos;2026;Mar;10
MEX;NO;1;74012593;CDMX;Jalisco;Tlaquepaque;Sn Pedro Tlaquepaque-JALISCO;2026;Mar;10
MEX;NO;1;74012615;CDMX;Chiapas;Tapachula;Tapachula;2026;Feb;5
MEX;NO;1;74015432;CDMX;Chiapas;Tuxtla Gutiérrez;Tuxtla Gutiérrez;2026;Feb;4
MEX;NO;1;74017330;CDMX;Puebla;San Martin Texmelucan;S. Martín Texmelucan;2026;Feb;6
MEX;NO;1;74022853;CDMX;Veracruz;Tepatlaxco Ver;TEPATLAXCO VER.;2026;Feb;6
MEX;NO;1;74024066;CDMX;Zacatecas;Fresnillo;Fresnillo;2026;Feb;13
MEX;NO;1;74024089;CDMX;Zacatecas;Fresnillo;Fresnillo;2026;Feb;13
MEX;NO;1;74040421;CDMX;Puebla;Izuca de Matamoros;Izuca de Matamoros;2026;Feb;19
MEX;NO;1;74051672;CDMX;Puebla;Izuca de Matamoros;Izuca de Matamoros;2026;Feb;13
MEX;NO;1;74055200;CDMX;Puebla;Tehuacan;Tehuacan;2026;Feb;10
MEX;NO;1;74057577;CDMX;Puebla;San Andrés Cholula;San Andrés Cholula;2026;Feb;11
MEX;NO;1;74062068;CDMX;Chiapas;Tonalá;Tonalá;2026;Feb;16
MEX;NO;1;74062758;CDMX;Veracruz;Tantoyuca;Tantoyuca;2026;Feb;13
MEX;NO;1;74068014;CDMX;Veracruz;Tantoyuca;Tantoyuca;2026;Feb;12
MEX;NO;1;74068077;CDMX;Veracruz;Poza Rica;Poza Rica;2026;Feb;12
MEX;NO;1;74072035;CDMX;Puebla;Puebla;Puebla;2026;Feb;13
MEX;NO;1;74088140;CDMX;Veracruz;Córdoba;Cordoba;2026;Feb;19
MEX;NO;1;74091452;CDMX;Guerrero;Tecpan de Galeana;Tecpan de Galeana;2026;Feb;25
MEX;NO;1;74094669;CDMX;Aguascalientes;Aguascalientes;Aguascalientes;2026;Feb;18
MEX;NO;1;74096775;CDMX;Guanajuato;León;León;2026;Feb;17
MEX;NO;1;74096787;CDMX;Guanajuato;León;León;2026;Feb;17
MEX;NO;1;74102133;CDMX;Veracruz;Veracruz;Veracruz;2026;Feb;19
MEX;NO;1;74102155;CDMX;Veracruz;Veracruz;Veracruz;2026;Feb;19
MEX;NO;1;74102156;CDMX;Veracruz;Veracruz;Veracruz;2026;Feb;20
MEX;NO;1;74102159;CDMX;Veracruz;Veracruz;Veracruz;2026;Feb;19
MEX;NO;1;74102163;CDMX;Veracruz;Veracruz;Veracruz;2026;Feb;19
MEX;NO;1;74102215;CDMX;Veracruz;Orizaba;HUILOAPAN DE CUAUHT;2026;Feb;21
MEX;NO;1;74107963;CDMX;Veracruz;Veracruz;Veracruz;2026;Feb;20
MEX;NO;1;74108230;CDMX;Oaxaca;Asunción;ASUNCION N., OAX.;2026;Feb;19
MEX;NO;1;74113788;CDMX;CDMX+EDOMEX;Metepec;Metepec;2026;Feb;21
MEX;NO;1;74114105;CDMX;Puebla;Acajete;Acajete;2026;Feb;20
MEX;NO;1;74114707;CDMX;Tabasco;Cárdenas;Cárdenas;2026;Feb;20
MEX;NO;1;74115124;CDMX;Chiapas;Teopisca;Teopisca;2026;Feb;24
MEX;NO;1;74131947;CDMX;Puebla;Zacatlán;Zacatlan;2026;Feb;24
MEX;NO;1;74132997;CDMX;Veracruz;Veracruz;Veracruz;2026;Feb;24
MEX;NO;1;74133073;CDMX;Veracruz;Veracruz;Veracruz;2026;Feb;23
MEX;NO;1;74133121;CDMX;Veracruz;Veracruz;Veracruz;2026;Feb;24
MEX;NO;1;74133141;CDMX;Veracruz;Veracruz;Veracruz;2026;Feb;24
MEX;NO;1;74133168;CDMX;Veracruz;Veracruz;Veracruz;2026;Feb;23
MEX;NO;1;74133503;CDMX;Puebla;San Andrés Cholula;San Andrés Cholula;2026;Mar;19
MEX;NO;1;74134105;CDMX;Veracruz;Orizaba;Orizaba;2026;Feb;24
MEX;NO;1;74134452;CDMX;Puebla;Chiautla de Tapia;;2026;Feb;25
MEX;NO;1;74138754;CDMX;Puebla;Puebla;Puebla;2026;Feb;24
MEX;NO;1;74139262;CDMX;Tlaxcala;Apizaco;Apizaco;2026;Feb;25
MEX;NO;1;74139934;CDMX;Hidalgo;Acatlán;Acatlan;2026;Feb;24
MEX;NO;1;74139934;CDMX;Hidalgo;Pachuca;Pachuca;2026;Feb;24
MEX;NO;1;74140255;CDMX;Puebla;Atlixco;Atlixco;2026;Feb;24
MEX;NO;1;74146606;CDMX;Chiapas;Palenque;Palenque;2026;Feb;25
MEX;NO;1;74147886;CDMX;;S Maria Zacatepec*NU;Sta. Maria Zacatepec;2026;Mar;28
MEX;NO;1;74148378;CDMX;Tabasco;Huimanguillo;Huimanguillo;2026;Mar;9
MEX;NO;1;74152079;CDMX;Michoacán;Riva Palacio;Riva Palacio;2026;Feb;26
MEX;NO;1;74159112;CDMX;Veracruz;Veracruz;Veracruz;2026;Feb;28
MEX;NO;1;74174148;CDMX;Puebla;Atlixco;Atlixco;2026;Mar;3
MEX;NO;1;74176651;CDMX;Yucatán;Uman;Uman;2026;Mar;2
MEX;NO;1;74181202;CDMX;;S Maria Zacatepec*NU;Sta. Maria Zacatepec;2026;Mar;28
MEX;NO;1;74186134;CDMX;Chiapas;S Crist de las Casas;S.Crist.de las Casas;2026;Mar;4
MEX;NO;1;74187888;CDMX;Guerrero;Ciudad Altamirano;Cd. Altamirano;2026;Mar;4
MEX;NO;1;74196776;CDMX;Chiapas;Tapachula;Tapachula;2026;Mar;6
MEX;NO;1;74196802;CDMX;Veracruz;Jalacingo;Jalacingo;2026;Mar;7
MEX;NO;1;74197145;CDMX;Michoacán;Apatzingan;Apatzingan;2026;Mar;11
MEX;NO;1;74197865;CDMX;Chiapas;Tuxtla Gutiérrez;Tuxtla Gutiérrez;2026;Mar;6
MEX;NO;1;74199225;CDMX;Puebla;Tepeaca;Tepeaca;2026;Mar;7
MEX;NO;1;74219610;CDMX;Puebla;Tepeaca;Tepeaca;2026;Mar;11
MEX;NO;1;74222381;CDMX;Guerrero;Acapulco;Acapulco de Juarez;2026;Mar;11
MEX;NO;1;74226468;CDMX;Campeche;Campeche;Campeche;2026;Mar;12
MEX;NO;1;74226480;CDMX;Veracruz;Tantoyuca;Tantoyuca;2026;Mar;12
MEX;NO;1;74226481;CDMX;Veracruz;Tantoyuca;Tantoyuca;2026;Mar;12
MEX;NO;1;74227690;CDMX;Guerrero;Ciudad Altamirano;Cd. Altamirano;2026;Mar;12
MEX;NO;1;74227827;CDMX;Guanajuato;Celaya;Celaya;2026;Mar;12
MEX;NO;1;74258404;CDMX;Puebla;Chachapa;Chachapa;2026;Mar;18
MEX;NO;1;74266211;CDMX;Puebla;Puebla;Puebla;2026;Mar;20
MEX;NO;1;74266737;CDMX;Puebla;Puebla;Puebla;2026;Mar;20
MEX;NO;1;74283299;CDMX;Veracruz;Jalapa;Jalapa;2026;Mar;23
MEX;NO;1;74283965;CDMX;Veracruz;Tantoyuca;Tantoyuca;2026;Mar;23
MEX;NO;1;74284231;CDMX;Veracruz;Veracruz;Veracruz;2026;Mar;24
MEX;NO;1;74289693;CDMX;Veracruz;Veracruz;Veracruz;2026;Mar;24
MEX;NO;1;74289713;CDMX;Veracruz;Veracruz;Veracruz;2026;Mar;24
MEX;NO;1;74301128;CDMX;Yucatán;Mérida;Mérida;2026;Mar;26
MEX;NO;1;74307315;CDMX;Veracruz;Veracruz;Veracruz;2026;Mar;27
MEX;NO;1;74307405;CDMX;;San Jacinto Amilpas,San Pedro Mixtepec;;2026;Mar;31
MEX;NO;1;74307405;CDMX;Oaxaca;San Jacinto Amilpas;;2026;Mar;31
MEX;NO;1;74312153;CDMX;Veracruz;Orizaba;HUILOAPAN DE CUAUHT;2026;Mar;30
MEX;NO;1;74313282;CDMX;Campeche;Candelaria;Candelaria;2026;Abr;1
MEX;NO;1;74321037;CDMX;Hidalgo;Zempoala;;2026;Abr;8
MEX;NO;1;74321276;CDMX;Veracruz;Catemaco;Catemaco;2026;Mar;31
MEX;NO;1;74321276;CDMX;Veracruz;San Andrés Tuxtla;San Andrés Tuxtla;2026;Mar;31
MEX;NO;1;74326587;CDMX;Veracruz;Orizaba;Orizaba;2026;Mar;31
MEX;NO;1;74327634;CDMX;Chiapas;San Fernando;San Fernando;2026;Abr;1
MEX;NO;1;74327634;CDMX;Chiapas;Tuxtla Gutiérrez;Tuxtla Gutiérrez;2026;Abr;1
MEX;NO;1;74334537;CDMX;Puebla;Santiago Mihuatlán;Santiago Miahuatlan;2026;Abr;2
MEX;NO;1;74336392;CDMX;Chiapas;Tuxtla Gutiérrez;Tuxtla Gutiérrez;2026;Abr;3
MEX;NO;1;74336536;CDMX;Chiapas;Tuxtla Gutiérrez;Tuxtla Gutiérrez;2026;Abr;3
MEX;NO;1;74346386;CDMX;Sonora;Benito Juarez;Benito Juarez;2026;Abr;3
MEX;NO;1;74346504;CDMX;Puebla;San Andrés Cholula;San Andrés Cholula;2026;Abr;3
MEX;NO;1;74363410;CDMX;Oaxaca;Tuxtepec;Tuxtepec;2026;Abr;6
MEX;NO;1;74364109;CDMX;Oaxaca;Salina Cruz;Salina Cruz;2026;Abr;6
MEX;NO;1;74369081;CDMX;CDMX+EDOMEX;Metepec;Metepec;2026;Abr;7
MEX;NO;1;74369081;CDMX;Hidalgo;Tulancingo;Tulancingo;2026;Abr;7
MEX;NO;1;74369103;CDMX;Veracruz;Orizaba;HUILOAPAN DE CUAUHT;2026;Abr;7
MEX;NO;1;74370649;CDMX;Veracruz;Orizaba;HUILOAPAN DE CUAUHT;2026;Abr;7
MEX;NO;1;74372532;CDMX;Veracruz;Tantoyuca;Tantoyuca;2026;Abr;8
MEX;NO;1;74373051;CDMX;Oaxaca;Tuxtepec;Tuxtepec;2026;Abr;8
MEX;NO;1;74373051;CDMX;Veracruz;Tierra Blanca;Tierra Blanca;2026;Abr;8
MEX;NO;1;74375781;CDMX;Chiapas;Tuxtla Gutiérrez;Tuxtla Gutiérrez;2026;Abr;8
MEX;NO;1;74382141;CDMX;Veracruz;Jalapa;Jalapa;2026;Abr;9
MEX;NO;1;74382289;CDMX;Veracruz;Poza Rica;Poza Rica;2026;Abr;9
MEX;NO;1;74385954;CDMX;Puebla;Atlixco;Atlixco;2026;Abr;10
MEX;NO;1;74386020;CDMX;Campeche;Campeche;Campeche;2026;Abr;10
MEX;NO;1;74386119;CDMX;Tabasco;Cárdenas;Cárdenas;2026;Abr;10
MEX;NO;1;74386119;CDMX;Tabasco;Centro;Centro;2026;Abr;10
MEX;NO;1;74386360;CDMX;Veracruz;Poza Rica;Poza Rica;2026;Abr;10
MEX;NO;1;74387451;CDMX;Veracruz;Perote;Perote;2026;Abr;10
MEX;NO;1;74388227;CDMX;Puebla;Izuca de Matamoros;Izuca de Matamoros;2026;Abr;11
MEX;NO;1;74388227;CDMX;Puebla;Puebla;Puebla;2026;Abr;11
MEX;NO;1;74391644;CDMX;Veracruz;Jalapa;Jalapa;2026;Abr;11
MEX;NO;1;74391644;CDMX;Veracruz;Perote;Perote;2026;Abr;11
MEX;NO;1;74401275;CDMX;Veracruz;Martínez de la Torre;Martínez de la Torre;2026;Abr;13
MEX;NO;1;74401291;CDMX;Puebla;Tehuacan;Tehuacan;2026;Abr;13
MEX;NO;1;74402953;CDMX;Tlaxcala;Huamantla;Huamantla;2026;Abr;21
MEX;NO;1;74404236;CDMX;Hidalgo;Zempoala;;2026;Abr;25
MEX;NO;1;74408473;CDMX;Chiapas;Mapastepec;Mapastepec;2026;Abr;14
MEX;NO;1;74408473;CDMX;Chiapas;Tapachula;Tapachula;2026;Abr;14
MEX;NO;1;74408731;CDMX;Jalisco;Guadalajara;Guadalajara;2026;Abr;15
MEX;NO;1;74409976;CDMX;Tlaxcala;Sta Ana Chautempan;Sta.Ana Chautempan;2026;Abr;15
MEX;NO;1;74409979;CDMX;Tlaxcala;Sta Ana Chautempan;Sta.Ana Chautempan;2026;Abr;15
MEX;NO;1;74412493;CDMX;Hidalgo;Pachuca;Pachuca;2026;Abr;28
MEX;NO;1;74413317;CDMX;Chiapas;Tapachula;Tapachula;2026;Abr;15
MEX;NO;1;74413317;CDMX;Chiapas;Tonalá;Tonalá;2026;Abr;15
MEX;NO;1;74414093;CDMX;Veracruz;Jalapa;Jalapa;2026;Abr;16
MEX;NO;1;74415355;CDMX;Tabasco;Comalcalco;Comalcalco;2026;Abr;16
MEX;NO;1;74418226;CDMX;Yucatán;Mérida;Mérida;2026;Abr;17
MEX;NO;1;74437534;CDMX;Sonora;Benito Juarez;Benito Juarez;2026;Abr;21
MEX;NO;1;74441778;CDMX;Oaxaca;Sta Cruz Xoxocotlan;STA.CRUZ XOXOCOTLAN;2026;Abr;21
MEX;NO;1;74442343;CDMX;Oaxaca;Sta Cruz Xoxocotlan;STA.CRUZ XOXOCOTLAN;2026;Abr;21
MEX;NO;1;74442402;CDMX;Puebla;Tepeaca;Tepeaca;2026;Abr;22
MEX;NO;1;74442470;CDMX;Oaxaca;Sta Cruz Xoxocotlan;STA.CRUZ XOXOCOTLAN;2026;Abr;21
MEX;NO;1;74442741;CDMX;Veracruz;Veracruz;Veracruz;2026;Abr;21
MEX;NO;1;74446286;CDMX;Tabasco;Centro;Centro;2026;Abr;22
MEX;NO;1;74453106;CDMX;Oaxaca;Sta Cruz Xoxocotlan;STA.CRUZ XOXOCOTLAN;2026;Abr;23
MEX;NO;1;74453864;CDMX;Puebla;Puebla;Puebla;2026;Abr;22
MEX;NO;1;74457398;CDMX;Veracruz;Veracruz;Veracruz;2026;Abr;24
MEX;NO;1;74461721;CDMX;Veracruz;Veracruz;Veracruz;2026;Abr;25
MEX;NO;1;74461733;CDMX;Veracruz;Veracruz;Veracruz;2026;Abr;25
MEX;NO;1;74475710;CDMX;Puebla;Atlixco;Atlixco;2026;Abr;28
MEX;NO;1;74476022;CDMX;Tabasco;Teapa;Teapa;2026;Abr;29
MEX;NO;1;74476857;CDMX;Chiapas;Tapachula;Tapachula;2026;Abr;28
MEX;NO;1;74477216;CDMX;Chiapas;Tuxtla Gutiérrez;Tuxtla Gutiérrez;2026;Abr;29
MEX;NO;1;74481291;CDMX;Yucatán;Mérida;Mérida;2026;Abr;29
MEX;NO;1;74486752;CDMX;Guanajuato;León;León;2026;Abr;29
MEX;NO;1;74486755;CDMX;Guanajuato;León;León;2026;Abr;30
MEX;NO;1;74487358;CDMX;Veracruz;Medellín de Bravo;Medellin de Bravo;2026;Abr;29
MEX;NO;1;74498820;CDMX;Puebla;Atlixco;Atlixco;2026;May;8
MEX;NO;1;74498820;CDMX;Puebla;Chiautla de Tapia;;2026;May;8
MEX;NO;1;74515312;CDMX;Guanajuato;Irapuato;Irapuato;2026;May;5
MEX;NO;1;74515312;CDMX;Jalisco;Tepatitlán de Morelos;Tepatitlán d Morelos;2026;May;5
MEX;NO;1;74516097;CDMX;;Puebla,S Maria Zacatepec*NU;Sta. Maria Zacatepec;2026;May;5
MEX;NO;1;74516097;CDMX;Puebla;Puebla;Puebla;2026;May;5
MEX;NO;1;74525342;CDMX;Hidalgo;Zempoala;;2026;May;8
MEX;NO;1;74525446;CDMX;Veracruz;Veracruz;Veracruz;2026;May;6
MEX;NO;1;74533582;CDMX;Veracruz;Jalapa;Jalapa;2026;May;8
MEX;NO;1;74545999;CDMX;Guerrero;Ciudad Altamirano;Cd. Altamirano;2026;May;11
MEX;NO;1;74546875;CDMX;Puebla;San Andrés Cholula;San Andrés Cholula;2026;May;14
MEX;NO;1;74548218;CDMX;Puebla;San Andrés Cholula;San Andrés Cholula;2026;May;11
MEX;NO;1;74549052;CDMX;Tlaxcala;Tetla;Tetla;2026;May;11
MEX;NO;1;74550047;CDMX;Chiapas;Tapachula;Tapachula;2026;May;12
MEX;NO;1;74559645;CDMX;Veracruz;Córdoba;Cordoba;2026;May;13
MEX;NO;1;74559693;CDMX;Veracruz;Jalapa;Jalapa;2026;May;13
MEX;NO;1;74565413;CDMX;Veracruz;Poza Rica;Poza Rica;2026;May;14
MEX;NO;1;74566190;CDMX;Chiapas;Comalapan;Cd. Front. Comalapa;2026;May;14
MEX;NO;1;74572668;CDMX;Veracruz;Veracruz;Veracruz;2026;May;15
MEX;NO;1;74586181;CDMX;Chiapas;Cacahuatan;Cacahuatán;2026;May;18
MEX;NO;1;74586181;CDMX;Chiapas;Motozintla;Motozintla;2026;May;18
MEX;NO;1;74588120;CDMX;Veracruz;Veracruz;Veracruz;2026;May;18
MEX;NO;1;74588121;CDMX;Veracruz;Veracruz;Veracruz;2026;May;18
MEX;NO;1;74588130;CDMX;Veracruz;Córdoba;Cordoba;2026;May;18
MEX;NO;1;74588130;CDMX;Veracruz;Orizaba;Orizaba;2026;May;18
MEX;NO;1;74589102;CDMX;Chiapas;Tuxtla Gutiérrez;Tuxtla Gutiérrez;2026;May;18
MEX;NO;1;74589385;CDMX;Tabasco;Villahermosa;Villahermosa;2026;May;18
MEX;NO;1;74590585;CDMX;Tabasco;Villahermosa;Villahermosa;2026;May;19
MEX;NO;1;74593223;CDMX;Chiapas;Tuxtla Gutiérrez;Tuxtla Gutiérrez;2026;May;19
MEX;NO;1;74594779;CDMX;Puebla;San Andrés Cholula;San Andrés Cholula;2026;May;19
MEX;NO;1;74595230;CDMX;Tabasco;Villahermosa;Villahermosa;2026;May;19
MEX;NO;1;74600883;CDMX;Oaxaca;Oaxaca;Oaxaca;2026;May;20
MEX;NO;1;74600883;CDMX;Oaxaca;Sta Cruz Xoxocotlan;STA.CRUZ XOXOCOTLAN;2026;May;20
MEX;NO;1;74600943;CDMX;Hidalgo;Pachuca;Pachuca;2026;May;26
MEX;NO;1;74600943;CDMX;Hidalgo;Zempoala;;2026;May;26
MEX;NO;1;74602933;CDMX;Puebla;Teziutlán;Teziutlan;2026;May;21
MEX;NO;1;74606632;CDMX;Chiapas;Tonalá;Tonalá;2026;May;21
MEX;NO;1;74607602;CDMX;Veracruz;Veracruz;Veracruz;2026;May;21
MEX;NO;1;74612532;CDMX;Campeche;Campeche;Campeche;2026;May;22
MEX;NO;1;74615577;CDMX;Jalisco;Ocotlán;Ocotlán;2026;May;23
MEX;NO;1;74618511;CDMX;Puebla;Puebla;Puebla;2026;May;23
MEX;NO;1;74626100;CDMX;Yucatán;Uman;Uman;2026;May;24
MEX;NO;1;74626118;CDMX;Yucatán;Uman;Uman;2026;May;25
MEX;NO;1;74626229;CDMX;Puebla;Puebla;Puebla;2026;May;24
MEX;NO;1;74626230;CDMX;Puebla;Amozoc;Amozoc;2026;May;26
MEX;NO;1;74626230;CDMX;Puebla;Tepeaca;Tepeaca;2026;May;26
MEX;NO;1;74628307;CDMX;Puebla;Tepeaca;Tepeaca;2026;May;25
MEX;NO;1;74628323;CDMX;Puebla;Tepeaca;Tepeaca;2026;May;25
MEX;NO;1;74628407;CDMX;Puebla;Tepeaca;Tepeaca;2026;May;24
MEX;NO;1;74638619;CDMX;Guerrero;Ciudad Altamirano;Cd. Altamirano;2026;May;27
MEX;NO;1;74639328;CDMX;Oaxaca;Huajuapan de León;Huajuapan de León;2026;May;27
MEX;NO;1;74639328;CDMX;Oaxaca;Ocotlán;Ocotlan;2026;May;27
MEX;NO;1;74640526;CDMX;Guanajuato;Celaya;Celaya;2026;May;27
MEX;NO;1;74645914;CDMX;Chiapas;Comitán;Comitán Domínguez;2026;May;29
MEX;NO;1;74649389;CDMX;Chiapas;Tila;TILA, CHS;2026;May;29
MEX;NO;1;74649389;CDMX;Chiapas;Yajalón;Yajalon;2026;May;29
MEX;NO;1;74650141;CDMX;Guanajuato;Celaya;Celaya;2026;May;29
MEX;NO;1;74650680;CDMX;CDMX+EDOMEX;Metepec;Metepec;2026;May;30
MEX;NO;1;74650833;CDMX;Veracruz;Córdoba;Cordoba;2026;May;29
MEX;NO;1;74651195;CDMX;Guerrero;Chilpancilgo;Chilpancingo;2026;May;29
MEX;NO;1;74658872;CDMX;Veracruz;Orizaba;HUILOAPAN DE CUAUHT;2026;May;31
MEX;NO;1;74658882;CDMX;Veracruz;Orizaba;HUILOAPAN DE CUAUHT;2026;May;31
MEX;NO;1;74665006;CDMX;Chiapas;Tuxtla Gutiérrez;Tuxtla Gutiérrez;2026;Jun;1
MEX;NO;1;74666277;CDMX;Hidalgo;Zempoala;;2026;Jun;12
MEX;NO;1;74668420;CDMX;Campeche;Campeche;Campeche;2026;Jun;2
MEX;NO;1;74668438;CDMX;Campeche;Campeche;Campeche;2026;Jun;2
MEX;NO;1;74676584;CDMX;Aguascalientes;Aguascalientes;Aguascalientes;2026;Jun;4
MEX;NO;1;74676584;CDMX;Zacatecas;Fresnillo;Fresnillo;2026;Jun;4
MEX;NO;1;74677112;CDMX;Veracruz;Jalapa;Jalapa;2026;Jun;2
MEX;NO;1;74677734;CDMX;Hidalgo;Acatlán;Acatlan;2026;Jun;4
MEX;NO;1;74680493;CDMX;Veracruz;Poza Rica;Poza Rica;2026;Jun;4
MEX;NO;1;74682179;CDMX;Chiapas;Chicomuselo;Chicomuselo;2026;Jun;5
MEX;NO;1;74682179;CDMX;Chiapas;Comalapan;Cd. Front. Comalapa;2026;Jun;5
MEX;NO;1;74683315;CDMX;Puebla;Atlixco;Atlixco;2026;Jun;4
MEX;NO;1;74683365;CDMX;Puebla;Puebla;Puebla;2026;Jun;4
MEX;NO;1;74683393;CDMX;Guerrero;Ciudad Altamirano;Cd. Altamirano;2026;Jun;3
MEX;NO;1;74687444;CDMX;Veracruz;Veracruz;Veracruz;2026;Jun;5
MEX;NO;1;74691745;CDMX;Guanajuato;Celaya;Celaya;2026;Jun;6
MEX;NO;1;74691745;CDMX;Guanajuato;León;León;2026;Jun;6
MEX;NO;1;74704303;CDMX;Puebla;San Andrés Cholula;San Andrés Cholula;2026;Jun;11
MEX;NO;1;74705410;CDMX;Veracruz;Tantoyuca;Tantoyuca;2026;Jun;9
MEX;NO;1;74706323;CDMX;Veracruz;Perote;Perote;2026;Jun;8
MEX;NO;1;74710367;CDMX;Chiapas;Comitán;Comitán Domínguez;2026;Jun;10
MEX;NO;1;74710808;CDMX;Jalisco;Tlajomulco de Zúñiga;Tlajomulco de Zuñiga;2026;Jun;9
MEX;NO;1;74711876;CDMX;Veracruz;Orizaba;HUILOAPAN DE CUAUHT;2026;Jun;9
MEX;NO;1;74712005;CDMX;Chiapas;Cacahuatan;Cacahuatán;2026;Jun;10
MEX;NO;1;74712344;CDMX;Jalisco;Ocotlán;Ocotlán;2026;Jun;9
MEX;NO;1;74712344;CDMX;Jalisco;Tlaquepaque;Sn Pedro Tlaquepaque-JALISCO;2026;Jun;9
MEX;NO;1;74718840;CDMX;Veracruz;Tantoyuca;Tantoyuca;2026;Jun;10
MEX;NO;1;74723541;CDMX;Puebla;Puebla;Puebla;2026;Jun;11
MEX;NO;1;74723667;CDMX;Puebla;Acajete;Acajete;2026;Jun;11
MEX;NO;1;74723707;CDMX;Veracruz;Veracruz;Veracruz;2026;Jun;12
MEX;NO;1;74729776;CDMX;Veracruz;Córdoba;Cordoba;2026;Jun;11
MEX;NO;1;74729776;CDMX;Veracruz;Orizaba;HUILOAPAN DE CUAUHT;2026;Jun;11
MEX;NO;1;74730529;CDMX;Puebla;Amozoc;Amozoc;2026;Jun;16
MEX;NO;1;74730529;CDMX;Puebla;Chachapa;Chachapa;2026;Jun;16
MEX;NO;1;74730560;CDMX;Puebla;Tepeaca;Tepeaca;2026;Jun;13
MEX;NO;1;74730566;CDMX;Puebla;Tepeaca;Tepeaca;2026;Jun;11
MEX;NO;1;74733760;CDMX;Puebla;Puebla;Puebla;2026;Jun;13
MEX;NO;1;74733798;CDMX;Puebla;Atlixco;Atlixco;2026;Jun;13
MEX;NO;1;74734104;CDMX;Puebla;Tehuacan;Tehuacan;2026;Jun;13
MEX;NO;1;74734592;CDMX;;Puerto Escondido*NU,San Pedro Mixtepec;;2026;Jun;15
MEX;NO;1;74734592;CDMX;Oaxaca;Puerto Escondido;Puerto Escondido;2026;Jun;15
MEX;NO;1;74743178;CDMX;Oaxaca;San Jacinto Amilpas;;2026;Jun;16
MEX;NO;1;74743411;CDMX;Jalisco;Ocotlán;Ocotlán;2026;Jun;15
MEX;NO;1;74747339;CDMX;Guerrero;Ciudad Altamirano;Cd. Altamirano;2026;Jun;17
MEX;NO;1;74749842;CDMX;;Huasca d Ocampo, Hgo;HUASCA DE OCAMPO,HGO;2026;Jun;17
MEX;NO;1;74749987;CDMX;Tlaxcala;Apizaco;Apizaco;2026;Jun;16
MEX;NO;1;74750101;CDMX;Jalisco;Guadalajara;Guadalajara;2026;Jun;17
MEX;NO;1;74750101;CDMX;Jalisco;Ocotlán;Ocotlán;2026;Jun;17
MEX;NO;1;74750789;CDMX;Veracruz;Tantoyuca;Tantoyuca;2026;Jun;16
MEX;NO;1;74752758;CDMX;;Atlixco,S Maria Zacatepec*NU;Sta. Maria Zacatepec;2026;Jun;19
MEX;NO;1;74752758;CDMX;Puebla;Atlixco;Atlixco;2026;Jun;19
MEX;NO;1;74761596;CDMX;Veracruz;Córdoba;Cordoba;2026;Jun;17
MEX;NO;1;74761596;CDMX;Veracruz;Río Blanco;Rio Blanco;2026;Jun;17
MEX;NO;1;74762436;CDMX;Yucatán;Uman;Uman;2026;Jun;18
MEX;NO;1;74762467;CDMX;Hidalgo;Tula de Allende;Tula de Allende;2026;Jun;18
MEX;NO;1;74763071;CDMX;Puebla;Acajete;Acajete;2026;Jun;18
MEX;NO;1;74768614;CDMX;Veracruz;Medellín de Bravo;Medellin de Bravo;2026;Jun;20
MEX;NO;1;74768618;CDMX;Veracruz;Medellín de Bravo;Medellin de Bravo;2026;Jun;20
MEX;NO;1;74768618;CDMX;Veracruz;Veracruz;Veracruz;2026;Jun;20
MEX;NO;1;74769996;CDMX;Puebla;S FelipeTeotlalcingo;;2026;Jun;20
MEX;NO;1;74769996;CDMX;Puebla;Sn Salvador el Verde;Sn Salvador el Verde;2026;Jun;20
MEX;NO;1;74770150;CDMX;Veracruz;Orizaba;HUILOAPAN DE CUAUHT;2026;Jun;20
MEX;NO;1;74770150;CDMX;Veracruz;Río Blanco;Rio Blanco;2026;Jun;20
MEX;NO;1;74779360;CDMX;Jalisco;Guadalajara;Guadalajara;2026;Jun;22
MEX;NO;1;74779360;CDMX;Jalisco;Guadalajara;Guadalajara Juárez;2026;Jun;22
MEX;NO;1;74779360;CDMX;Jalisco;Ocotlán;Ocotlán;2026;Jun;22
MEX;NO;1;74785247;CDMX;Puebla;Tehuacan;Tehuacan;2026;Jun;23
MEX;NO;1;74785274;CDMX;Oaxaca;Asunción;ASUNCION N., OAX.;2026;Jun;26
MEX;NO;1;74785274;CDMX;Oaxaca;Tlaxiaco;TLAXIACO;2026;Jun;26
MEX;NO;1;74785831;CDMX;Puebla;Santiago Mihuatlán;Santiago Miahuatlan;2026;Jun;23
MEX;NO;1;74785995;CDMX;Tlaxcala;Apizaco;Apizaco;2026;Jun;23
MEX;NO;1;74785995;CDMX;Tlaxcala;Zacatelco;Zacatelco;2026;Jun;23
MEX;NO;1;74786112;CDMX;Chiapas;Mapastepec;Mapastepec;2026;Jun;22
MEX;NO;1;74786245;CDMX;Puebla;Puebla;;2026;Jun;23
MEX;NO;1;74786293;CDMX;Yucatán;Mérida;Mérida;2026;Jun;23
MEX;NO;1;74786330;CDMX;Yucatán;Mérida;Mérida;2026;Jun;23
MEX;NO;1;74786342;CDMX;Yucatán;Mérida;Mérida;2026;Jun;23
MEX;NO;1;74790293;CDMX;Puebla;Puebla;Puebla;2026;Jun;24
MEX;NO;1;74790293;CDMX;Tlaxcala;San Pablo Monte;San Pablo del Monte;2026;Jun;24
MEX;NO;1;74792316;CDMX;Hidalgo;Zapotlan de Juarez;Zapotlan de Juarez;2026;Jun;27
MEX;NO;1;74801174;CDMX;Veracruz;Veracruz;Veracruz;2026;Jun;26
MEX;NO;1;74801226;CDMX;Puebla;Zacatlán;Zacatlan;2026;Jun;27
MEX;NO;1;74803064;CDMX;Hidalgo;Tula de Allende;Tula de Allende;2026;Jun;26
MEX;NO;1;74803491;CDMX;Veracruz;Veracruz;Veracruz;2026;Jun;26
MEX;NO;1;74808590;CDMX;Oaxaca;Sta Cruz Xoxocotlan;STA.CRUZ XOXOCOTLAN;2026;Jun;27
MEX;NO;1;74808950;CDMX;Oaxaca;Sta Cruz Xoxocotlan;STA.CRUZ XOXOCOTLAN;2026;Jun;27
MEX;NO;1;74809170;CDMX;Oaxaca;Sta Cruz Xoxocotlan;STA.CRUZ XOXOCOTLAN;2026;Jun;27
MEX;NO;1;74815614;CDMX;Quintana Roo;Playa del Carmen;Playa del Carmen;2026;Jun;29
MEX;NO;1;74817761;CDMX;Oaxaca;Sta Cruz Xoxocotlan;Miahuatlán;2026;Jun;29
MEX;NO;1;74817871;CDMX;Sonora;Benito Juarez;Benito Juarez;2026;Jun;29
MEX;NO;1;74818924;CDMX;Puebla;Puebla;Puebla;2026;Jun;29
MEX;NO;1;74819500;CDMX;Oaxaca;San Jacinto Amilpas;;2026;Jun;30
MEX;NO;1;74819814;CDMX;Puebla;Atlixco;Atlixco;2026;Jun;30
MEX;NO;1;74819814;CDMX;Puebla;Puebla;Puebla;2026;Jun;30
MEX;NO;1;74821980;CDMX;;San Sebastian Tutla,Tlaxiaco;San Sebastian Tutla;2026;Jun;30
MEX;NO;1;74821980;CDMX;Oaxaca;Tlaxiaco;TLAXIACO;2026;Jun;30
MEX;NO;1;74822258;CDMX;Yucatán;Mérida;Mérida;2026;Jun;30
MEX;NO;1;74822258;CDMX;Yucatán;Uman;Uman;2026;Jun;30
MEX;NO;1;74824317;CDMX;Veracruz;Orizaba;HUILOAPAN DE CUAUHT;2026;Jun;30
MEX;NO;1;74827565;CDMX;Michoacán;Riva Palacio;Riva Palacio;2026;Jul;1
MEX;NO;1;74834059;CDMX;Puebla;Puebla;Puebla;2026;Jul;2
MEX;NO;1;74838350;CDMX;Oaxaca;Ocotlán;Ocotlan;2026;Jul;6
MEX;NO;1;74838350;CDMX;Oaxaca;San Jacinto Amilpas;;2026;Jul;6
MEX;NO;1;74838746;CDMX;Chiapas;Chicomuselo;Chicomuselo;2026;Jul;6
MEX;NO;1;74838746;CDMX;Chiapas;Siltepec;SILTEPEC CHIAPAS;2026;Jul;6
MEX;NO;1;74839405;CDMX;Chiapas;Tuxtla Gutiérrez;Tuxtla Gutiérrez;2026;Jul;3
MEX;NO;1;74839434;CDMX;Chiapas;Tuxtla Gutiérrez;Tuxtla Gutiérrez;2026;Jul;3
MEX;NO;1;74853286;CDMX;Chiapas;Ocotzingo;Ocotzingo;2026;Jul;6
MEX;NO;1;74854617;CDMX;Chiapas;Comitán;Comitán Domínguez;2026;Jul;6
MEX;NO;1;74855505;CDMX;Chiapas;Tuxtla Gutiérrez;Tuxtla Gutiérrez;2026;Jul;6
MEX;NO;1;74855538;CDMX;Chiapas;Berriozabal;Berriozabal;2026;Jul;6
MEX;NO;1;74855538;CDMX;Chiapas;Tonalá;Tonalá;2026;Jul;6
MEX;NO;1;74855692;CDMX;Tabasco;Villahermosa;Villahermosa;2026;Jul;6
MEX;NO;1;74856545;CDMX;Puebla;Teziutlán;Teziutlan;2026;Jul;6
MEX;NO;1;74856553;CDMX;Puebla;Teziutlán;Teziutlan;2026;Jul;6
MEX;NO;1;74857282;CDMX;Chiapas;Tapachula;Tapachula;2026;Jul;6
MEX;NO;1;74858335;CDMX;Puebla;Tepeaca;Tepeaca;2026;Jul;7
MEX;NO;1;74858351;CDMX;Puebla;Tepeaca;Tepeaca;2026;Jul;7
MEX;NO;1;74858541;CDMX;Puebla;Tepeaca;Tepeaca;2026;Jul;7
MEX;NO;1;74860075;CDMX;Veracruz;Córdoba;Cordoba;2026;Jul;7
MEX;NO;1;74860176;CDMX;Chiapas;Ocotzingo;Ocotzingo;2026;Jul;7
MEX;NO;1;74860176;CDMX;Chiapas;S Crist de las Casas;S.Crist.de las Casas;2026;Jul;7
MEX;NO;1;74861602;CDMX;Yucatán;Mérida;Mérida;2026;Jul;7
MEX;NO;1;74867262;CDMX;CDMX+EDOMEX;Metepec;Metepec;2026;Jul;9
MEX;NO;1;74867262;CDMX;Hidalgo;Ciudad Sahagún;Mineral d/l Reforma;2026;Jul;9
MEX;NO;1;74871210;CDMX;Oaxaca;San Jacinto Amilpas;;2026;Jul;28
MEX;NO;1;74872353;CDMX;Aguascalientes;Aguascalientes;Aguascalientes;2026;Jul;9
MEX;NO;1;74880682;CDMX;Puebla;Santiago Mihuatlán;Santiago Miahuatlan;2026;Jul;11
MEX;NO;1;74891009;CDMX;Puebla;San Andrés Cholula;San Andrés Cholula;2026;Jul;13
MEX;NO;1;74893635;CDMX;Guerrero;Ciudad Altamirano;Cd. Altamirano;2026;Jul;14
MEX;NO;1;74895382;CDMX;Oaxaca;Huajuapan de León;Huajuapan de León;2026;Jul;15
MEX;NO;1;74895382;CDMX;Oaxaca;Villa ETLA;Villa ETLA;2026;Jul;15
MEX;NO;1;74896528;CDMX;Puebla;Atlixco;Atlixco;2026;Jul;15
MEX;NO;1;74898703;CDMX;Puebla;San Andrés Cholula;San Andrés Cholula;2026;Jul;21
MEX;NO;1;74898713;CDMX;Puebla;Puebla;Puebla;2026;Jul;15
MEX;NO;1;74904259;CDMX;Veracruz;Coatzacoalcos;Coatzacoalcos;2026;Jul;16
MEX;NO;1;74904624;CDMX;Veracruz;Veracruz;Veracruz;2026;Jul;21
MEX;NO;1;74904634;CDMX;Veracruz;Veracruz;Veracruz;2026;Jul;21
MEX;NO;1;74904677;CDMX;Veracruz;Veracruz;Veracruz;2026;Jul;16
MEX;NO;1;74904865;CDMX;Veracruz;Veracruz;Veracruz;2026;Jul;16
MEX;NO;1;74904890;CDMX;Veracruz;Veracruz;Veracruz;2026;Jul;16
MEX;NO;1;74905856;CDMX;Aguascalientes;Aguascalientes;Aguascalientes;2026;Jul;17
MEX;NO;1;74906381;CDMX;Veracruz;Córdoba;Cordoba;2026;Jul;17
MEX;NO;1;74919644;CDMX;;S Maria Zacatepec*NU,San Andres Cholula;Sta. Maria Zacatepec;2026;Jul;21
MEX;NO;1;74919644;CDMX;Puebla;San Andrés Cholula;San Andrés Cholula;2026;Jul;21
MEX;NO;1;74919813;CDMX;Veracruz;Orizaba;HUILOAPAN DE CUAUHT;2026;Jul;20
MEX;NO;1;74920321;CDMX;Tlaxcala;Zacatelco;Zacatelco;2026;Jul;21
MEX;NO;1;74920450;CDMX;Veracruz;Veracruz;Veracruz;2026;Jul;21
MEX;NO;1;74920641;CDMX;Hidalgo;Ciudad Sahagún;Mineral d/l Reforma;2026;Jul;20
MEX;NO;1;74922152;CDMX;Veracruz;Veracruz;Veracruz;2026;Jul;25
MEX;NO;1;74926162;CDMX;Chiapas;Margaritas;Margaritas;2026;Jul;22
MEX;NO;1;74931629;CDMX;Puebla;Tepeaca;Tepeaca;2026;Jul;25
MEX;NO;1;74932240;CDMX;CDMX+EDOMEX;Metepec;Metepec;2026;Jul;23
MEX;NO;1;74932240;CDMX;Hidalgo;Tulancingo;Tulancingo;2026;Jul;23
MEX;NO;1;74934546;CDMX;Yucatán;Mérida;Mérida;2026;Jul;23
MEX;NO;1;74935384;CDMX;Puebla;Tepeaca;Tepeaca;2026;Jul;24
MEX;NO;1;74935402;CDMX;Puebla;Tepeaca;Tepeaca;2026;Jul;23
MEX;NO;1;74937191;CDMX;Chiapas;Mezcalapa;;2026;Jul;24
MEX;NO;1;74942814;CDMX;CDMX+EDOMEX;Metepec;Metepec;2026;Jul;25
MEX;NO;1;74948944;CDMX;Puebla;San Andrés Cholula;San Andrés Cholula;2026;Jul;28
MEX;NO;1;74950620;CDMX;Jalisco;Tlajomulco de Zúñiga;Tlajomulco de Zuñiga;2026;Jul;27
MEX;NO;1;74950627;CDMX;Chiapas;Tapachula;Tapachula;2026;Jul;27
MEX;NO;1;74955199;CDMX;Veracruz;Coatzintla;Coatzintla;2026;Jul;28
MEX;NO;1;74955199;CDMX;Veracruz;Poza Rica;Poza Rica;2026;Jul;28
MEX;NO;1;74955744;CDMX;Tlaxcala;San Pablo Monte;San Pablo del Monte;2026;Jul;28
MEX;NO;1;74955744;CDMX;Tlaxcala;Sta Ana Chautempan;Sta.Ana Chautempan;2026;Jul;28
MEX;NO;1;74958462;CDMX;Puebla;Chachapa;Chachapa;2026;Jul;29
MEX;NO;1;74958462;CDMX;Puebla;Puebla;Puebla;2026;Jul;29
MEX;NO;1;74962988;CDMX;Puebla;San Andrés Cholula;San Andrés Cholula;2026;Jul;31
MEX;NO;1;74965272;CDMX;Sonora;Benito Juarez;Benito Juarez;2026;Jul;30
MEX;NO;1;74966455;CDMX;Puebla;Tepeaca;Tepeaca;2026;Jul;31
MEX;NO;1;74966464;CDMX;Puebla;Tepeaca;Tepeaca;2026;Jul;30
MEX;NO;1;74966482;CDMX;Puebla;Tepeaca;Tepeaca;2026;Jul;31
MEX;NO;1;74969155;CDMX;Hidalgo;Acatlán;Acatlan;2026;Ago;3
MEX;NO;1;74969214;CDMX;Veracruz;Poza Rica;Poza Rica;2026;Jul;31
MEX;NO;1;74969837;CDMX;;A Nochixtlan, Oax,San Pedro Mixtepec;;2026;Ago;10
MEX;NO;1;74969837;CDMX;Oaxaca;Asunción;ASUNCION N., OAX.;2026;Ago;10
MEX;NO;1;74970097;CDMX;Guerrero;Ciudad Altamirano;Cd. Altamirano;2026;Jul;31
MEX;NO;1;74970128;CDMX;Quintana Roo;Playa del Carmen;Playa del Carmen;2026;Jul;31
MEX;NO;1;74981452;CDMX;Jalisco;Guadalajara;Guadalajara S. Hgo.;2026;Ago;3
MEX;NO;1;74981452;CDMX;Jalisco;Ocotlán;Ocotlán;2026;Ago;3
MEX;NO;1;74981467;CDMX;Hidalgo;Atotonilco de Tula;Atotonilco de Tula;2026;Ago;3
MEX;NO;1;74981614;CDMX;Veracruz;Medellín de Bravo;Medellin de Bravo;2026;Ago;3
MEX;NO;1;74981614;CDMX;Veracruz;Veracruz;Veracruz;2026;Ago;3
MEX;NO;1;74981653;CDMX;Puebla;Santiago Mihuatlán;Santiago Miahuatlan;2026;Ago;3
MEX;NO;1;74981653;CDMX;Puebla;Tehuacan;Tehuacan;2026;Ago;3
MEX;NO;1;74983601;CDMX;Puebla;Zacapoaxtla;Zacapoaxtla;2026;Ago;4
MEX;NO;1;74984342;CDMX;Guanajuato;León;León;2026;Ago;4
MEX;NO;1;74985411;CDMX;Veracruz;Córdoba;Cordoba;2026;Ago;4
MEX;NO;1;74986434;CDMX;Puebla;San Andrés Cholula;San Andrés Cholula;2026;Ago;5
MEX;NO;1;74986591;CDMX;Veracruz;San Andrés Tuxtla;San Andrés Tuxtla;2026;Ago;4
MEX;NO;1;74986818;CDMX;Hidalgo;Atotonilco de Tula;Atotonilco de Tula;2026;Ago;4
MEX;NO;1;74988129;CDMX;Guerrero;Juan R Escudero;Juan R Escudero;2026;Ago;4
MEX;NO;1;74988139;CDMX;Guerrero;Benito Juarez;Benito Juarez;2026;Ago;5
MEX;NO;1;74991580;CDMX;Veracruz;Orizaba;HUILOAPAN DE CUAUHT;2026;Ago;5
MEX;NO;1;74992753;CDMX;Guerrero;Ciudad Altamirano;Cd. Altamirano;2026;Ago;5
MEX;NO;1;74993539;CDMX;Hidalgo;Tula de Allende;Tula de Allende;2026;Ago;12
MEX;NO;1;74995359;CDMX;Veracruz;Emiliano Zapata;EMILIANO ZAPATA, VER;2026;Ago;6
MEX;NO;1;74995359;CDMX;Veracruz;Jalapa;Jalapa;2026;Ago;6
MEX;NO;1;74995446;CDMX;Veracruz;Tuxpan;Tuxpan;2026;Ago;6
MEX;NO;1;74995530;CDMX;Puebla;San Andrés Cholula;San Andrés Cholula;2026;Ago;6
MEX;NO;1;74996528;CDMX;Puebla;Zacapoaxtla;Zacapoaxtla;2026;Ago;6
MEX;NO;1;74997941;CDMX;Guanajuato;Celaya;Celaya;2026;Ago;6
MEX;NO;1;74997941;CDMX;Guanajuato;León;León;2026;Ago;6
MEX;NO;1;75005745;CDMX;Veracruz;Alamo;Álamo;2026;Ago;8
MEX;NO;1;75005745;CDMX;Veracruz;Tantoyuca;Tantoyuca;2026;Ago;8
MEX;NO;1;75006761;CDMX;Puebla;Puebla;Puebla;2026;Ago;8
MEX;NO;1;75006765;CDMX;Puebla;Puebla;Puebla;2026;Ago;8
MEX;NO;1;75012076;CDMX;Tabasco;Emiliano Zapata;Emiliano Zapata;2026;Ago;10
MEX;NO;1;75012076;CDMX;Tabasco;Teapa;Teapa;2026;Ago;10
MEX;NO;1;75013810;CDMX;Veracruz;Orizaba;HUILOAPAN DE CUAUHT;2026;Ago;10
MEX;NO;1;75013810;CDMX;Veracruz;Orizaba;Orizaba;2026;Ago;10
MEX;NO;1;75013843;CDMX;Jalisco;Lagos de Moreno;Lagos de Moreno;2026;Ago;10
MEX;NO;1;75013843;CDMX;Jalisco;Tlajomulco de Zúñiga;Tlajomulco de Zuñiga;2026;Ago;10
MEX;NO;1;75013843;CDMX;Jalisco;Zapopan;Zapopan;2026;Ago;10
MEX;NO;1;75014129;CDMX;Hidalgo;Zempoala;;2026;Ago;10
MEX;NO;1;75015769;CDMX;Jalisco;Tepatitlán de Morelos;Tepatitlán d Morelos;2026;Ago;10
MEX;NO;1;75017357;CDMX;Oaxaca;Ocotlán;Ocotlan;2026;Ago;13
MEX;NO;1;75017357;CDMX;Oaxaca;Tlalixtac de Cabrera;;2026;Ago;13
MEX;NO;1;75019281;CDMX;Chiapas;S Crist de las Casas;S.Crist.de las Casas;2026;Ago;12
MEX;NO;1;75019281;CDMX;Chiapas;Teopisca;Teopisca;2026;Ago;12
MEX;NO;1;75020414;CDMX;;Tezontepec de Aldama;;2026;Ago;11
MEX;NO;1;75023958;CDMX;Chiapas;S Crist de las Casas;S.Crist.de las Casas;2026;Ago;12
MEX;NO;1;75023958;CDMX;Chiapas;Tapilula;Tapilula;2026;Ago;12
MEX;NO;1;75025133;CDMX;Puebla;Puebla;Puebla;2026;Ago;12
MEX;NO;1;75029007;CDMX;Hidalgo;Tula de Allende;Tula de Allende;2026;Ago;13
MEX;NO;1;75029366;CDMX;Veracruz;Poza Rica;Poza Rica;2026;Ago;13
MEX;NO;1;75030423;CDMX;Guerrero;Acapulco;Acapulco de Juarez;2026;Ago;13
MEX;NO;1;75030545;CDMX;Guerrero;Acapulco;Acapulco de Juarez;2026;Ago;13
MEX;NO;1;75031607;CDMX;Veracruz;Medellín de Bravo;Medellin de Bravo;2026;Ago;13
MEX;NO;1;75031610;CDMX;Veracruz;Medellín de Bravo;Medellin de Bravo;2026;Ago;13
MEX;NO;1;75032374;CDMX;Puebla;Izuca de Matamoros;Izuca de Matamoros;2026;Ago;20
MEX;NO;1;75032459;CDMX;Michoacán;Riva Palacio;Riva Palacio;2026;Ago;14
MEX;NO;1;75034878;CDMX;Tabasco;Comalcalco;Comalcalco;2026;Ago;14
MEX;NO;1;75035014;CDMX;Veracruz;San Andrés Tuxtla;San Andrés Tuxtla;2026;Ago;17
MEX;NO;1;75036575;CDMX;Puebla;Tepeaca;Tepeaca;2026;Ago;14
MEX;NO;1;75037984;CDMX;Oaxaca;Sta Cruz Xoxocotlan;STA.CRUZ XOXOCOTLAN;2026;Ago;15
MEX;NO;1;75039917;CDMX;Chiapas;Cacahuatan;Cacahuatán;2026;Ago;15
MEX;NO;1;75039917;CDMX;Chiapas;Tapachula;Tapachula;2026;Ago;15
MEX;NO;1;75040532;CDMX;Hidalgo;Tula de Allende;Tula de Allende;2026;Ago;15
MEX;NO;1;75047717;CDMX;Veracruz;Coatzintla;Coatzintla;2026;Ago;17
MEX;NO;1;75047717;CDMX;Veracruz;Poza Rica;Poza Rica;2026;Ago;17
MEX;NO;1;75049280;CDMX;Veracruz;Veracruz;Veracruz;2026;Ago;17
MEX;NO;1;75049699;CDMX;Hidalgo;Tula de Allende;Tula de Allende;2026;Ago;17
MEX;NO;1;75050449;CDMX;Yucatán;Mérida;Mérida;2026;Ago;17
MEX;NO;1;75050453;CDMX;Yucatán;Mérida;Mérida;2026;Ago;17
MEX;NO;1;75054547;CDMX;Puebla;Atlixco;Atlixco;2026;Ago;18
MEX;NO;1;75060750;CDMX;Puebla;Tepeaca;Tepeaca;2026;Ago;19
MEX;NO;1;75060760;CDMX;Puebla;Tepeaca;Tepeaca;2026;Ago;19
MEX;NO;1;75064379;CDMX;Veracruz;Córdoba;Cordoba;2026;Ago;20
MEX;NO;1;75064379;CDMX;Veracruz;Orizaba;Orizaba;2026;Ago;20
MEX;NO;1;75064398;CDMX;Puebla;Chiautla de Tapia;;2026;Ago;21
MEX;NO;1;75065479;CDMX;Puebla;Tepeaca;Tepeaca;2026;Ago;20
MEX;NO;1;75066311;CDMX;Guerrero;Juan R Escudero;Juan R Escudero;2026;Ago;21
MEX;NO;1;75068993;CDMX;Veracruz;Medellín de Bravo;Medellin de Bravo;2026;Ago;21
MEX;NO;1;75068993;CDMX;Veracruz;Veracruz;Veracruz;2026;Ago;21
MEX;NO;1;75069000;CDMX;Puebla;Zacapoaxtla;Zacapoaxtla;2026;Ago;25
MEX;NO;1;75069000;CDMX;Veracruz;Altotonga;Altotonga;2026;Ago;25
MEX;NO;1;75073792;CDMX;Guerrero;Acapulco;Acapulco de Juarez;2026;Ago;24
MEX;NO;1;75073792;CDMX;Guerrero;Juan R Escudero;Juan R Escudero;2026;Ago;24
MEX;NO;1;75082787;CDMX;Puebla;Tehuacan;Tehuacan;2026;Ago;26
MEX;NO;1;75083376;CDMX;;Nautla;;2026;Ago;24
MEX;NO;1;75084392;CDMX;Puebla;San Andrés Cholula;San Andrés Cholula;2026;Ago;26
MEX;NO;1;75084398;CDMX;Puebla;San Andrés Cholula;San Andrés Cholula;2026;Ago;25
MEX;NO;1;75084482;CDMX;Puebla;San Andrés Cholula;San Andrés Cholula;2026;Ago;25
MEX;NO;1;75084534;CDMX;Puebla;San Andrés Cholula;San Andrés Cholula;2026;Sep;7
MEX;NO;1;75087296;CDMX;Veracruz;Veracruz;Veracruz;2026;Ago;25
MEX;NO;1;75087723;CDMX;Hidalgo;Atotonilco de Tula;Atotonilco de Tula;2026;Ago;25
MEX;NO;1;75088851;CDMX;Guerrero;Acapulco;Acapulco de Juarez;2026;Ago;25
MEX;NO;1;75089105;CDMX;Puebla;Tepeaca;Tepeaca;2026;Ago;25
MEX;NO;1;75089560;CDMX;Veracruz;Jalapa;Jalapa;2026;Ago;25
MEX;NO;1;75092209;CDMX;Hidalgo;Zapotlan de Juarez;Zapotlan de Juarez;2026;Ago;26
MEX;NO;1;75092244;CDMX;Veracruz;Veracruz;Veracruz;2026;Ago;26
MEX;NO;1;75093307;CDMX;Chiapas;Tapachula;Tapachula;2026;Ago;26
MEX;NO;1;75093362;CDMX;Oaxaca;Asunción;ASUNCION N., OAX.;2026;Ago;27
MEX;NO;1;75093362;CDMX;Oaxaca;San Jacinto Amilpas;;2026;Ago;27
MEX;NO;1;75098224;CDMX;Jalisco;Guadalajara;Guadalajara;2026;Ago;27
MEX;NO;1;75098224;CDMX;Jalisco;Guadalajara;Guadalajara Juárez;2026;Ago;27
MEX;NO;1;75098224;CDMX;Jalisco;Tlaquepaque;Sn Pedro Tlaquepaque-JALISCO;2026;Ago;27
MEX;NO;1;75099355;CDMX;Veracruz;Poza Rica;Poza Rica;2026;Ago;27
MEX;NO;1;75099777;CDMX;Puebla;Acajete;Acajete;2026;Ago;27
MEX;NO;1;75099794;CDMX;Veracruz;Perote;Perote;2026;Ago;27
MEX;NO;1;75099807;CDMX;Puebla;Tepeaca;Tepeaca;2026;Ago;27
MEX;NO;1;75099807;CDMX;Puebla;Teziutlán;Teziutlan;2026;Ago;27
MEX;NO;1;75103459;CDMX;Puebla;Zacatlán;Zacatlan;2026;Ago;28
MEX;NO;1;75106134;CDMX;Tlaxcala;San Pablo Monte;San Pablo del Monte;2026;Ago;29
MEX;NO;1;75106396;CDMX;Puebla;Tehuacan;Tehuacan;2026;Ago;29
MEX;NO;1;75118355;CDMX;Michoacán;Morelia;Morelia;2026;Ago;31
MEX;NO;1;75128153;CDMX;Hidalgo;Tula de Allende;Tula de Allende;2026;Sep;5
MEX;NO;1;75132304;CDMX;;Puebla,S Maria Zacatepec*NU;Sta. Maria Zacatepec;2026;Sep;7
MEX;NO;1;75132304;CDMX;Puebla;Puebla;Puebla;2026;Sep;7
MEX;NO;1;75132312;CDMX;Puebla;Atlixco;Atlixco;2026;Sep;4
MEX;NO;1;75133384;CDMX;Veracruz;Emiliano Zapata;EMILIANO ZAPATA, VER;2026;Sep;4
MEX;NO;1;75136200;CDMX;Veracruz;Emiliano Zapata;EMILIANO ZAPATA, VER;2026;Sep;4
MEX;NO;1;75136200;CDMX;Veracruz;Veracruz;Veracruz;2026;Sep;4
MEX;NO;1;75136611;CDMX;Veracruz;Poza Rica;Poza Rica;2026;Sep;4
MEX;NO;1;75136869;CDMX;Puebla;Tepeaca;Tepeaca;2026;Sep;4
MEX;NO;1;75136882;CDMX;Puebla;Tepeaca;Tepeaca;2026;Sep;4
MEX;NO;1;75136917;CDMX;Puebla;Tepeaca;Tepeaca;2026;Sep;4
MEX;NO;1;75137446;CDMX;Puebla;Puebla;Puebla;2026;Sep;5
MEX;NO;1;75137446;CDMX;Puebla;Tepeaca;Tepeaca;2026;Sep;5
MEX;NO;1;75138843;CDMX;Veracruz;Jalapa;Jalapa;2026;Sep;5
MEX;NO;1;75139431;CDMX;Tabasco;Teapa;Teapa;2026;Sep;5
MEX;NO;1;75141625;CDMX;Puebla;San Andrés Cholula;San Andrés Cholula;2026;Sep;8
MEX;NO;1;75147813;CDMX;Hidalgo;Pachuca;Pachuca;2026;Sep;7
MEX;NO;1;75152066;CDMX;Veracruz;Tantoyuca;Tantoyuca;2026;Sep;8
MEX;NO;1;75153536;CDMX;Chiapas;Comitán;Comitán Domínguez;2026;Sep;8
MEX;NO;1;75153536;CDMX;Chiapas;La Trinitaria;La Trinitaria;2026;Sep;8
MEX;NO;1;75155045;CDMX;Sonora;Benito Juarez;Benito Juarez;2026;Sep;8
MEX;NO;2;73788716;CDMX;Chiapas;Tuxtla Gutiérrez;Tuxtla Gutiérrez;2026;Ene;10
MEX;NO;2;73804937;CDMX;Veracruz;Martínez de la Torre;Martínez de la Torre;2026;Ene;3
MEX;NO;2;73827769;CDMX;Yucatán;Mérida;Mérida;2026;Ene;13
MEX;NO;2;73831178;CDMX;Veracruz;Poza Rica;Poza Rica;2026;Ene;6
MEX;NO;2;73839412;CDMX;Chiapas;Comitán;Comitán Domínguez;2026;Ene;8
MEX;NO;2;73842826;CDMX;Puebla;Puebla;Puebla;2026;Ene;9
MEX;NO;2;73842868;CDMX;Puebla;Amozoc;Amozoc;2026;Ene;12
MEX;NO;2;73843318;CDMX;CDMX+EDOMEX;Coatepec de Harinas;COATEPEC H. EDO.MEX.;2026;Ene;8
MEX;NO;2;73843362;CDMX;Veracruz;Veracruz;Veracruz;2026;Ene;8
MEX;NO;2;73859359;CDMX;Jalisco;Guadalajara;Guadalajara;2026;Ene;12
MEX;NO;2;73859359;CDMX;Jalisco;Guadalajara;Guadalajara S. Hgo.;2026;Ene;12
MEX;NO;2;73881445;CDMX;Veracruz;Poza Rica;Poza Rica;2026;Ene;21
MEX;NO;2;73889269;CDMX;Puebla;Tepeaca;Tepeaca;2026;Ene;14
MEX;NO;2;73930161;CDMX;Veracruz;Tantoyuca;Tantoyuca;2026;Ene;20
MEX;NO;2;73944975;CDMX;Chiapas;Tapachula;Tapachula;2026;Ene;22
MEX;NO;2;73967349;CDMX;Veracruz;Veracruz;Veracruz;2026;Feb;2
MEX;NO;2;73967386;CDMX;Veracruz;Veracruz;Veracruz;2026;Ene;29
MEX;NO;2;73972593;CDMX;Campeche;Campeche;Campeche;2026;Ene;28
MEX;NO;2;73975310;CDMX;Chiapas;Tapachula;Tapachula;2026;Ene;28
MEX;NO;2;73981509;CDMX;Veracruz;Poza Rica;Poza Rica;2026;Ene;30
MEX;NO;2;74008013;CDMX;Sonora;Benito Juarez;Benito Juarez;2026;Feb;3
MEX;NO;2;74012552;CDMX;Chiapas;Tuxtla Gutiérrez;Tuxtla Gutiérrez;2026;Feb;4
MEX;NO;2;74016854;CDMX;Tlaxcala;Sta Ana Chautempan;Sta.Ana Chautempan;2026;Feb;4
MEX;NO;2;74017775;CDMX;Tabasco;Villahermosa;Villahermosa;2026;Feb;4
MEX;NO;2;74023954;CDMX;Chiapas;Tapachula;Tapachula;2026;Feb;5
MEX;NO;2;74034009;CDMX;Veracruz;Veracruz;Veracruz;2026;Feb;7
MEX;NO;2;74034082;CDMX;Yucatán;Kanasin;Kanasin;2026;Feb;9
MEX;NO;2;74034082;CDMX;Yucatán;Mérida;Mérida;2026;Feb;9
MEX;NO;2;74050076;CDMX;Tabasco;Villahermosa;Villahermosa;2026;Feb;9
MEX;NO;2;74075640;CDMX;Yucatán;Uman;Uman;2026;Feb;20
MEX;NO;2;74075745;CDMX;Veracruz;Córdoba;Cordoba;2026;Feb;21
MEX;NO;2;74087803;CDMX;Tabasco;Villahermosa;Villahermosa;2026;Feb;16
MEX;NO;2;74094926;CDMX;Tabasco;Villahermosa;Villahermosa;2026;Feb;17
MEX;NO;2;74102128;CDMX;Veracruz;Veracruz;Veracruz;2026;Feb;20
MEX;NO;2;74145651;CDMX;Veracruz;Tantoyuca;Tantoyuca;2026;Feb;25
MEX;NO;2;74146564;CDMX;Chiapas;Tuxtla Gutiérrez;Tuxtla Gutiérrez;2026;Feb;25
MEX;NO;2;74147778;CDMX;Puebla;Teziutlán;Teziutlan;2026;Feb;26
MEX;NO;2;74181181;CDMX;Puebla;San Andrés Cholula;San Andrés Cholula;2026;Mar;19
MEX;NO;2;74197190;CDMX;;San Sebastian Tutla;San Sebastian Tutla;2026;Mar;13
MEX;NO;2;74204005;CDMX;Puebla;Atlixco;Atlixco;2026;Mar;9
MEX;NO;2;74222094;CDMX;Veracruz;Jalapa;Jalapa;2026;Mar;11
MEX;NO;2;74223408;CDMX;Puebla;Santiago Mihuatlán;Santiago Miahuatlan;2026;Mar;17
MEX;NO;2;74223408;CDMX;Puebla;Tehuacan;Tehuacan;2026;Mar;17
MEX;NO;2;74232427;CDMX;Oaxaca;San Jacinto Amilpas;;2026;Mar;23
MEX;NO;2;74250602;CDMX;Chiapas;S Crist de las Casas;S.Crist.de las Casas;2026;Mar;17
MEX;NO;2;74284237;CDMX;Veracruz;Veracruz;Veracruz;2026;Mar;24
MEX;NO;2;74294220;CDMX;Tabasco;Huimanguillo;Huimanguillo;2026;Mar;30
MEX;NO;2;74307298;CDMX;Yucatán;Uman;Uman;2026;Mar;27
MEX;NO;2;74321123;CDMX;Veracruz;Naranjos;Naranjos;2026;Abr;3
MEX;NO;2;74321123;CDMX;Veracruz;Tantoyuca;Tantoyuca;2026;Abr;3
MEX;NO;2;74369280;CDMX;Hidalgo;Acatlán;Acatlan;2026;Abr;7
MEX;NO;2;74378259;CDMX;Chiapas;Tapachula;Tapachula;2026;Abr;9
MEX;NO;2;74383844;CDMX;Puebla;S FelipeTeotlalcingo;;2026;Abr;10
MEX;NO;2;74386031;CDMX;Chiapas;S Crist de las Casas;S.Crist.de las Casas;2026;Abr;10
MEX;NO;2;74388197;CDMX;Puebla;Izuca de Matamoros;Izuca de Matamoros;2026;Abr;11
MEX;NO;2;74402232;CDMX;Veracruz;Jesus Carranza;JESUS CARRANZA, VER.;2026;Abr;13
MEX;NO;2;74407592;CDMX;Chiapas;Tuxtla Gutiérrez;Tuxtla Gutiérrez;2026;Abr;14
MEX;NO;2;74441686;CDMX;Puebla;Tepeaca;Tepeaca;2026;Abr;21
MEX;NO;2;74442144;CDMX;Hidalgo;Tulancingo;Tulancingo;2026;Abr;21
MEX;NO;2;74442258;CDMX;Chiapas;Tuxtla Gutiérrez;Tuxtla Gutiérrez;2026;Abr;21
MEX;NO;2;74442358;CDMX;Tlaxcala;Tetla;Tetla;2026;Abr;21
MEX;NO;2;74446608;CDMX;Veracruz;Orizaba;HUILOAPAN DE CUAUHT;2026;Abr;22
MEX;NO;2;74448126;CDMX;Puebla;Zacatlán;Zacatlan;2026;May;11
MEX;NO;2;74450832;CDMX;Veracruz;Veracruz;Veracruz;2026;Abr;23
MEX;NO;2;74452384;CDMX;Chiapas;Tapachula;Tapachula;2026;Abr;23
MEX;NO;2;74452402;CDMX;Chiapas;Motozintla;Motozintla;2026;Abr;23
MEX;NO;2;74453092;CDMX;Michoacán;Riva Palacio;Riva Palacio;2026;Abr;23
MEX;NO;2;74457636;CDMX;;Sta Maria Colotepec;;2026;May;4
MEX;NO;2;74458181;CDMX;Puebla;Puebla;Puebla;2026;Abr;24
MEX;NO;2;74476861;CDMX;Puebla;Puebla;Puebla;2026;Abr;28
MEX;NO;2;74477243;CDMX;Campeche;Campeche;Campeche;2026;Abr;27
MEX;NO;2;74479915;CDMX;Veracruz;Tantoyuca;Tantoyuca;2026;Abr;29
MEX;NO;2;74479919;CDMX;Veracruz;Tantoyuca;Tantoyuca;2026;Abr;29
MEX;NO;2;74481728;CDMX;Puebla;Tehuacan;Tehuacan;2026;Abr;29
MEX;NO;2;74481756;CDMX;Yucatán;Mérida;Mérida;2026;Abr;30
MEX;NO;2;74484761;CDMX;Chiapas;Tuxtla Gutiérrez;Tuxtla Gutiérrez;2026;Abr;30
MEX;NO;2;74486040;CDMX;Puebla;Chachapa;Chachapa;2026;Abr;30
MEX;NO;2;74487638;CDMX;Veracruz;Medellín de Bravo;Medellin de Bravo;2026;Abr;30
MEX;NO;2;74488489;CDMX;Veracruz;Martínez de la Torre;Martínez de la Torre;2026;Abr;30
MEX;NO;2;74488489;CDMX;Veracruz;Poza Rica;Poza Rica;2026;Abr;30
MEX;NO;2;74498444;CDMX;Veracruz;Jalacingo;Jalacingo;2026;May;1
MEX;NO;2;74498444;CDMX;Veracruz;Perote;Perote;2026;May;1
MEX;NO;2;74516104;CDMX;Yucatán;Mérida;Mérida;2026;May;6
MEX;NO;2;74534077;CDMX;Quintana Roo;Playa del Carmen;Playa del Carmen;2026;May;8
MEX;NO;2;74534077;CDMX;Sonora;Benito Juarez;Benito Juarez;2026;May;8
MEX;NO;2;74547435;CDMX;Chiapas;Tapachula;Tapachula;2026;May;11
MEX;NO;2;74549015;CDMX;Chiapas;Tapachula;Tapachula;2026;May;11
MEX;NO;2;74556994;CDMX;Yucatán;Uman;Uman;2026;May;13
MEX;NO;2;74561932;CDMX;Veracruz;Córdoba;Cordoba;2026;May;14
MEX;NO;2;74568999;CDMX;Puebla;Puebla;Puebla;2026;May;15
MEX;NO;2;74568999;CDMX;Puebla;San Pedro Cholula;San Pedro Cholula;2026;May;15
MEX;NO;2;74576675;CDMX;Veracruz;Veracruz;Veracruz;2026;May;16
MEX;NO;2;74586370;CDMX;Veracruz;Veracruz;Veracruz;2026;May;18
MEX;NO;2;74593207;CDMX;Chiapas;S Crist de las Casas;S.Crist.de las Casas;2026;May;19
MEX;NO;2;74595127;CDMX;Chiapas;La Trinitaria;La Trinitaria;2026;May;20
MEX;NO;2;74600727;CDMX;Puebla;Tehuacan;Tehuacan;2026;May;21
MEX;NO;2;74630035;CDMX;Veracruz;Tantoyuca;Tantoyuca;2026;May;25
MEX;NO;2;74638350;CDMX;Guerrero;Ciudad Altamirano;Cd. Altamirano;2026;May;27
MEX;NO;2;74640522;CDMX;Guerrero;Acapulco;Acapulco de Juarez;2026;May;27
MEX;NO;2;74640522;CDMX;Guerrero;Chilpancilgo;Chilpancingo;2026;May;27
MEX;NO;2;74672390;CDMX;CDMX+EDOMEX;Metepec;Metepec;2026;Jun;3
MEX;NO;2;74674212;CDMX;Chiapas;Tapachula;Tapachula;2026;Jun;3
MEX;NO;2;74674265;CDMX;Puebla;Atlixco;Atlixco;2026;Jun;3
MEX;NO;2;74674265;CDMX;Puebla;Puebla;Puebla;2026;Jun;3
MEX;NO;2;74703740;CDMX;Oaxaca;Salina Cruz;Salina Cruz;2026;Jun;10
MEX;NO;2;74712133;CDMX;Chiapas;Tuxtla Gutiérrez;Tuxtla Gutiérrez;2026;Jun;10
MEX;NO;2;74716702;CDMX;Chiapas;Tuxtla Gutiérrez;Tuxtla Gutiérrez;2026;Jun;10
MEX;NO;2;74717742;CDMX;Chiapas;Comalapan;Cd. Front. Comalapa;2026;Jun;9
MEX;NO;2;74717742;CDMX;Chiapas;Comitán;Comitán Domínguez;2026;Jun;9
MEX;NO;2;74724546;CDMX;Oaxaca;Oaxaca;Oaxaca;2026;Jun;12
MEX;NO;2;74731229;CDMX;Guanajuato;Celaya;Celaya;2026;Jun;12
MEX;NO;2;74747535;CDMX;Veracruz;Veracruz;Veracruz;2026;Jun;16
MEX;NO;2;74752193;CDMX;Puebla;Puebla;Puebla;2026;Jun;17
MEX;NO;2;74765283;CDMX;Campeche;Campeche;Campeche;2026;Jun;19
MEX;NO;2;74765283;CDMX;Campeche;Champotón;Champoton;2026;Jun;19
MEX;NO;2;74770023;CDMX;Hidalgo;Ciudad Sahagún;Mineral d/l Reforma;2026;Jun;20
MEX;NO;2;74785262;CDMX;Puebla;Amozoc;Amozoc;2026;Jun;23
MEX;NO;2;74785262;CDMX;Puebla;Atlixco;Atlixco;2026;Jun;23
MEX;NO;2;74786367;CDMX;Yucatán;Mérida;Mérida;2026;Jun;23
MEX;NO;2;74789395;CDMX;Jalisco;Ocotlán;Ocotlán;2026;Jun;24
MEX;NO;2;74790286;CDMX;Puebla;Puebla;Puebla;2026;Jun;24
MEX;NO;2;74800685;CDMX;Puebla;Chachapa;Chachapa;2026;Jun;25
MEX;NO;2;74816010;CDMX;Chiapas;Chilon;Chilon;2026;Jun;29
MEX;NO;2;74816010;CDMX;Chiapas;Ocotzingo;Ocotzingo;2026;Jun;29
MEX;NO;2;74816364;CDMX;Puebla;Tehuacan;Tehuacan;2026;Jun;29
MEX;NO;2;74826936;CDMX;Chiapas;Tuxtla Gutiérrez;Tuxtla Gutiérrez;2026;Jul;4
MEX;NO;2;74827013;CDMX;Hidalgo;Tulancingo;Tulancingo;2026;Jul;1
MEX;NO;2;74827648;CDMX;Nuevo León;Apodaca;Apodaca;2026;Jul;1
MEX;NO;2;74831838;CDMX;Hidalgo;Tula de Allende;Tula de Allende;2026;Jul;2
MEX;NO;2;74841251;CDMX;Tabasco;Villahermosa;Villahermosa;2026;Jul;4
MEX;NO;2;74841974;CDMX;Veracruz;Veracruz;Veracruz;2026;Jul;4
MEX;NO;2;74857312;CDMX;Chiapas;Ocotzingo;Ocotzingo;2026;Jul;7
MEX;NO;2;74858338;CDMX;Puebla;Tepeaca;Tepeaca;2026;Jul;7
MEX;NO;2;74858524;CDMX;Puebla;Puebla;Puebla;2026;Jul;7
MEX;NO;2;74861621;CDMX;Puebla;Puebla;Puebla;2026;Jul;8
MEX;NO;2;74865838;CDMX;Puebla;Amozoc;Amozoc;2026;Jul;8
MEX;NO;2;74867765;CDMX;Puebla;Puebla;Puebla;2026;Jul;8
MEX;NO;2;74870045;CDMX;Tabasco;Villahermosa;Villahermosa;2026;Jul;9
MEX;NO;2;74870269;CDMX;Puebla;Atlixco;Atlixco;2026;Jul;9
MEX;NO;2;74872929;CDMX;Puebla;Tepeaca;Tepeaca;2026;Jul;10
MEX;NO;2;74895387;CDMX;Jalisco;Guadalajara;Guadalajara S. Hgo.;2026;Jul;14
MEX;NO;2;74895387;CDMX;Jalisco;Ocotlán;Ocotlán;2026;Jul;14
MEX;NO;2;74895394;CDMX;Jalisco;Guadalajara;Guadalajara Juárez;2026;Jul;14
MEX;NO;2;74895394;CDMX;Jalisco;Zapopan;Zapopan;2026;Jul;14
MEX;NO;2;74897818;CDMX;Veracruz;Veracruz;Veracruz;2026;Jul;14
MEX;NO;2;74899543;CDMX;Tabasco;Villahermosa;Villahermosa;2026;Jul;14
MEX;NO;2;74904579;CDMX;Veracruz;Veracruz;Veracruz;2026;Jul;18
MEX;NO;2;74904636;CDMX;Veracruz;Veracruz;Veracruz;2026;Jul;17
MEX;NO;2;74905826;CDMX;Veracruz;Veracruz;Veracruz;2026;Jul;18
MEX;NO;2;74920432;CDMX;Veracruz;Veracruz;Veracruz;2026;Jul;21
MEX;NO;2;74921688;CDMX;Jalisco;Guadalajara;Guadalajara;2026;Jul;20
MEX;NO;2;74922803;CDMX;Puebla;San Andrés Cholula;San Andrés Cholula;2026;Jul;21
MEX;NO;2;74930892;CDMX;Yucatán;Uman;Uman;2026;Jul;22
MEX;NO;2;74935370;CDMX;Puebla;Tepeaca;Tepeaca;2026;Jul;25
MEX;NO;2;74935403;CDMX;Puebla;Tepeaca;Tepeaca;2026;Jul;24
MEX;NO;2;74942300;CDMX;Guerrero;Acapulco;Acapulco de Juarez;2026;Jul;25
MEX;NO;2;74956445;CDMX;Tlaxcala;Sta Ana Chautempan;Sta.Ana Chautempan;2026;Jul;29
MEX;NO;2;74966516;CDMX;;Acapulco de Juarez,Ometepec;Ometepec;2026;Ago;4
MEX;NO;2;74966516;CDMX;Guerrero;Acapulco;Acapulco de Juarez;2026;Ago;4
MEX;NO;2;74972845;CDMX;Guanajuato;Celaya;Celaya;2026;Ago;1
MEX;NO;2;74982767;CDMX;Sonora;Benito Juarez;Benito Juarez;2026;Ago;3
MEX;NO;2;74988388;CDMX;Tabasco;Huimanguillo;Huimanguillo;2026;Ago;4
MEX;NO;2;74989813;CDMX;Yucatán;Uman;Uman;2026;Ago;5
MEX;NO;2;74990023;CDMX;Oaxaca;Matías Romero;Matias Romero;2026;Ago;13
MEX;NO;2;74991588;CDMX;Guerrero;Acapulco;Acapulco de Juarez;2026;Ago;7
MEX;NO;2;74991588;CDMX;Guerrero;Benito Juarez;Benito Juarez;2026;Ago;7
MEX;NO;2;74998371;CDMX;Puebla;Teziutlán;Teziutlan;2026;Ago;7
MEX;NO;2;74998371;CDMX;Puebla;Tlatlauquitepec, Pue;Tlatlauquitepec, Pue;2026;Ago;7
MEX;NO;2;75001589;CDMX;Tabasco;Centro;Centro;2026;Ago;10
MEX;NO;2;75001589;CDMX;Tabasco;Huimanguillo;Huimanguillo;2026;Ago;10
MEX;NO;2;75014051;CDMX;Oaxaca;Oaxaca;Oaxaca;2026;Ago;25
MEX;NO;2;75014051;CDMX;Oaxaca;Sta Cruz Xoxocotlan;Miahuatlán;2026;Ago;25
MEX;NO;2;75019261;CDMX;Tabasco;Cárdenas;Cárdenas;2026;Ago;11
MEX;NO;2;75019261;CDMX;Tabasco;Villahermosa;Villahermosa;2026;Ago;11
MEX;NO;2;75019276;CDMX;Chiapas;Comitán;Comitán Domínguez;2026;Ago;11
MEX;NO;2;75029865;CDMX;Chiapas;Chilon;Chilon;2026;Ago;13
MEX;NO;2;75029865;CDMX;Chiapas;Yajalón;Yajalon;2026;Ago;13
MEX;NO;2;75032643;CDMX;Puebla;Zacapoaxtla;Zacapoaxtla;2026;Ago;17
MEX;NO;2;75032924;CDMX;Quintana Roo;Playa del Carmen;Playa del Carmen;2026;Ago;14
MEX;NO;2;75047615;CDMX;Chiapas;Chiapa de Corzo;Chiapa de Corzo;2026;Ago;17
MEX;NO;2;75047615;CDMX;Chiapas;Tuxtla Gutiérrez;Tuxtla Gutiérrez;2026;Ago;17
MEX;NO;2;75050669;CDMX;Michoacán;Morelia;Morelia;2026;Ago;18
MEX;NO;2;75052654;CDMX;Puebla;Amozoc;Amozoc;2026;Ago;18
MEX;NO;2;75052654;CDMX;Puebla;Puebla;Puebla;2026;Ago;18
MEX;NO;2;75053142;CDMX;Veracruz;Medellín de Bravo;Medellin de Bravo;2026;Ago;18
MEX;NO;2;75053152;CDMX;Veracruz;Coatzintla;Coatzintla;2026;Ago;18
MEX;NO;2;75053152;CDMX;Veracruz;Poza Rica;Poza Rica;2026;Ago;18
MEX;NO;2;75061654;CDMX;Veracruz;Tantoyuca;Tantoyuca;2026;Ago;20
MEX;NO;2;75064409;CDMX;Chiapas;Comitán;Comitán Domínguez;2026;Ago;20
MEX;NO;2;75064409;CDMX;Chiapas;S Crist de las Casas;S.Crist.de las Casas;2026;Ago;20
MEX;NO;2;75086096;CDMX;Veracruz;Córdoba;Cordoba;2026;Ago;25
MEX;NO;2;75086096;CDMX;Veracruz;Orizaba;HUILOAPAN DE CUAUHT;2026;Ago;25
MEX;NO;2;75092317;CDMX;Tabasco;Comalcalco;Comalcalco;2026;Ago;26
MEX;NO;2;75092317;CDMX;Tabasco;Villahermosa;Villahermosa;2026;Ago;26
MEX;NO;2;75093549;CDMX;Tlaxcala;Apizaco;Apizaco;2026;Ago;26
MEX;NO;2;75095982;CDMX;Guerrero;Acapulco;Acapulco de Juarez;2026;Ago;27
MEX;NO;2;75103414;CDMX;Hidalgo;Zempoala;;2026;Ago;28
MEX;NO;2;75104252;CDMX;Veracruz;Veracruz;Veracruz;2026;Ago;28
MEX;NO;2;75117894;CDMX;Puebla;Santiago Mihuatlán;Santiago Miahuatlan;2026;Ago;31
MEX;NO;2;75126084;CDMX;Veracruz;Emiliano Zapata;EMILIANO ZAPATA, VER;2026;Sep;2
MEX;NO;2;75126084;CDMX;Veracruz;Jalapa;Jalapa;2026;Sep;2
MEX;NO;2;75126106;CDMX;;Martinez de la Torre,Nautla;;2026;Sep;2
MEX;NO;2;75126106;CDMX;Veracruz;Martínez de la Torre;Martínez de la Torre;2026;Sep;2
MEX;NO;2;75129310;CDMX;Veracruz;Río Blanco;Rio Blanco;2026;Sep;4
MEX;NO;2;75133359;CDMX;Puebla;Puebla;Puebla;2026;Sep;4
MEX;NO;2;75141300;CDMX;Chiapas;Tapachula;Tapachula;2026;Sep;5
MEX;NO;2;75149450;CDMX;Jalisco;Guadalajara;Guadalajara;2026;Sep;8
MEX;NO;2;75149450;CDMX;Jalisco;Tlajomulco de Zúñiga;Tlajomulco de Zuñiga;2026;Sep;8
MEX;NO;2;75149450;CDMX;Jalisco;Zapopan;Zapopan;2026;Sep;8
MEX;NO;2;75150277;CDMX;Veracruz;Medellín de Bravo;Medellin de Bravo;2026;Sep;8
MEX;NO;3;73734829;CDMX;Chiapas;Tapachula;Tapachula;2026;Ene;3
MEX;NO;3;73773032;CDMX;Yucatán;Uman;Uman;2026;Ene;6
MEX;NO;3;73805494;CDMX;Tabasco;Comalcalco;Comalcalco;2026;Ene;13
MEX;NO;3;73827727;CDMX;Jalisco;Ocotlán;Ocotlán;2026;Feb;3
MEX;NO;3;73831213;CDMX;Oaxaca;Sta Cruz Xoxocotlan;STA.CRUZ XOXOCOTLAN;2026;Ene;7
MEX;NO;3;73832625;CDMX;Oaxaca;San Pedro Pochutla;San Pedro Pochutla;2026;Ene;7
MEX;NO;3;73838362;CDMX;Oaxaca;Puerto Escondido;Puerto Escondido;2026;Ene;7
MEX;NO;3;73838423;CDMX;Veracruz;Jalacingo;Jalacingo;2026;Ene;13
MEX;NO;3;73843322;CDMX;Veracruz;Veracruz;Veracruz;2026;Ene;8
MEX;NO;3;73844586;CDMX;Tlaxcala;Zacatelco;Zacatelco;2026;Ene;9
MEX;NO;3;73845114;CDMX;Chiapas;Tuxtla Gutiérrez;Tuxtla Gutiérrez;2026;Ene;12
MEX;NO;3;73857354;CDMX;Oaxaca;San Pedro Pochutla;San Pedro Pochutla;2026;Ene;10
MEX;NO;3;73873289;CDMX;Quintana Roo;Playa del Carmen;Playa del Carmen;2026;Ene;12
MEX;NO;3;73927402;CDMX;Veracruz;Playa Vicente;PLAYA VICENTE, VER.;2026;Feb;10
MEX;NO;3;74010986;CDMX;Tabasco;Villahermosa;Villahermosa;2026;Feb;4
MEX;NO;3;74016542;CDMX;Tlaxcala;Zacatelco;Zacatelco;2026;Feb;4
MEX;NO;3;74024023;CDMX;Veracruz;Veracruz;Veracruz;2026;Feb;6
MEX;NO;3;74034016;CDMX;Veracruz;Veracruz;Veracruz;2026;Feb;7
MEX;NO;3;74079500;CDMX;Veracruz;Jalacingo;Jalacingo;2026;Feb;16
MEX;NO;3;74079882;CDMX;Oaxaca;Tlaxiaco;TLAXIACO;2026;Mar;23
MEX;NO;3;74097905;CDMX;Michoacán;Riva Palacio;Riva Palacio;2026;Feb;23
MEX;NO;3;74132980;CDMX;Veracruz;Veracruz;Veracruz;2026;Feb;24
MEX;NO;3;74158179;CDMX;Hidalgo;Atotonilco de Tula;Atotonilco de Tula;2026;Mar;6
MEX;NO;3;74161412;CDMX;Veracruz;Veracruz;Veracruz;2026;Feb;28
MEX;NO;3;74161414;CDMX;Veracruz;Veracruz;Veracruz;2026;Feb;28
MEX;NO;3;74199223;CDMX;Campeche;Campeche;Campeche;2026;Mar;6
MEX;NO;3;74232628;CDMX;Oaxaca;Oaxaca;Oaxaca;2026;Mar;14
MEX;NO;3;74258398;CDMX;Puebla;Puebla;Puebla;2026;Mar;20
MEX;NO;3;74296062;CDMX;Puebla;Teziutlán;Teziutlan;2026;Mar;26
MEX;NO;3;74296062;CDMX;Veracruz;Jalacingo;Jalacingo;2026;Mar;26
MEX;NO;3;74307603;CDMX;Puebla;Puebla;Puebla;2026;Mar;27
MEX;NO;3;74321183;CDMX;Chiapas;Chiapa de Corzo;Chiapa de Corzo;2026;Mar;30
MEX;NO;3;74321183;CDMX;Chiapas;Tuxtla Gutiérrez;Tuxtla Gutiérrez;2026;Mar;30
MEX;NO;3;74335424;CDMX;Veracruz;Martínez de la Torre;Martínez de la Torre;2026;Abr;2
MEX;NO;3;74376618;CDMX;Quintana Roo;Playa del Carmen;Playa del Carmen;2026;Abr;9
MEX;NO;3;74387103;CDMX;Puebla;Puebla;Puebla;2026;Abr;17
MEX;NO;3;74387103;CDMX;Puebla;San Andrés Cholula;San Andrés Cholula;2026;Abr;17
MEX;NO;3;74401331;CDMX;Puebla;Atlixco;Atlixco;2026;Abr;13
MEX;NO;3;74430777;CDMX;Puebla;Tepeaca;Tepeaca;2026;Abr;20
MEX;NO;3;74442339;CDMX;Tabasco;Villahermosa;Villahermosa;2026;Abr;22
MEX;NO;3;74446645;CDMX;Oaxaca;Tuxtepec;Tuxtepec;2026;Abr;22
MEX;NO;3;74447028;CDMX;Puebla;Puebla;Puebla;2026;Abr;22
MEX;NO;3;74447028;CDMX;Tlaxcala;San Pablo Monte;San Pablo del Monte;2026;Abr;22
MEX;NO;3;74475007;CDMX;Yucatán;Mérida;Mérida;2026;Abr;28
MEX;NO;3;74475721;CDMX;Puebla;Atlixco;Atlixco;2026;Abr;28
MEX;NO;3;74483946;CDMX;Chiapas;Tapachula;Tapachula;2026;Abr;29
MEX;NO;3;74498539;CDMX;Chiapas;San Fernando;San Fernando;2026;May;2
MEX;NO;3;74498539;CDMX;Chiapas;Tuxtla Gutiérrez;Tuxtla Gutiérrez;2026;May;2
MEX;NO;3;74498631;CDMX;Tlaxcala;Tetla;Tetla;2026;May;1
MEX;NO;3;74513822;CDMX;Veracruz;Alamo;Álamo;2026;May;5
MEX;NO;3;74513822;CDMX;Veracruz;Poza Rica;Poza Rica;2026;May;5
MEX;NO;3;74515439;CDMX;Chiapas;Tuxtla Gutiérrez;Tuxtla Gutiérrez;2026;May;5
MEX;NO;3;74516114;CDMX;Tabasco;Centro;Centro;2026;May;6
MEX;NO;3;74519452;CDMX;Nayarit;Tepic;Tepic;2026;May;6
MEX;NO;3;74538660;CDMX;Puebla;Tehuacan;Tehuacan;2026;May;9
MEX;NO;3;74550038;CDMX;Chiapas;Tapachula;Tapachula;2026;May;12
MEX;NO;3;74557002;CDMX;Yucatán;Uman;Uman;2026;May;13
MEX;NO;3;74569639;CDMX;Veracruz;Poza Rica;Poza Rica;2026;May;15
MEX;NO;3;74569643;CDMX; ;Alamo Temapache*NU;Temapache;2026;May;15
MEX;NO;3;74576610;CDMX;Veracruz;Veracruz;Veracruz;2026;May;16
MEX;NO;3;74577862;CDMX;Veracruz;Veracruz;Veracruz;2026;May;16
MEX;NO;3;74588142;CDMX;Chiapas;Ciudad Altamirano;Ciudad Altamirano;2026;May;19
MEX;NO;3;74588142;CDMX;Chiapas;Ocotzingo;Ocotzingo;2026;May;19
MEX;NO;3;74593182;CDMX;Chiapas;Comitán;Comitán Domínguez;2026;May;19
MEX;NO;3;74595114;CDMX;Chiapas;Tapachula;Tapachula;2026;May;21
MEX;NO;3;74595122;CDMX;Chiapas;San Fernando;San Fernando;2026;May;20
MEX;NO;3;74595122;CDMX;Chiapas;Tuxtla Gutiérrez;Tuxtla Gutiérrez;2026;May;20
MEX;NO;3;74598927;CDMX;Guerrero;Acapulco;Acapulco de Juarez;2026;May;20
MEX;NO;3;74600233;CDMX;Puebla;S FelipeTeotlalcingo;;2026;May;20
MEX;NO;3;74602923;CDMX;Veracruz;Veracruz;Veracruz;2026;May;20
MEX;NO;3;74614018;CDMX;Veracruz;Veracruz;Veracruz;2026;May;23
MEX;NO;3;74614025;CDMX;Veracruz;Veracruz;Veracruz;2026;May;22
MEX;NO;3;74614950;CDMX;Jalisco;Ocotlán;Ocotlán;2026;May;23
MEX;NO;3;74626218;CDMX;Veracruz;Jalapa;Jalapa;2026;May;25
MEX;NO;3;74638466;CDMX;Yucatán;Mérida;Mérida;2026;May;27
MEX;NO;3;74640565;CDMX;Tabasco;Villahermosa;Villahermosa;2026;May;27
MEX;NO;3;74640686;CDMX;Hidalgo;Tulancingo;Tulancingo;2026;May;27
MEX;NO;3;74647017;CDMX;Yucatán;Uman;Uman;2026;May;29
MEX;NO;3;74647022;CDMX;Yucatán;Uman;Uman;2026;May;29
MEX;NO;3;74655060;CDMX;;San Sebastian Tutla,Sta Cruz Xoxocotlan;San Sebastian Tutla;2026;May;29
MEX;NO;3;74655060;CDMX;Oaxaca;Sta Cruz Xoxocotlan;STA.CRUZ XOXOCOTLAN;2026;May;29
MEX;NO;3;74655211;CDMX;Yucatán;Mérida;Mérida;2026;Jun;1
MEX;NO;3;74655211;CDMX;Yucatán;Uman;Uman;2026;Jun;1
MEX;NO;3;74668476;CDMX;Campeche;Campeche;Campeche;2026;Jun;2
MEX;NO;3;74672275;CDMX;Veracruz;Río Blanco;Rio Blanco;2026;Jun;4
MEX;NO;3;74677699;CDMX;Campeche;Champotón;Champoton;2026;Jun;3
MEX;NO;3;74683381;CDMX;Guerrero;Ciudad Altamirano;Cd. Altamirano;2026;Jun;4
MEX;NO;3;74687550;CDMX;Veracruz;Veracruz;Veracruz;2026;Jun;5
MEX;NO;3;74719921;CDMX;Puebla;Izuca de Matamoros;Izuca de Matamoros;2026;Jun;11
MEX;NO;3;74721195;CDMX;Chiapas;Mapastepec;Mapastepec;2026;Jun;12
MEX;NO;3;74721195;CDMX;Chiapas;Pijijiapan;Pijijiapan;2026;Jun;12
MEX;NO;3;74731642;CDMX;Jalisco;Tlajomulco de Zúñiga;Tlajomulco de Zuñiga;2026;Jun;12
MEX;NO;3;74733867;CDMX;Jalisco;Guadalajara;Guadalajara;2026;Jun;12
MEX;NO;3;74745660;CDMX;Jalisco;Zapopan;Zapopan;2026;Jun;15
MEX;NO;3;74778890;CDMX;Chiapas;Tuxtla Gutiérrez;Tuxtla Gutiérrez;2026;Jun;22
MEX;NO;3;74781177;CDMX;;Ocotlan de Morelos,San Sebastian Tutla;San Sebastian Tutla;2026;Jun;23
MEX;NO;3;74781177;CDMX;Oaxaca;Ocotlán;Ocotlan;2026;Jun;23
MEX;NO;3;74809895;CDMX;CDMX+EDOMEX;Metepec;Metepec;2026;Jun;27
MEX;NO;3;74831851;CDMX;Jalisco;Guadalajara;Guadalajara S. Hgo.;2026;Jul;2
MEX;NO;3;74831851;CDMX;Jalisco;Zapopan;Zapopan;2026;Jul;2
MEX;NO;3;74838324;CDMX;Jalisco;Tlajomulco de Zúñiga;Tlajomulco de Zuñiga;2026;Jul;3
MEX;NO;3;74838324;CDMX;Nayarit;Tepic;Tepic;2026;Jul;3
MEX;NO;3;74838427;CDMX;Quintana Roo;Isla Cancun;Isla Cancún;2026;Jul;3
MEX;NO;3;74838427;CDMX;Quintana Roo;Playa del Carmen;Playa del Carmen;2026;Jul;3
MEX;NO;3;74841521;CDMX;Veracruz;Veracruz;Veracruz;2026;Jul;4
MEX;NO;3;74841608;CDMX;Veracruz;Veracruz;Veracruz;2026;Jul;4
MEX;NO;3;74862182;CDMX;Yucatán;Mérida;Mérida;2026;Jul;8
MEX;NO;3;74869490;CDMX;Aguascalientes;Aguascalientes;Aguascalientes;2026;Jul;9
MEX;NO;3;74869500;CDMX;Aguascalientes;Aguascalientes;Aguascalientes;2026;Jul;9
MEX;NO;3;74869940;CDMX;Veracruz;Poza Rica;Poza Rica;2026;Jul;9
MEX;NO;3;74873755;CDMX;Veracruz;Tantoyuca;Tantoyuca;2026;Jul;10
MEX;NO;3;74887582;CDMX;Yucatán;Mérida;Mérida;2026;Jul;13
MEX;NO;3;74907124;CDMX;Puebla;Tepeaca;Tepeaca;2026;Jul;17
MEX;NO;3;74911647;CDMX;Jalisco;Ocotlán;Ocotlán;2026;Jul;20
MEX;NO;3;74928307;CDMX;Oaxaca;Tuxtepec;Tuxtepec;2026;Jul;22
MEX;NO;3;74935320;CDMX;Puebla;Tepeaca;Tepeaca;2026;Jul;25
MEX;NO;3;74935398;CDMX;Puebla;Tepeaca;Tepeaca;2026;Jul;23
MEX;NO;3;74935449;CDMX;Puebla;Tepeaca;Tepeaca;2026;Jul;25
MEX;NO;3;74949118;CDMX;Puebla;Puebla;Puebla;2026;Jul;27
MEX;NO;3;74949167;CDMX;Puebla;Puebla;Puebla;2026;Jul;27
MEX;NO;3;74955797;CDMX;Veracruz;Medellín de Bravo;Medellin de Bravo;2026;Jul;28
MEX;NO;3;74955819;CDMX;Puebla;Atlixco;Atlixco;2026;Jul;29
MEX;NO;3;74955897;CDMX;Puebla;Puebla;Puebla;2026;Jul;29
MEX;NO;3;74968411;CDMX;Guerrero;Chilpancilgo;Chilpancingo;2026;Jul;31
MEX;NO;3;74970146;CDMX;Guerrero;Ciudad Altamirano;Cd. Altamirano;2026;Ago;1
MEX;NO;3;74978075;CDMX;Guanajuato;Celaya;Celaya;2026;Ago;3
MEX;NO;3;74978077;CDMX;Guanajuato;Celaya;Celaya;2026;Ago;3
MEX;NO;3;74984597;CDMX;Guerrero;Ciudad Altamirano;Cd. Altamirano;2026;Ago;4
MEX;NO;3;74984597;CDMX;Michoacán;Riva Palacio;Riva Palacio;2026;Ago;4
MEX;NO;3;75002152;CDMX;Veracruz;Poza Rica;Poza Rica;2026;Ago;8
MEX;NO;3;75012058;CDMX;Quintana Roo;Playa del Carmen;Playa del Carmen;2026;Ago;10
MEX;NO;3;75012058;CDMX;Sonora;Benito Juarez;Benito Juarez;2026;Ago;10
MEX;NO;3;75028824;CDMX;Chiapas;Tuxtla Gutiérrez;Tuxtla Gutiérrez;2026;Ago;13
MEX;NO;3;75034283;CDMX;Tabasco;Centro;Centro;2026;Ago;14
MEX;NO;3;75034856;CDMX;Tabasco;Teapa;Teapa;2026;Ago;14
MEX;NO;3;75034856;CDMX;Tabasco;Villahermosa;Villahermosa;2026;Ago;14
MEX;NO;3;75048187;CDMX;Chiapas;Oxchuc Chs;OXCHUC, CHIS.;2026;Ago;17
MEX;NO;3;75048187;CDMX;Chiapas;S Crist de las Casas;S.Crist.de las Casas;2026;Ago;17
MEX;NO;3;75054132;CDMX;Oaxaca;Juchitán;Juchitan;2026;Ago;25
MEX;NO;3;75062702;CDMX;Oaxaca;Tuxtepec;Tuxtepec;2026;Ago;20
MEX;NO;3;75068932;CDMX;Guerrero;Acapulco;Acapulco de Juarez;2026;Ago;21
MEX;NO;3;75085955;CDMX;Quintana Roo;Playa del Carmen;Playa del Carmen;2026;Ago;25
MEX;NO;3;75085955;CDMX;Yucatán;Uman;Uman;2026;Ago;25
MEX;NO;3;75085997;CDMX;Hidalgo;Tulancingo;Tulancingo;2026;Ago;25
MEX;NO;3;75098209;CDMX;Tabasco;Comalcalco;Comalcalco;2026;Ago;27
MEX;NO;3;75098209;CDMX;Tabasco;Cunduacan;Cunduacan;2026;Ago;27
MEX;NO;3;75099050;CDMX;Hidalgo;Atotonilco de Tula;Atotonilco de Tula;2026;Ago;27
MEX;NO;3;75106893;CDMX;Tabasco;Centro;Centro;2026;Ago;29
MEX;NO;3;75106893;CDMX;Tabasco;Villahermosa;Villahermosa;2026;Ago;29
MEX;NO;3;75136914;CDMX;Puebla;Tepeaca;Tepeaca;2026;Sep;5
MEX;NO;3;75141386;CDMX;Oaxaca;Oaxaca;Oaxaca;2026;Sep;5
MEX;NO;3;75141386;CDMX;Oaxaca;Sta Cruz Xoxocotlan;STA.CRUZ XOXOCOTLAN;2026;Sep;5
MEX;NO;4;73803397;CDMX;Tlaxcala;Zacatelco;Zacatelco;2026;Ene;6
MEX;NO;4;73839577;CDMX;Guerrero;Acapulco;Acapulco de Juarez;2026;Ene;8
MEX;NO;4;73839587;CDMX;Guerrero;Acapulco;Acapulco de Juarez;2026;Ene;8
MEX;NO;4;73849081;CDMX;Puebla;Tehuacan;Tehuacan;2026;Ene;9
MEX;NO;4;73849082;CDMX;Guanajuato;Celaya;Celaya;2026;Ene;10
MEX;NO;4;73849082;CDMX;Guanajuato;Irapuato;Irapuato;2026;Ene;10
MEX;NO;4;73896436;CDMX;Hidalgo;Atotonilco de Tula;Atotonilco de Tula;2026;Ene;17
MEX;NO;4;73933606;CDMX;Veracruz;Veracruz;Veracruz;2026;Ene;21
MEX;NO;4;73946386;CDMX;Puebla;Atlixco;Atlixco;2026;Ene;23
MEX;NO;4;73956579;CDMX;Veracruz;Martínez de la Torre;Martínez de la Torre;2026;Ene;26
MEX;NO;4;73963965;CDMX;Puebla;Puebla;Puebla;2026;Ene;26
MEX;NO;4;73971085;CDMX;Tabasco;Cunduacan;Cunduacan;2026;Ene;28
MEX;NO;4;73975432;CDMX;Chiapas;Tapachula;Tapachula;2026;Ene;28
MEX;NO;4;74001046;CDMX;Tlaxcala;Sta Ana Chautempan;Sta.Ana Chautempan;2026;Feb;4
MEX;NO;4;74011119;CDMX;Tabasco;Villahermosa;Villahermosa;2026;Feb;4
MEX;NO;4;74011353;CDMX;Jalisco;Zapopan;Zapopan;2026;Feb;4
MEX;NO;4;74015778;CDMX;Oaxaca;Sta Cruz Xoxocotlan;STA.CRUZ XOXOCOTLAN;2026;Feb;5
MEX;NO;4;74022110;CDMX;Oaxaca;Sta Cruz Xoxocotlan;STA.CRUZ XOXOCOTLAN;2026;Feb;5
MEX;NO;4;74097688;CDMX;Veracruz;Veracruz;Veracruz;2026;Feb;19
MEX;NO;4;74104306;CDMX;Chiapas;Ocotzingo;Ocotzingo;2026;Feb;19
MEX;NO;4;74138747;CDMX;Guanajuato;Celaya;Celaya;2026;Feb;25
MEX;NO;4;74289699;CDMX;Veracruz;Veracruz;Veracruz;2026;Mar;26
MEX;NO;4;74301244;CDMX;Chiapas;La Concordia;La Concordia;2026;Abr;2
MEX;NO;4;74327624;CDMX;Chiapas;Comitán;Comitán Domínguez;2026;Abr;1
MEX;NO;4;74336293;CDMX;Puebla;Atlixco;Atlixco;2026;Abr;2
MEX;NO;4;74378517;CDMX;Chiapas;Tuxtla Gutiérrez;Tuxtla Gutiérrez;2026;Abr;9
MEX;NO;4;74386877;CDMX;Chiapas;Tuxtla Gutiérrez;Tuxtla Gutiérrez;2026;Abr;11
MEX;NO;4;74414172;CDMX;Quintana Roo;Isla Cancun;Isla Cancún;2026;Abr;16
MEX;NO;4;74414172;CDMX;Quintana Roo;Playa del Carmen;Playa del Carmen;2026;Abr;16
MEX;NO;4;74441683;CDMX;Puebla;Tepeaca;Tepeaca;2026;Abr;21
MEX;NO;4;74441787;CDMX;Chiapas;Tuxtla Gutiérrez;Tuxtla Gutiérrez;2026;Abr;21
MEX;NO;4;74442405;CDMX;Quintana Roo;Playa del Carmen;Playa del Carmen;2026;Abr;22
MEX;NO;4;74453391;CDMX;Chiapas;Chicomuselo;Chicomuselo;2026;Abr;23
MEX;NO;4;74460674;CDMX;Campeche;Champotón;Champoton;2026;Abr;25
MEX;NO;4;74460674;CDMX;Campeche;Hopelchen;Holpechen;2026;Abr;25
MEX;NO;4;74460751;CDMX;Chiapas;Comalapan;Cd. Front. Comalapa;2026;Abr;25
MEX;NO;4;74460751;CDMX;Chiapas;Comalapan;Comalapan;2026;Abr;25
MEX;NO;4;74462667;CDMX;Veracruz;Veracruz;Veracruz;2026;Abr;25
MEX;NO;4;74471702;CDMX;Puebla;Tepeaca;Tepeaca;2026;Abr;27
MEX;NO;4;74471789;CDMX;Hidalgo;Tula de Allende;Tula de Allende;2026;Abr;27
MEX;NO;4;74474033;CDMX;Chiapas;Tapachula;Tapachula;2026;Abr;28
MEX;NO;4;74498362;CDMX;Veracruz;Jalacingo;Jalacingo;2026;May;2
MEX;NO;4;74523912;CDMX;Veracruz;Coatzacoalcos;Coatzacoalcos;2026;May;7
MEX;NO;4;74527658;CDMX;Tabasco;Villahermosa;Villahermosa;2026;May;7
MEX;NO;4;74535367;CDMX;Puebla;Teziutlán;Teziutlan;2026;May;9
MEX;NO;4;74535397;CDMX;Puebla;Teziutlán;Teziutlan;2026;May;9
MEX;NO;4;74552332;CDMX;Veracruz;Poza Rica;Poza Rica;2026;May;12
MEX;NO;4;74552733;CDMX;Veracruz;Orizaba;Orizaba;2026;May;12
MEX;NO;4;74552733;CDMX;Veracruz;Río Blanco;Rio Blanco;2026;May;12
MEX;NO;4;74569655;CDMX;Veracruz;Jalacingo;Jalacingo;2026;May;15
MEX;NO;4;74569803;CDMX;Veracruz;Jalacingo;Jalacingo;2026;May;15
MEX;NO;4;74590573;CDMX;Veracruz;Jalapa;Jalapa;2026;May;19
MEX;NO;4;74596868;CDMX;Tabasco;Villahermosa;Villahermosa;2026;May;19
MEX;NO;4;74606801;CDMX;Tabasco;Villahermosa;Villahermosa;2026;May;22
MEX;NO;4;74608640;CDMX;Campeche;Campeche;Campeche;2026;May;22
MEX;NO;4;74608642;CDMX;Campeche;Campeche;Campeche;2026;May;22
MEX;NO;4;74608664;CDMX;Campeche;Campeche;Campeche;2026;May;22
MEX;NO;4;74628726;CDMX;Veracruz;Tantoyuca;Tantoyuca;2026;May;26
MEX;NO;4;74631433;CDMX;Veracruz;Tuxpan;Tuxpan;2026;May;26
MEX;NO;4;74636132;CDMX;Veracruz;Playa Vicente;PLAYA VICENTE, VER.;2026;May;27
MEX;NO;4;74663540;CDMX;Jalisco;Ocotlán;Ocotlán;2026;Jun;1
MEX;NO;4;74663542;CDMX;Guanajuato;Celaya;Celaya;2026;Jun;1
MEX;NO;4;74676610;CDMX;Yucatán;Mérida;Mérida;2026;Jun;3
MEX;NO;4;74677794;CDMX;Guerrero;Acapulco;Acapulco de Juarez;2026;Jun;7
MEX;NO;4;74687457;CDMX;Veracruz;Veracruz;Veracruz;2026;Jun;6
MEX;NO;4;74687480;CDMX;Veracruz;Veracruz;Veracruz;2026;Jun;6
MEX;NO;4;74690014;CDMX;Veracruz;Veracruz;Veracruz;2026;Jun;6
MEX;NO;4;74703221;CDMX;Campeche;Campeche;Campeche;2026;Jun;9
MEX;NO;4;74703221;CDMX;Campeche;Candelaria;Candelaria;2026;Jun;9
MEX;NO;4;74706732;CDMX;Veracruz;Jalapa;Jalapa;2026;Jun;8
MEX;NO;4;74726496;CDMX;;S FelipeTeotlalcingo,S Maria Zacatepec*NU;Sta. Maria Zacatepec;2026;Jun;12
MEX;NO;4;74726496;CDMX;Puebla;S FelipeTeotlalcingo;;2026;Jun;12
MEX;NO;4;74729603;CDMX;Chiapas;Tapachula;Tapachula;2026;Jun;13
MEX;NO;4;74761455;CDMX;Veracruz;Tantoyuca;Tantoyuca;2026;Jun;19
MEX;NO;4;74761455;CDMX;Veracruz;Tuxpan;Tuxpan;2026;Jun;19
MEX;NO;4;74793336;CDMX;CDMX+EDOMEX;Metepec;Metepec;2026;Jun;25
MEX;NO;4;74799704;CDMX;Oaxaca;Matías Romero;Matias Romero;2026;Jun;26
MEX;NO;4;74801239;CDMX;Puebla;Zacatlán;Zacatlan;2026;Jun;26
MEX;NO;4;74803481;CDMX;Veracruz;Veracruz;Veracruz;2026;Jun;26
MEX;NO;4;74819850;CDMX;Veracruz;Coactepec;Coactepec;2026;Jun;30
MEX;NO;4;74819850;CDMX;Veracruz;Jalapa;Jalapa;2026;Jun;30
MEX;NO;4;74838457;CDMX;Quintana Roo;Chetumal;Chetumal;2026;Jul;3
MEX;NO;4;74838457;CDMX;Quintana Roo;Solidaridad;Solidaridad;2026;Jul;3
MEX;NO;4;74841584;CDMX;Veracruz;Veracruz;Veracruz;2026;Jul;4
MEX;NO;4;74853040;CDMX;Veracruz;Veracruz;Veracruz;2026;Jul;6
MEX;NO;4;74853063;CDMX;Chiapas;S Crist de las Casas;S.Crist.de las Casas;2026;Jul;6
MEX;NO;4;74863878;CDMX;Chiapas;Arriaga;Arriaga;2026;Jul;8
MEX;NO;4;74879318;CDMX;Veracruz;Orizaba;HUILOAPAN DE CUAUHT;2026;Jul;13
MEX;NO;4;74891748;CDMX;Chiapas;Tapachula;Tapachula;2026;Jul;14
MEX;NO;4;74892050;CDMX;Chiapas;Tapachula;Tapachula;2026;Jul;14
MEX;NO;4;74896530;CDMX;Puebla;Chachapa;Chachapa;2026;Jul;14
MEX;NO;4;74902469;CDMX;Veracruz;Tantoyuca;Tantoyuca;2026;Jul;16
MEX;NO;4;74904582;CDMX;Veracruz;Veracruz;Veracruz;2026;Jul;22
MEX;NO;4;74904590;CDMX;Veracruz;Veracruz;Veracruz;2026;Jul;20
MEX;NO;4;74905679;CDMX;Veracruz;Veracruz;Veracruz;2026;Jul;20
MEX;NO;4;74908897;CDMX;Michoacán;Riva Palacio;Riva Palacio;2026;Jul;18
MEX;NO;4;74931632;CDMX;Puebla;Tepeaca;Tepeaca;2026;Jul;23
MEX;NO;4;74931637;CDMX;Puebla;Tepeaca;Tepeaca;2026;Jul;24
MEX;NO;4;74932341;CDMX;Veracruz;Río Blanco;Rio Blanco;2026;Jul;24
MEX;NO;4;74937521;CDMX;Tlaxcala;Sta Ana Chautempan;Sta.Ana Chautempan;2026;Jul;24
MEX;NO;4;74949010;CDMX;Veracruz;Jalapa;Jalapa;2026;Jul;27
MEX;NO;4;74970298;CDMX;Sonora;Benito Juarez;Benito Juarez;2026;Ago;1
MEX;NO;4;75016013;CDMX;Puebla;Tepeaca;Tepeaca;2026;Ago;11
MEX;NO;4;75118397;CDMX;Tabasco;Teapa;Teapa;2026;Sep;2
MEX;NO;4;75118397;CDMX;Tabasco;Villahermosa;Villahermosa;2026;Sep;2
MEX;NO;4;75127024;CDMX;Chiapas;Tuxtla Gutiérrez;Tuxtla Gutiérrez;2026;Sep;2
MEX;NO;4;75154785;CDMX;Michoacán;Riva Palacio;Riva Palacio;2026;Sep;8
MEX;NO;4;75154791;CDMX;Michoacán;Riva Palacio;Riva Palacio;2026;Sep;8
MEX;NO;Asignación Manual;73736533;CDMX;Puebla;San Andrés Cholula;San Andrés Cholula;2026;Ene;5
MEX;NO;Asignación Manual;73750510;CDMX;Veracruz;Poza Rica;Poza Rica;2026;Ene;19
MEX;NO;Asignación Manual;73767121;CDMX;Veracruz;Orizaba;HUILOAPAN DE CUAUHT;2026;Ene;2
MEX;NO;Asignación Manual;73767817;CDMX;Puebla;Tlatlauquitepec, Pue;Tlatlauquitepec, Pue;2026;Ene;5
MEX;NO;Asignación Manual;73781577;CDMX;Chiapas;Palenque;Palenque;2026;Ene;2
MEX;NO;Asignación Manual;73787830;CDMX;Campeche;Campeche;Campeche;2026;Ene;5
MEX;NO;Asignación Manual;73789321;CDMX;CDMX+EDOMEX;Ixtalahuaca;Ixtalahuaca;2026;Ene;6
MEX;NO;Asignación Manual;73790867;CDMX;Tabasco;Centro;Centro;2026;Ene;2
MEX;NO;Asignación Manual;73793186;CDMX;Guerrero;Juan R Escudero;Juan R Escudero;2026;Ene;10
MEX;NO;Asignación Manual;73793948;CDMX;Puebla;Tepeaca;Tepeaca;2026;Ene;2
MEX;NO;Asignación Manual;73794375;CDMX;Querétaro;Corregidora;Corregidora;2026;Ene;2
MEX;NO;Asignación Manual;73802962;CDMX;Yucatán;Uman;Uman;2026;Ene;2
MEX;NO;Asignación Manual;73803266;CDMX;CDMX+EDOMEX;Atzcapotzalco;Atzcapotzalco;2026;Ene;2
MEX;NO;Asignación Manual;73803381;CDMX;Yucatán;Hunucma;Hunucma;2026;Ene;2
MEX;NO;Asignación Manual;73803704;CDMX;Hidalgo;Tulancingo;Tulancingo;2026;Ene;2
MEX;NO;Asignación Manual;73803930;CDMX;Veracruz;Veracruz;Veracruz;2026;Ene;2
MEX;NO;Asignación Manual;73805162;CDMX;Oaxaca;Santiago Pinotepa Nacional;Stgo. Pinotepa Nal.;2026;Ene;3
MEX;NO;Asignación Manual;73805279;CDMX;Puebla;Teziutlán;Teziutlan;2026;Ene;2
MEX;NO;Asignación Manual;73805346;CDMX;;Atlixco,S Maria Zacatepec*NU;Sta. Maria Zacatepec;2026;Ene;3
MEX;NO;Asignación Manual;73805346;CDMX;Puebla;Atlixco;Atlixco;2026;Ene;3
MEX;NO;Asignación Manual;73806022;CDMX;CDMX+EDOMEX;Chimalhuacan;Chimalhuacan;2026;Ene;2
MEX;NO;Asignación Manual;73810089;CDMX;Veracruz;Tuxpan;Tuxpan;2026;Ene;6
MEX;NO;Asignación Manual;73810300;CDMX;Veracruz;Jalapa;Jalapa;2026;Ene;5
MEX;NO;Asignación Manual;73812304;CDMX;Guerrero;Arcelia;Arcelia;2026;Ene;5
MEX;NO;Asignación Manual;73812304;CDMX;Michoacán;Riva Palacio;Riva Palacio;2026;Ene;5
MEX;NO;Asignación Manual;73821140;CDMX;Yucatán;Uman;Uman;2026;Ene;5
MEX;NO;Asignación Manual;73822863;CDMX;CDMX+EDOMEX;Atzcapotzalco;Atzcapotzalco;2026;Ene;5
MEX;NO;Asignación Manual;73827711;CDMX;Jalisco;Tlajomulco de Zúñiga;Tlajomulco de Zuñiga;2026;Ene;6
MEX;NO;Asignación Manual;73827751;CDMX;Tabasco;Centro;Centro;2026;Ene;6
MEX;NO;Asignación Manual;73828669;CDMX;CDMX+EDOMEX;Coacalco;Coacalco;2026;Ene;6
MEX;NO;Asignación Manual;73828778;CDMX;Veracruz;Medellín de Bravo;Medellin de Bravo;2026;Ene;6
MEX;NO;Asignación Manual;73828778;CDMX;Veracruz;Veracruz;Veracruz;2026;Ene;6
MEX;NO;Asignación Manual;73828966;CDMX;Puebla;Tepeaca;Tepeaca;2026;Ene;6
MEX;NO;Asignación Manual;73829169;CDMX;CDMX+EDOMEX;Chimalhuacan;Chimalhuacan;2026;Ene;6
MEX;NO;Asignación Manual;73829176;CDMX;CDMX+EDOMEX;Chimalhuacan;Chimalhuacan;2026;Ene;6
MEX;NO;Asignación Manual;73837306;CDMX;Guanajuato;León;León;2026;Ene;7
MEX;NO;Asignación Manual;73837429;CDMX;Campeche;Campeche;Campeche;2026;Ene;9
MEX;NO;Asignación Manual;73838361;CDMX;CDMX+EDOMEX;Atzcapotzalco;Atzcapotzalco;2026;Ene;9
MEX;NO;Asignación Manual;73838444;CDMX;CDMX+EDOMEX;Tecamac;Tecamac;2026;Ene;7
MEX;NO;Asignación Manual;73842407;CDMX;Oaxaca;Zaachila;Zaachila;2026;Ene;8
MEX;NO;Asignación Manual;73842986;CDMX;Puebla;Sn Salvador el Verde;Sn Salvador el Verde;2026;Ene;10
MEX;NO;Asignación Manual;73857377;CDMX;Hidalgo;Tulancingo;Tulancingo;2026;Ene;16
MEX;NO;Asignación Manual;73876597;CDMX;Michoacán;Huetamo;Huetamo;2026;Ene;13
MEX;NO;Asignación Manual;73880420;CDMX;Puebla;Tepeaca;Tepeaca;2026;Ene;14
MEX;NO;Asignación Manual;73880653;CDMX;Puebla;Izuca de Matamoros;Izuca de Matamoros;2026;Ene;15
MEX;NO;Asignación Manual;73880653;CDMX;Puebla;Puebla;;2026;Ene;15
MEX;NO;Asignación Manual;73881041;CDMX;Jalisco;Ocotlán;Ocotlán;2026;Ene;16
MEX;NO;Asignación Manual;73881041;CDMX;Jalisco;Tlaquepaque;Sn Pedro Tlaquepaque-JALISCO;2026;Ene;16
MEX;NO;Asignación Manual;73881367;CDMX;Yucatán;Mérida;Mérida;2026;Ene;16
MEX;NO;Asignación Manual;73885795;CDMX;Oaxaca;Tlalixtac de Cabrera;;2026;Ene;14
MEX;NO;Asignación Manual;73889233;CDMX;Jalisco;Acatic;Acatic;2026;Ene;15
MEX;NO;Asignación Manual;73889266;CDMX;Puebla;Amozoc;Amozoc;2026;Ene;14
MEX;NO;Asignación Manual;73889266;CDMX;Puebla;Tehuacan;Tehuacan;2026;Ene;14
MEX;NO;Asignación Manual;73897012;CDMX;Puebla;Zacatlán;Zacatlan;2026;Ene;16
MEX;NO;Asignación Manual;73897759;CDMX;Yucatán;Mérida;Mérida;2026;Ene;16
MEX;NO;Asignación Manual;73915203;CDMX;Tlaxcala;San Pablo Monte;San Pablo del Monte;2026;Ene;17
MEX;NO;Asignación Manual;73916788;CDMX;Oaxaca;Tlaxiaco;TLAXIACO;2026;Ene;20
MEX;NO;Asignación Manual;73925249;CDMX;Quintana Roo;Playa del Carmen;Playa del Carmen;2026;Ene;19
MEX;NO;Asignación Manual;73927016;CDMX;Veracruz;Poza Rica;Poza Rica;2026;Ene;19
MEX;NO;Asignación Manual;73927145;CDMX;Michoacán;Tacambaro;Tacambaro;2026;Ene;20
MEX;NO;Asignación Manual;74012643;CDMX;Yucatán;Uman;Uman;2026;Feb;7
MEX;NO;Asignación Manual;74261879;CDMX;Puebla;Teziutlán;Teziutlan;2026;Mar;21
MEX;NO;Asignación Manual;74261879;CDMX;Puebla;Zaragoza;Zaragoza;2026;Mar;21
MEX;NO;Asignación Manual;74321094;CDMX;Puebla;Zacatlán;Zacatlan;2026;Abr;6
MEX;NO;Asignación Manual;74412611;CDMX;Chiapas;Comitán;Comitán Domínguez;2026;Abr;18
MEX;NO;Asignación Manual;74412611;CDMX;Chiapas;Teopisca;Teopisca;2026;Abr;18
MEX;NO;Asignación Manual;74417880;CDMX;Oaxaca;Asunción;ASUNCION N., OAX.;2026;Abr;16
MEX;NO;Asignación Manual;74417880;CDMX;Oaxaca;Tlaxiaco;TLAXIACO;2026;Abr;16
MEX;NO;Asignación Manual;74461765;CDMX;Veracruz;Veracruz;Veracruz;2026;Abr;24
MEX;NO;Asignación Manual;74477237;CDMX;Tabasco;Cárdenas;Cárdenas;2026;Abr;28
MEX;NO;Asignación Manual;74477237;CDMX;Tabasco;Nacajuca;Nacajuca;2026;Abr;28
MEX;NO;Asignación Manual;74498513;CDMX;Chiapas;Tila;TILA, CHS;2026;May;2
MEX;NO;Asignación Manual;74498513;CDMX;Chiapas;Yajalón;Yajalon;2026;May;2
MEX;NO;Asignación Manual;74508024;CDMX;Chiapas;Motozintla;Motozintla;2026;May;9
MEX;NO;Asignación Manual;74508024;CDMX;Chiapas;Siltepec;SILTEPEC CHIAPAS;2026;May;9
MEX;NO;Asignación Manual;74515481;CDMX;Oaxaca;Salina Cruz;Salina Cruz;2026;May;5
MEX;NO;Asignación Manual;74534038;CDMX;Chiapas;Teopisca;Teopisca;2026;May;11
MEX;NO;Asignación Manual;74548551;CDMX;Tlaxcala;Apizaco;Apizaco;2026;May;11
MEX;NO;Asignación Manual;74548551;CDMX;Tlaxcala;Magdalena Tlatelulco;Magdalena Tlatelulco;2026;May;11
MEX;NO;Asignación Manual;74554568;CDMX;Puebla;San Andrés Cholula;San Andrés Cholula;2026;May;12
MEX;NO;Asignación Manual;74594177;CDMX;Oaxaca;San Jacinto Amilpas;;2026;May;21
MEX;NO;Asignación Manual;74594177;CDMX;Oaxaca;Tlalixtac de Cabrera;;2026;May;21
MEX;NO;Asignación Manual;74677724;CDMX;;S Maria Zacatepec*NU;Sta. Maria Zacatepec;2026;Jun;4
MEX;NO;Asignación Manual;74686249;CDMX;Oaxaca;San Jacinto Amilpas;;2026;Jun;8
MEX;NO;Asignación Manual;74686249;CDMX;Oaxaca;Zaachila;Zaachila;2026;Jun;8
MEX;NO;Asignación Manual;74705591;CDMX;Tabasco;Teapa;Teapa;2026;Jun;8
MEX;NO;Asignación Manual;74705591;CDMX;Tabasco;Villahermosa;Villahermosa;2026;Jun;8
MEX;NO;Asignación Manual;74710724;CDMX;;Nautla;;2026;Jun;10
MEX;NO;Asignación Manual;74710803;CDMX;;Misantla,Nautla;;2026;Jun;9
MEX;NO;Asignación Manual;74710803;CDMX;Veracruz;Misantla;Misantla;2026;Jun;9
MEX;NO;Asignación Manual;74722489;CDMX;;Playa Vicente, Ver,Sgo Sochiapan;;2026;Jun;11
MEX;NO;Asignación Manual;74722489;CDMX;Veracruz;Playa Vicente;PLAYA VICENTE, VER.;2026;Jun;11
MEX;NO;Asignación Manual;74728657;CDMX;Chiapas;Teopisca;Teopisca;2026;Jun;12
MEX;NO;Mayor a 5;73651157;CDMX;Guerrero;Tlapa;Tlapa;2026;Ene;5
MEX;NO;Mayor a 5;73686476;CDMX;Chiapas;ACALA;ACALA;2026;Ene;2
MEX;NO;Mayor a 5;73686523;CDMX;Chiapas;Chilon;Chilon;2026;Ene;2
MEX;NO;Mayor a 5;73690807;CDMX;Chiapas;Ocotzingo;Ocotzingo;2026;Ene;5
MEX;NO;Mayor a 5;73696875;CDMX;Tabasco;Comalcalco;Comalcalco;2026;Ene;3
MEX;NO;Mayor a 5;73717123;CDMX;Chiapas;Tapilula;Bochil;2026;Ene;9
MEX;NO;Mayor a 5;73725692;CDMX;Quintana Roo;Isla Cancun;Isla Cancún;2026;Ene;5
MEX;NO;Mayor a 5;73735494;CDMX;Chiapas;Yajalón;Yajalon;2026;Ene;12
MEX;NO;Mayor a 5;73735583;CDMX;Veracruz;Acayucan;Acayucan;2026;Ene;10
MEX;NO;Mayor a 5;73746221;CDMX;Puebla;Acajete;Acajete;2026;Ene;7
MEX;NO;Mayor a 5;73751903;CDMX;Guerrero;Chilpancilgo;Chilpancingo;2026;Ene;12
MEX;NO;Mayor a 5;73768508;CDMX;Chiapas;Tapachula;Tapachula;2026;Ene;12
MEX;NO;Mayor a 5;73773569;CDMX;Campeche;Campeche;Campeche;2026;Ene;5
MEX;NO;Mayor a 5;73776769;CDMX;Veracruz;Acayucan;Acayucan;2026;Ene;3
MEX;NO;Mayor a 5;73776769;CDMX;Veracruz;Cosoleacaque;Cosoleacaque;2026;Ene;3
MEX;NO;Mayor a 5;73781586;CDMX;Chiapas;S Crist de las Casas;S.Crist.de las Casas;2026;Ene;5
MEX;NO;Mayor a 5;73781595;CDMX;Yucatán;Hunucma;Hunucma;2026;Ene;2
MEX;NO;Mayor a 5;73781601;CDMX;Chiapas;Tila;TILA, CHS;2026;Ene;19
MEX;NO;Mayor a 5;73782166;CDMX;Chiapas;Comalapan;Cd. Front. Comalapa;2026;Feb;12
MEX;NO;Mayor a 5;73782166;CDMX;Chiapas;Comalapan;Comalapan;2026;Feb;12
MEX;NO;Mayor a 5;73782213;CDMX;Chiapas;Oxchuc Chs;OXCHUC, CHIS.;2026;Ene;6
MEX;NO;Mayor a 5;73787277;CDMX;Chiapas;S Crist de las Casas;S.Crist.de las Casas;2026;Ene;12
MEX;NO;Mayor a 5;73787286;CDMX;Chiapas;Villaflores;Villaflores;2026;Ene;13
MEX;NO;Mayor a 5;73787658;CDMX;Tabasco;Villahermosa;Villahermosa;2026;Ene;9
MEX;NO;Mayor a 5;73788614;CDMX;Chiapas;Tuxtla Gutiérrez;Tuxtla Gutiérrez;2026;Ene;12
MEX;NO;Mayor a 5;73788741;CDMX;Chiapas;Tuxtla Gutiérrez;Tuxtla Gutiérrez;2026;Ene;3
MEX;NO;Mayor a 5;73788906;CDMX;Chiapas;Tapachula;Tapachula;2026;Ene;5
MEX;NO;Mayor a 5;73788942;CDMX;Chiapas;Tuxtla Gutiérrez;Tuxtla Gutiérrez;2026;Ene;3
MEX;NO;Mayor a 5;73789101;CDMX;Querétaro;Querétaro;Queretaro;2026;Ene;2
MEX;NO;Mayor a 5;73791537;CDMX;CDMX+EDOMEX;Santa Maria Rayon;Santa Maria Rayon;2026;Ene;7
MEX;NO;Mayor a 5;73791537;CDMX;CDMX+EDOMEX;Tenancingo;TENANCINGO;2026;Ene;7
MEX;NO;Mayor a 5;73792887;CDMX;Chiapas;Chilon;Chilon;2026;Ene;2
MEX;NO;Mayor a 5;73792906;CDMX;Chiapas;Comitán;Comitán Domínguez;2026;Ene;15
MEX;NO;Mayor a 5;73792945;CDMX;Chiapas;Mapastepec;Mapastepec;2026;Ene;6
MEX;NO;Mayor a 5;73793031;CDMX;Chiapas;Huitiupan;Huitiupan;2026;Ene;5
MEX;NO;Mayor a 5;73793031;CDMX;Chiapas;Simojovel;Simojovel;2026;Ene;5
MEX;NO;Mayor a 5;73793383;CDMX;Oaxaca;Cd Ixtepec, Oax;IXTEPEC, OAX.;2026;Ene;29
MEX;NO;Mayor a 5;73795359;CDMX;Jalisco;Guadalajara;Guadalajara;2026;Ene;2
MEX;NO;Mayor a 5;73803137;CDMX;Veracruz;Tantoyuca;Tantoyuca;2026;Ene;3
MEX;NO;Mayor a 5;73803744;CDMX;Chiapas;Tuxtla Gutiérrez;Tuxtla Gutiérrez;2026;Ene;6
MEX;NO;Mayor a 5;73804640;CDMX;Chiapas;San Fernando;San Fernando;2026;Ene;5
MEX;NO;Mayor a 5;73805191;CDMX;Puebla;Zacapoaxtla;Zacapoaxtla;2026;Ene;3
MEX;NO;Mayor a 5;73810107;CDMX;Tabasco;Teapa;Teapa;2026;Ene;15
MEX;NO;Mayor a 5;73818214;CDMX;CDMX+EDOMEX;Texcoco;Texcoco;2026;Ene;5
MEX;NO;Mayor a 5;73823104;CDMX;Tabasco;Villahermosa;Villahermosa;2026;Ene;7
MEX;NO;Mayor a 5;73823132;CDMX;Querétaro;Corregidora;Corregidora;2026;Ene;6
MEX;NO;Mayor a 5;73824708;CDMX;CDMX+EDOMEX;Acolman;Acolman;2026;Ene;20
MEX;NO;Mayor a 5;73827767;CDMX;Tabasco;Centro;Centro;2026;Ene;9
MEX;NO;Mayor a 5;73828278;CDMX;Oaxaca;Sta Cruz Xoxocotlan;STA.CRUZ XOXOCOTLAN;2026;Ene;9
MEX;NO;Mayor a 5;73829100;CDMX;Chiapas;Comitán;Comitán Domínguez;2026;Feb;9
MEX;NO;Mayor a 5;73829161;CDMX;Guerrero;Chilpancilgo;Chilpancingo;2026;Ene;10
MEX;NO;Mayor a 5;73829355;CDMX;Hidalgo;Tulancingo;Tulancingo;2026;Ene;13
MEX;NO;Mayor a 5;73829477;CDMX;Oaxaca;Sta Cruz Xoxocotlan;STA.CRUZ XOXOCOTLAN;2026;Ene;6
MEX;NO;Mayor a 5;73830110;CDMX;Hidalgo;Atotonilco de Tula;Atotonilco de Tula;2026;Ene;7
MEX;NO;Mayor a 5;73830134;CDMX;Puebla;Puebla;Puebla;2026;Ene;7
MEX;NO;Mayor a 5;73830537;CDMX;Hidalgo;Atotonilco el Grande;Atotonilco el Alto;2026;Ene;20
MEX;NO;Mayor a 5;73830771;CDMX;Querétaro;Amealco;Amealco de Bonfil;2026;Ene;10
MEX;NO;Mayor a 5;73831611;CDMX;Chiapas;Tonalá;Tonalá;2026;Ene;12
MEX;NO;Mayor a 5;73832895;CDMX;Chiapas;Villacorzo;;2026;Feb;24
MEX;NO;Mayor a 5;73837472;CDMX;Campeche;Campeche;Campeche;2026;Ene;10
MEX;NO;Mayor a 5;73838514;CDMX;Veracruz;Poza Rica;Poza Rica;2026;Ene;8
MEX;NO;Mayor a 5;73838553;CDMX;Quintana Roo;Isla Cancun;Isla Cancún;2026;Ene;12
MEX;NO;Mayor a 5;73839598;CDMX;Guerrero;Acapulco;Acapulco de Juarez;2026;Ene;12
MEX;NO;Mayor a 5;73842727;CDMX;Puebla;Tepeaca;Tepeaca;2026;Ene;9
MEX;NO;Mayor a 5;73842785;CDMX;Puebla;Tepeaca;Tepeaca;2026;Ene;9
MEX;NO;Mayor a 5;73844213;CDMX;CDMX+EDOMEX;Metepec;Metepec;2026;Ene;12
MEX;NO;Mayor a 5;73849348;CDMX;Hidalgo;Atotonilco de Tula;Atotonilco de Tula;2026;Ene;12
MEX;NO;Mayor a 5;73849352;CDMX;Hidalgo;Atotonilco de Tula;Atotonilco de Tula;2026;Ene;10
MEX;NO;Mayor a 5;73850293;CDMX;Oaxaca;Sta Cruz Xoxocotlan;STA.CRUZ XOXOCOTLAN;2026;Ene;12
MEX;NO;Mayor a 5;73850472;CDMX;CDMX+EDOMEX;Metepec;Metepec;2026;Ene;12
MEX;NO;Mayor a 5;73853391;CDMX;Guerrero;Acapulco;Acapulco de Juarez;2026;Ene;12
MEX;NO;Mayor a 5;73854348;CDMX;Veracruz;Orizaba;HUILOAPAN DE CUAUHT;2026;Ene;13
MEX;NO;Mayor a 5;73858547;CDMX;CDMX+EDOMEX;Coacalco;Coacalco;2026;Ene;12
MEX;NO;Mayor a 5;73872637;CDMX;CDMX+EDOMEX;Metepec;Metepec;2026;Ene;16
MEX;NO;Mayor a 5;73874431;CDMX;Oaxaca;Oaxaca;Oaxaca;2026;Feb;19
MEX;NO;Mayor a 5;73874505;CDMX;Hidalgo;Zapotlan de Juarez;Zapotlan de Juarez;2026;Ene;29
MEX;NO;Mayor a 5;73875930;CDMX;Campeche;Candelaria;Candelaria;2026;Ene;14
MEX;NO;Mayor a 5;73875930;CDMX;Campeche;Champotón;Champoton;2026;Ene;14
MEX;NO;Mayor a 5;73877846;CDMX;Hidalgo;Atotonilco de Tula;Atotonilco de Tula;2026;Ene;13
MEX;NO;Mayor a 5;73880440;CDMX;Chiapas;S Crist de las Casas;S.Crist.de las Casas;2026;Feb;10
MEX;NO;Mayor a 5;73880937;CDMX;Guerrero;Arcelia;Arcelia;2026;Ene;14
MEX;NO;Mayor a 5;73880937;CDMX;Guerrero;Ciudad Altamirano;Cd. Altamirano;2026;Ene;14
MEX;NO;Mayor a 5;73881985;CDMX;Tlaxcala;Sta Ana Chautempan;Sta.Ana Chautempan;2026;Ene;15
MEX;NO;Mayor a 5;73882026;CDMX;Yucatán;Uman;Uman;2026;Ene;22
MEX;NO;Mayor a 5;73882543;CDMX;Hidalgo;Ciudad Sahagún;Mineral d/l Reforma;2026;Ene;16
MEX;NO;Mayor a 5;73884454;CDMX;Hidalgo;Pachuca;Pachuca;2026;Ene;14
MEX;NO;Mayor a 5;73891838;CDMX;Nayarit;Tepic;Tepic;2026;Feb;7
MEX;NO;Mayor a 5;73896389;CDMX;Oaxaca;Ocotlán;Ocotlan;2026;Ene;16
MEX;NO;Mayor a 5;73908338;CDMX;Oaxaca;Asunción;ASUNCION N., OAX.;2026;Ene;16
MEX;NO;Mayor a 5;73908421;CDMX;Hidalgo;Atotonilco de Tula;Atotonilco de Tula;2026;Ene;17
MEX;NO;Mayor a 5;73909163;CDMX;Campeche;Campeche;Campeche;2026;Ene;21
MEX;NO;Mayor a 5;73909169;CDMX;Campeche;Campeche;Campeche;2026;Ene;21
MEX;NO;Mayor a 5;73910612;CDMX;Puebla;Tehuacan;Tehuacan;2026;Ene;17
MEX;NO;Mayor a 5;73911253;CDMX;Puebla;Tehuacan;Tehuacan;2026;Ene;17
MEX;NO;Mayor a 5;73913365;CDMX;Veracruz;Coactepec;Coactepec;2026;Ene;19
MEX;NO;Mayor a 5;73914822;CDMX;Yucatán;Valladolid;Valladolid;2026;Ene;22
MEX;NO;Mayor a 5;73914954;CDMX;Veracruz;Tantoyuca;Tantoyuca;2026;Feb;11
MEX;NO;Mayor a 5;73916447;CDMX;Hidalgo;Atotonilco de Tula;Atotonilco de Tula;2026;Ene;20
MEX;NO;Mayor a 5;73916457;CDMX;Hidalgo;Acatlán;Acatlan;2026;Ene;19
MEX;NO;Mayor a 5;73916802;CDMX;Puebla;Acajete;Acajete;2026;Ene;29
MEX;NO;Mayor a 5;73916865;CDMX;Yucatán;Mérida;Mérida;2026;Ene;21
MEX;NO;Mayor a 5;73926221;CDMX;Oaxaca;Salina Cruz;Salina Cruz;2026;Ene;28
MEX;NO;Mayor a 5;73926221;CDMX;Oaxaca;Tehuantepec;Tehuantepec;2026;Ene;28
MEX;NO;Mayor a 5;73926966;CDMX;Puebla;Puebla;Puebla;2026;Feb;10
MEX;NO;Mayor a 5;73927070;CDMX;Veracruz;Jalapa;Jalapa;2026;Ene;20
MEX;NO;Mayor a 5;73927095;CDMX;Puebla;Tehuacan;Tehuacan;2026;Ene;20
MEX;NO;Mayor a 5;73927708;CDMX;Tabasco;Cunduacan;Cunduacan;2026;Ene;22
MEX;NO;Mayor a 5;73927805;CDMX;Chiapas;Palenque;Palenque;2026;Ene;26
MEX;NO;Mayor a 5;73928050;CDMX;;San Sebastian Tutla,Sta Cruz Xoxocotlan;San Sebastian Tutla;2026;Feb;11
MEX;NO;Mayor a 5;73928050;CDMX;Oaxaca;Sta Cruz Xoxocotlan;STA.CRUZ XOXOCOTLAN;2026;Feb;11
MEX;NO;Mayor a 5;73928094;CDMX;Puebla;Atzitzihuacan;;2026;Feb;17
MEX;NO;Mayor a 5;73928187;CDMX;Veracruz;Orizaba;HUILOAPAN DE CUAUHT;2026;Ene;28
MEX;NO;Mayor a 5;73930267;CDMX;CDMX+EDOMEX;Metepec;Metepec;2026;Ene;23
MEX;NO;Mayor a 5;73931838;CDMX;Chiapas;Mitontic;Mitontic;2026;Feb;16
MEX;NO;Mayor a 5;73932419;CDMX;Puebla;Tepeaca;Tepeaca;2026;Ene;21
MEX;NO;Mayor a 5;73932527;CDMX;Puebla;Puebla;Puebla;2026;Ene;21
MEX;NO;Mayor a 5;73932532;CDMX;Chiapas;Tapachula;Tapachula;2026;Ene;22
MEX;NO;Mayor a 5;73936379;CDMX;Chiapas;Tapachula;Tapachula;2026;Ene;22
MEX;NO;Mayor a 5;73936390;CDMX;Veracruz;Coatzintla;Coatzintla;2026;Ene;22
MEX;NO;Mayor a 5;73936679;CDMX; ;Alamo Temapache*NU;Temapache;2026;Feb;11
MEX;NO;Mayor a 5;73936813;CDMX;Chiapas;Tuxtla Gutiérrez;Tuxtla Gutiérrez;2026;Ene;22
MEX;NO;Mayor a 5;73939463;CDMX;Veracruz;Veracruz;Veracruz;2026;Feb;10
MEX;NO;Mayor a 5;73944814;CDMX;Yucatán;Uman;Uman;2026;Ene;23
MEX;NO;Mayor a 5;73944821;CDMX;Yucatán;Uman;Uman;2026;Ene;23
MEX;NO;Mayor a 5;73944839;CDMX;Yucatán;Uman;Uman;2026;Ene;23
MEX;NO;Mayor a 5;73945471;CDMX;Veracruz;Orizaba;HUILOAPAN DE CUAUHT;2026;Ene;23
MEX;NO;Mayor a 5;73946087;CDMX;Hidalgo;Atotonilco de Tula;Atotonilco de Tula;2026;Feb;3
MEX;NO;Mayor a 5;73946430;CDMX;Veracruz;Tuxpan;Tuxpan;2026;Feb;28
MEX;NO;Mayor a 5;73948565;CDMX;CDMX+EDOMEX;Metepec;Metepec;2026;Feb;5
MEX;NO;Mayor a 5;73948701;CDMX;Campeche;Campeche;Campeche;2026;Ene;26
MEX;NO;Mayor a 5;73948845;CDMX;Chiapas;San Fernando;San Fernando;2026;Ene;26
MEX;NO;Mayor a 5;73948917;CDMX;Puebla;S FelipeTeotlalcingo;;2026;Feb;10
MEX;NO;Mayor a 5;73949157;CDMX;Veracruz;Río Blanco;Rio Blanco;2026;Ene;24
MEX;NO;Mayor a 5;73949311;CDMX;Chiapas;Comitán;Comitán Domínguez;2026;Ene;26
MEX;NO;Mayor a 5;73949397;CDMX;Chiapas;S Crist de las Casas;S.Crist.de las Casas;2026;Ene;26
MEX;NO;Mayor a 5;73949485;CDMX;Chiapas;S Crist de las Casas;S.Crist.de las Casas;2026;Feb;13
MEX;NO;Mayor a 5;73949852;CDMX;CDMX+EDOMEX;Metepec;Metepec;2026;Ene;28
MEX;NO;Mayor a 5;73949932;CDMX;Tabasco;Cárdenas;Cárdenas;2026;Ene;28
MEX;NO;Mayor a 5;73950181;CDMX;Nayarit;Tepic;Tepic;2026;Feb;4
MEX;NO;Mayor a 5;73950267;CDMX;Michoacán;Zamora;Zamora;2026;Ene;29
MEX;NO;Mayor a 5;73951712;CDMX;Veracruz;Córdoba;Cordoba;2026;Ene;24
MEX;NO;Mayor a 5;73951841;CDMX;Yucatán;Mérida;Mérida;2026;Ene;27
MEX;NO;Mayor a 5;73953085;CDMX;Veracruz;Córdoba;Cordoba;2026;Ene;26
MEX;NO;Mayor a 5;73953085;CDMX;Veracruz;Orizaba;Orizaba;2026;Ene;26
MEX;NO;Mayor a 5;73953776;CDMX;Chiapas;Tuxtla Gutiérrez;Tuxtla Gutiérrez;2026;Ene;26
MEX;NO;Mayor a 5;73953779;CDMX;Chiapas;Ocotzingo;Ocotzingo;2026;Feb;24
MEX;NO;Mayor a 5;73954196;CDMX;Yucatán;Uman;Uman;2026;Ene;30
MEX;NO;Mayor a 5;73954585;CDMX;Chiapas;Palenque;Palenque;2026;Feb;9
MEX;NO;Mayor a 5;73955410;CDMX;Chiapas;Tuxtla Gutiérrez;Tuxtla Gutiérrez;2026;Ene;26
MEX;NO;Mayor a 5;73956122;CDMX;Veracruz;Emiliano Zapata;EMILIANO ZAPATA, VER;2026;Feb;18
MEX;NO;Mayor a 5;73956497;CDMX;Chiapas;Comitán;Comitán Domínguez;2026;Ene;28
MEX;NO;Mayor a 5;73956519;CDMX;Oaxaca;Sta Cruz Xoxocotlan;STA.CRUZ XOXOCOTLAN;2026;Ene;26
MEX;NO;Mayor a 5;73963933;CDMX;Hidalgo;Tulancingo;Tulancingo;2026;Feb;5
MEX;NO;Mayor a 5;73964000;CDMX;Tlaxcala;Sta Ana Chautempan;Sta.Ana Chautempan;2026;Ene;27
MEX;NO;Mayor a 5;73964000;CDMX;Tlaxcala;Zacatelco;Zacatelco;2026;Ene;27
MEX;NO;Mayor a 5;73964114;CDMX;Chiapas;Tapachula;Tapachula;2026;Ene;28
MEX;NO;Mayor a 5;73964389;CDMX;Chiapas;Cacahuatan;Cacahuatán;2026;Feb;17
MEX;NO;Mayor a 5;73964585;CDMX;Chiapas;Escuintla;Escuintla;2026;Feb;13
MEX;NO;Mayor a 5;73964585;CDMX;Chiapas;Mapastepec;Mapastepec;2026;Feb;13
MEX;NO;Mayor a 5;73964905;CDMX;Veracruz;Jalapa;Jalapa;2026;Ene;29
MEX;NO;Mayor a 5;73965943;CDMX;Tabasco;Villahermosa;Villahermosa;2026;Ene;28
MEX;NO;Mayor a 5;73965969;CDMX;Tabasco;Villahermosa;Villahermosa;2026;Feb;23
MEX;NO;Mayor a 5;73967237;CDMX;Chiapas;Tuxtla Gutiérrez;Tuxtla Gutiérrez;2026;Ene;27
MEX;NO;Mayor a 5;73967246;CDMX;Chiapas;Tuxtla Gutiérrez;Tuxtla Gutiérrez;2026;Ene;27
MEX;NO;Mayor a 5;73967258;CDMX;Chiapas;Tuxtla Gutiérrez;Tuxtla Gutiérrez;2026;Ene;27
MEX;NO;Mayor a 5;73967366;CDMX;Veracruz;Veracruz;Veracruz;2026;Feb;2
MEX;NO;Mayor a 5;73967371;CDMX;Veracruz;Jesus Carranza;JESUS CARRANZA, VER.;2026;Ene;28
MEX;NO;Mayor a 5;73967373;CDMX;Chiapas;Angel Albino Corzo;Angel Albino Corzo;2026;Feb;14
MEX;NO;Mayor a 5;73968479;CDMX;Veracruz;Orizaba;HUILOAPAN DE CUAUHT;2026;Ene;27
MEX;NO;Mayor a 5;73968480;CDMX;Veracruz;Orizaba;HUILOAPAN DE CUAUHT;2026;Ene;28
MEX;NO;Mayor a 5;73969962;CDMX;Michoacán;Riva Palacio;Riva Palacio;2026;Feb;20
MEX;NO;Mayor a 5;73970151;CDMX;Chiapas;Tapachula;Tapachula;2026;Feb;2
MEX;NO;Mayor a 5;73970197;CDMX;Chiapas;Tila;TILA, CHS;2026;Feb;14
MEX;NO;Mayor a 5;73970251;CDMX;Hidalgo;Acatlán;Acatlan;2026;Feb;14
MEX;NO;Mayor a 5;73970992;CDMX;Oaxaca;Sta Cruz Xoxocotlan;STA.CRUZ XOXOCOTLAN;2026;Feb;2
MEX;NO;Mayor a 5;73971040;CDMX;Tabasco;Villahermosa;Villahermosa;2026;Ene;29
MEX;NO;Mayor a 5;73971313;CDMX;Tabasco;Comalcalco;Comalcalco;2026;Ene;28
MEX;NO;Mayor a 5;73971521;CDMX;Chiapas;Tuxtla Gutiérrez;Tuxtla Gutiérrez;2026;Ene;29
MEX;NO;Mayor a 5;73971828;CDMX;Hidalgo;Pachuca;Pachuca;2026;Ene;28
MEX;NO;Mayor a 5;73971834;CDMX;Michoacán;Riva Palacio;Riva Palacio;2026;Ene;29
MEX;NO;Mayor a 5;73972246;CDMX;Michoacán;Riva Palacio;Riva Palacio;2026;Ene;28
MEX;NO;Mayor a 5;73972247;CDMX;Michoacán;Riva Palacio;Riva Palacio;2026;Feb;19
MEX;NO;Mayor a 5;73972264;CDMX;Michoacán;Riva Palacio;Riva Palacio;2026;Mar;10
MEX;NO;Mayor a 5;73973830;CDMX;Guerrero;Arcelia;Arcelia;2026;Feb;4
MEX;NO;Mayor a 5;73975292;CDMX;Oaxaca;Matías Romero;Matias Romero;2026;Feb;11
MEX;NO;Mayor a 5;73976373;CDMX;Yucatán;Uman;Uman;2026;Feb;13
MEX;NO;Mayor a 5;73976560;CDMX;Chiapas;San Fernando;San Fernando;2026;Feb;11
MEX;NO;Mayor a 5;73976686;CDMX;Yucatán;Mérida;Mérida;2026;Feb;6
MEX;NO;Mayor a 5;73977226;CDMX;Chiapas;Tuxtla Gutiérrez;Tuxtla Gutiérrez;2026;Feb;2
MEX;NO;Mayor a 5;73979942;CDMX;Chiapas;Cacahuatan;Cacahuatán;2026;Feb;14
MEX;NO;Mayor a 5;73979947;CDMX;Chiapas;Comitán;Comitán Domínguez;2026;Ene;30
MEX;NO;Mayor a 5;73979976;CDMX;Chiapas;Mitontic;Mitontic;2026;Feb;5
MEX;NO;Mayor a 5;73980195;CDMX;Puebla;Zacapoaxtla;Zacapoaxtla;2026;Feb;19
MEX;NO;Mayor a 5;73980574;CDMX;Nayarit;Tepic;Tepic;2026;Feb;11
MEX;NO;Mayor a 5;73980764;CDMX;Guerrero;Acapulco;Acapulco de Juarez;2026;Feb;10
MEX;NO;Mayor a 5;73980812;CDMX;Puebla;Tlatlauquitepec, Pue;Tlatlauquitepec, Pue;2026;Mar;10
MEX;NO;Mayor a 5;73980812;CDMX;Puebla;Zacapoaxtla;Zacapoaxtla;2026;Mar;10
MEX;NO;Mayor a 5;73981024;CDMX;Jalisco;Guadalajara;Guadalajara;2026;Ene;30
MEX;NO;Mayor a 5;73981974;CDMX;Hidalgo;Atotonilco de Tula;Atotonilco de Tula;2026;Feb;13
MEX;NO;Mayor a 5;73983183;CDMX;Guanajuato;Celaya;Celaya;2026;Ene;30
MEX;NO;Mayor a 5;73984510;CDMX;Guerrero;Ciudad Altamirano;Cd. Altamirano;2026;Feb;6
MEX;NO;Mayor a 5;73985241;CDMX;Campeche;Campeche;Campeche;2026;Feb;17
MEX;NO;Mayor a 5;73985275;CDMX;Veracruz;Jalapa;Jalapa;2026;Feb;6
MEX;NO;Mayor a 5;73985428;CDMX;Chiapas;Villacorzo;;2026;Feb;24
MEX;NO;Mayor a 5;73985428;CDMX;Chiapas;Villaflores;Villaflores;2026;Feb;24
MEX;NO;Mayor a 5;73985468;CDMX;Chiapas;Tuxtla Gutiérrez;Tuxtla Gutiérrez;2026;Feb;9
MEX;NO;Mayor a 5;73986243;CDMX;Hidalgo;Ciudad Sahagún;Ciudad Sahagun;2026;Feb;10
MEX;NO;Mayor a 5;73987203;CDMX;Chiapas;Cacahuatan;Cacahuatán;2026;Feb;3
MEX;NO;Mayor a 5;73987419;CDMX;Veracruz;Medellín de Bravo;Medellin de Bravo;2026;Feb;2
MEX;NO;Mayor a 5;73987419;CDMX;Veracruz;Veracruz;Veracruz;2026;Feb;2
MEX;NO;Mayor a 5;73991635;CDMX;Chiapas;San Fernando;San Fernando;2026;Feb;10
MEX;NO;Mayor a 5;73995224;CDMX;Campeche;Hopelchen;Holpechen;2026;Feb;3
MEX;NO;Mayor a 5;73995224;CDMX;Yucatán;Mérida;Mérida;2026;Feb;3
MEX;NO;Mayor a 5;74002378;CDMX;Hidalgo;Atotonilco de Tula;Atotonilco de Tula;2026;Feb;4
MEX;NO;Mayor a 5;74003301;CDMX;Chiapas;Tapilula;Bochil;2026;Feb;4
MEX;NO;Mayor a 5;74003401;CDMX;Chiapas;Tuxtla Gutiérrez;Tuxtla Gutiérrez;2026;Feb;5
MEX;NO;Mayor a 5;74004272;CDMX;Oaxaca;Juchitán;Juchitan;2026;Feb;3
MEX;NO;Mayor a 5;74004485;CDMX;Oaxaca;Ocotlán;Ocotlan;2026;Feb;3
MEX;NO;Mayor a 5;74008023;CDMX;Sonora;Benito Juarez;Benito Juarez;2026;Feb;4
MEX;NO;Mayor a 5;74008062;CDMX;Quintana Roo;Playa del Carmen;Playa del Carmen;2026;Feb;3
MEX;NO;Mayor a 5;74008064;CDMX;Quintana Roo;Playa del Carmen;Playa del Carmen;2026;Feb;6
MEX;NO;Mayor a 5;74008370;CDMX;Veracruz;Jalacingo;Jalacingo;2026;Feb;4
MEX;NO;Mayor a 5;74009145;CDMX;Oaxaca;Juchitán;Juchitan;2026;Feb;9
MEX;NO;Mayor a 5;74010133;CDMX;Chiapas;Tuxtla Gutiérrez;Tuxtla Gutiérrez;2026;Feb;7
MEX;NO;Mayor a 5;74010248;CDMX;Chiapas;Tuxtla Gutiérrez;Tuxtla Gutiérrez;2026;Feb;4
MEX;NO;Mayor a 5;74010458;CDMX;Chiapas;Tuxtla Gutiérrez;Tuxtla Gutiérrez;2026;Feb;12
MEX;NO;Mayor a 5;74010698;CDMX;Yucatán;Mérida;Mérida;2026;Feb;25
MEX;NO;Mayor a 5;74010702;CDMX;Yucatán;Mérida;Mérida;2026;Feb;4
MEX;NO;Mayor a 5;74010744;CDMX;CDMX+EDOMEX;Metepec;Metepec;2026;Feb;5
MEX;NO;Mayor a 5;74011098;CDMX;Tabasco;Villahermosa;Villahermosa;2026;Feb;25
MEX;NO;Mayor a 5;74011117;CDMX;Hidalgo;Acatlán;Acatlan;2026;Feb;4
MEX;NO;Mayor a 5;74011185;CDMX;Hidalgo;Tulancingo;Tulancingo;2026;Feb;17
MEX;NO;Mayor a 5;74011230;CDMX;Oaxaca;Tuxtepec;Tuxtepec;2026;Feb;4
MEX;NO;Mayor a 5;74011446;CDMX;Chiapas;Tapilula;Bochil;2026;Feb;12
MEX;NO;Mayor a 5;74011479;CDMX;Veracruz;Veracruz;Veracruz;2026;Feb;4
MEX;NO;Mayor a 5;74015338;CDMX;Chiapas;S Crist de las Casas;S.Crist.de las Casas;2026;Feb;12
MEX;NO;Mayor a 5;74015830;CDMX;Oaxaca;Sta Cruz Xoxocotlan;STA.CRUZ XOXOCOTLAN;2026;Feb;9
MEX;NO;Mayor a 5;74016085;CDMX;Chiapas;Tapachula;Tapachula;2026;Feb;5
MEX;NO;Mayor a 5;74016406;CDMX;Oaxaca;Sta Cruz Xoxocotlan;STA.CRUZ XOXOCOTLAN;2026;Feb;7
MEX;NO;Mayor a 5;74016407;CDMX;Chiapas;Tuxtla Gutiérrez;Tuxtla Gutiérrez;2026;Feb;7
MEX;NO;Mayor a 5;74016409;CDMX;Chiapas;Tapachula;Tapachula;2026;Feb;13
MEX;NO;Mayor a 5;74016415;CDMX;Oaxaca;Sta Cruz Xoxocotlan;STA.CRUZ XOXOCOTLAN;2026;Feb;9
MEX;NO;Mayor a 5;74016573;CDMX;Chiapas;Tapachula;Tapachula;2026;Feb;6
MEX;NO;Mayor a 5;74017447;CDMX;Tabasco;Centro;Centro;2026;Feb;6
MEX;NO;Mayor a 5;74017493;CDMX;Veracruz;Tuxpan;Tuxpan;2026;Mar;9
MEX;NO;Mayor a 5;74018071;CDMX;Chiapas;Tapachula;Tapachula;2026;Feb;6
MEX;NO;Mayor a 5;74019258;CDMX;Veracruz;Acayucan;Acayucan;2026;Mar;5
MEX;NO;Mayor a 5;74019277;CDMX;Veracruz;Jalacingo;Jalacingo;2026;Feb;5
MEX;NO;Mayor a 5;74022934;CDMX;Puebla;Sn Salvador el Verde;Sn Salvador el Verde;2026;Feb;23
MEX;NO;Mayor a 5;74024110;CDMX;Guerrero;Ciudad Altamirano;Cd. Altamirano;2026;Feb;7
MEX;NO;Mayor a 5;74034567;CDMX;Chiapas;Tapachula;Tapachula;2026;Feb;11
MEX;NO;Mayor a 5;74037926;CDMX;Chiapas;Tapachula;Tapachula;2026;Feb;12
MEX;NO;Mayor a 5;74038053;CDMX;Chiapas;Tapachula;Tapachula;2026;Feb;17
MEX;NO;Mayor a 5;74038555;CDMX;Oaxaca;Matías Romero;Matias Romero;2026;Feb;14
MEX;NO;Mayor a 5;74040031;CDMX;Hidalgo;Atotonilco de Tula;Atotonilco de Tula;2026;Feb;13
MEX;NO;Mayor a 5;74040432;CDMX;Veracruz;Jalapa;Jalapa;2026;Feb;9
MEX;NO;Mayor a 5;74040490;CDMX;Veracruz;Tantoyuca;Tantoyuca;2026;Feb;9
MEX;NO;Mayor a 5;74040834;CDMX;Veracruz;Orizaba;HUILOAPAN DE CUAUHT;2026;Feb;9
MEX;NO;Mayor a 5;74048768;CDMX;Guerrero;Acapulco;Acapulco de Juarez;2026;Feb;11
MEX;NO;Mayor a 5;74048768;CDMX;Guerrero;Benito Juarez;Benito Juarez;2026;Feb;11
MEX;NO;Mayor a 5;74048804;CDMX;Tabasco;Cárdenas;Cárdenas;2026;Feb;16
MEX;NO;Mayor a 5;74049377;CDMX;Chiapas;Tapachula;Tapachula;2026;Feb;10
MEX;NO;Mayor a 5;74049997;CDMX;Chiapas;Tuxtla Gutiérrez;Tuxtla Gutiérrez;2026;Feb;21
MEX;NO;Mayor a 5;74050110;CDMX;Tabasco;Villahermosa;Villahermosa;2026;Feb;16
MEX;NO;Mayor a 5;74050436;CDMX;Sonora;Benito Juarez;Benito Juarez;2026;Feb;11
MEX;NO;Mayor a 5;74051322;CDMX;Oaxaca;Sta Cruz Xoxocotlan;STA.CRUZ XOXOCOTLAN;2026;Feb;13
MEX;NO;Mayor a 5;74051643;CDMX;Veracruz;Acayucan;Acayucan;2026;Mar;5
MEX;NO;Mayor a 5;74051658;CDMX;Tabasco;Villahermosa;Villahermosa;2026;Feb;26
MEX;NO;Mayor a 5;74052112;CDMX;Hidalgo;Tula de Allende;Tula de Allende;2026;Feb;18
MEX;NO;Mayor a 5;74052264;CDMX;Oaxaca;Sta Cruz Xoxocotlan;STA.CRUZ XOXOCOTLAN;2026;Feb;12
MEX;NO;Mayor a 5;74052407;CDMX;Oaxaca;Sta Cruz Xoxocotlan;STA.CRUZ XOXOCOTLAN;2026;Feb;14
MEX;NO;Mayor a 5;74052524;CDMX;Chiapas;Tuxtla Gutiérrez;Tuxtla Gutiérrez;2026;Feb;10
MEX;NO;Mayor a 5;74052643;CDMX;Chiapas;Tuxtla Gutiérrez;Tuxtla Gutiérrez;2026;Feb;16
MEX;NO;Mayor a 5;74055186;CDMX;Chiapas;Margaritas;Margaritas;2026;Feb;23
MEX;NO;Mayor a 5;74055720;CDMX;Guerrero;Tlapa;Tlapa;2026;Feb;19
MEX;NO;Mayor a 5;74056788;CDMX;Chiapas;Tapachula;Tapachula;2026;Feb;13
MEX;NO;Mayor a 5;74057383;CDMX;Puebla;Tecamachalco;Tecamachalco;2026;Feb;12
MEX;NO;Mayor a 5;74057768;CDMX;Veracruz;Emiliano Zapata;EMILIANO ZAPATA, VER;2026;Mar;29
MEX;NO;Mayor a 5;74057827;CDMX;Tabasco;Villahermosa;Villahermosa;2026;Feb;14
MEX;NO;Mayor a 5;74061902;CDMX;Campeche;Campeche;Campeche;2026;Feb;18
MEX;NO;Mayor a 5;74061943;CDMX;Chiapas;Tonalá;Tonalá;2026;Feb;12
MEX;NO;Mayor a 5;74061989;CDMX;Chiapas;Tuxtla Gutiérrez;Tuxtla Gutiérrez;2026;Feb;13
MEX;NO;Mayor a 5;74068163;CDMX;Quintana Roo;Isla Cancun;Isla Cancún;2026;Feb;27
MEX;NO;Mayor a 5;74068419;CDMX;Oaxaca;Sta Cruz Xoxocotlan;STA.CRUZ XOXOCOTLAN;2026;Feb;16
MEX;NO;Mayor a 5;74069913;CDMX;Chiapas;Tapachula;Tapachula;2026;Feb;14
MEX;NO;Mayor a 5;74074012;CDMX;Chiapas;S Crist de las Casas;S.Crist.de las Casas;2026;Feb;14
MEX;NO;Mayor a 5;74074033;CDMX;Chiapas;Comitán;Comitán Domínguez;2026;Feb;18
MEX;NO;Mayor a 5;74074107;CDMX;Nayarit;Tepic;Tepic;2026;Feb;16
MEX;NO;Mayor a 5;74074320;CDMX;Veracruz;Orizaba;HUILOAPAN DE CUAUHT;2026;Feb;14
MEX;NO;Mayor a 5;74074723;CDMX;Chiapas;Comitán;Comitán Domínguez;2026;Feb;17
MEX;NO;Mayor a 5;74074882;CDMX;Chiapas;Chicomuselo;Chicomuselo;2026;Feb;18
MEX;NO;Mayor a 5;74074987;CDMX;Chiapas;Chiapa de Corzo;Chiapa de Corzo;2026;Feb;14
MEX;NO;Mayor a 5;74075006;CDMX;Chiapas;Comalapan;Cd. Front. Comalapa;2026;Feb;18
MEX;NO;Mayor a 5;74075185;CDMX;Guerrero;Acapulco;Acapulco de Juarez;2026;Feb;20
MEX;NO;Mayor a 5;74075390;CDMX;Hidalgo;Pachuca;Pachuca;2026;Feb;18
MEX;NO;Mayor a 5;74075390;CDMX;Hidalgo;Tulancingo;Tulancingo;2026;Feb;18
MEX;NO;Mayor a 5;74075826;CDMX;Guerrero;Ciudad Altamirano;Cd. Altamirano;2026;Feb;16
MEX;NO;Mayor a 5;74075856;CDMX;Veracruz;Jalapa;Jalapa;2026;Feb;17
MEX;NO;Mayor a 5;74075868;CDMX;Veracruz;Poza Rica;Poza Rica;2026;Feb;16
MEX;NO;Mayor a 5;74078055;CDMX;Puebla;Puebla;Puebla;2026;Feb;15
MEX;NO;Mayor a 5;74078055;CDMX;Tlaxcala;San Pablo Monte;San Pablo del Monte;2026;Feb;15
MEX;NO;Mayor a 5;74079486;CDMX;Veracruz;Medellín de Bravo;Medellin de Bravo;2026;Feb;19
MEX;NO;Mayor a 5;74079799;CDMX;Quintana Roo;Chetumal;Chetumal;2026;Feb;18
MEX;NO;Mayor a 5;74079821;CDMX;Puebla;Zacapoaxtla;Zacapoaxtla;2026;Feb;19
MEX;NO;Mayor a 5;74080012;CDMX;Chiapas;Tapachula;Tapachula;2026;Feb;20
MEX;NO;Mayor a 5;74080057;CDMX;Oaxaca;Sta Cruz Xoxocotlan;STA.CRUZ XOXOCOTLAN;2026;Feb;16
MEX;NO;Mayor a 5;74080151;CDMX;Chiapas;Tuxtla Gutiérrez;Tuxtla Gutiérrez;2026;Feb;19
MEX;NO;Mayor a 5;74080254;CDMX;Chiapas;Tapachula;Tapachula;2026;Mar;4
MEX;NO;Mayor a 5;74080448;CDMX;Jalisco;Guadalajara;Guadalajara S. Hgo.;2026;Feb;16
MEX;NO;Mayor a 5;74080448;CDMX;Jalisco;Ocotlán;Ocotlán;2026;Feb;16
MEX;NO;Mayor a 5;74080466;CDMX;Oaxaca;Huajuapan de León;Huajuapan de León;2026;Feb;16
MEX;NO;Mayor a 5;74080642;CDMX;Chiapas;Berriozabal;Berriozabal;2026;Feb;19
MEX;NO;Mayor a 5;74080642;CDMX;Chiapas;Ocotzingo;Ocotzingo;2026;Feb;19
MEX;NO;Mayor a 5;74080760;CDMX;Chiapas;Mapastepec;Mapastepec;2026;Feb;19
MEX;NO;Mayor a 5;74080760;CDMX;Chiapas;Pijijiapan;Pijijiapan;2026;Feb;19
MEX;NO;Mayor a 5;74080856;CDMX;Chiapas;S Crist de las Casas;S.Crist.de las Casas;2026;Feb;16
MEX;NO;Mayor a 5;74089174;CDMX;Chiapas;S Crist de las Casas;S.Crist.de las Casas;2026;Feb;27
MEX;NO;Mayor a 5;74089288;CDMX;Chiapas;Simojovel;Simojovel;2026;Mar;2
MEX;NO;Mayor a 5;74089456;CDMX;Michoacán;Riva Palacio;Riva Palacio;2026;Mar;2
MEX;NO;Mayor a 5;74089975;CDMX;Hidalgo;Tulancingo;Tulancingo;2026;Feb;23
MEX;NO;Mayor a 5;74094232;CDMX;Chiapas;Margaritas;Margaritas;2026;Feb;28
MEX;NO;Mayor a 5;74094256;CDMX;Chiapas;Ocotzingo;Ocotzingo;2026;Mar;2
MEX;NO;Mayor a 5;74094410;CDMX;Puebla;Tehuacan;Tehuacan;2026;Feb;28
MEX;NO;Mayor a 5;74094537;CDMX;Veracruz;Coatzacoalcos;Coatzacoalcos;2026;Mar;20
MEX;NO;Mayor a 5;74094537;CDMX;Veracruz;Cosoleacaque;Cosoleacaque;2026;Mar;20
MEX;NO;Mayor a 5;74094583;CDMX;Puebla;Izuca de Matamoros;Izuca de Matamoros;2026;Feb;26
MEX;NO;Mayor a 5;74094650;CDMX;CDMX+EDOMEX;Metepec;Metepec;2026;Feb;18
MEX;NO;Mayor a 5;74095062;CDMX;Veracruz;Veracruz;Veracruz;2026;Mar;4
MEX;NO;Mayor a 5;74095091;CDMX;Tabasco;Villahermosa;Villahermosa;2026;Feb;27
MEX;NO;Mayor a 5;74095134;CDMX;Puebla;Zacatlán;Zacatlan;2026;Feb;20
MEX;NO;Mayor a 5;74095243;CDMX;Chiapas;Tuxtla Gutiérrez;Tuxtla Gutiérrez;2026;Feb;18
MEX;NO;Mayor a 5;74095280;CDMX;Chiapas;Tuxtla Gutiérrez;Tuxtla Gutiérrez;2026;Feb;28
MEX;NO;Mayor a 5;74095308;CDMX;Chiapas;Tuxtla Gutiérrez;Tuxtla Gutiérrez;2026;Feb;28
MEX;NO;Mayor a 5;74095322;CDMX;Nayarit;Tepic;Tepic;2026;Mar;30
MEX;NO;Mayor a 5;74096112;CDMX;Veracruz;Martínez de la Torre;Martínez de la Torre;2026;Feb;21
MEX;NO;Mayor a 5;74096773;CDMX;Quintana Roo;Isla Cancun;Isla Cancún;2026;Mar;2
MEX;NO;Mayor a 5;74097682;CDMX;Michoacán;Riva Palacio;Riva Palacio;2026;Feb;23
MEX;NO;Mayor a 5;74102950;CDMX;Michoacán;Patzcuaro;Patzcuaro;2026;Feb;18
MEX;NO;Mayor a 5;74103234;CDMX;Veracruz;Veracruz;Veracruz;2026;Feb;21
MEX;NO;Mayor a 5;74103245;CDMX;Veracruz;Veracruz;Veracruz;2026;Feb;23
MEX;NO;Mayor a 5;74103246;CDMX;Veracruz;Veracruz;Veracruz;2026;Feb;24
MEX;NO;Mayor a 5;74103252;CDMX;Veracruz;Veracruz;Veracruz;2026;Feb;23
MEX;NO;Mayor a 5;74104434;CDMX;Puebla;Teziutlán;Teziutlan;2026;Feb;20
MEX;NO;Mayor a 5;74106648;CDMX;Michoacán;Riva Palacio;Riva Palacio;2026;Mar;5
MEX;NO;Mayor a 5;74107455;CDMX;Campeche;Campeche;Campeche;2026;Feb;23
MEX;NO;Mayor a 5;74107472;CDMX;Campeche;Campeche;Campeche;2026;Feb;20
MEX;NO;Mayor a 5;74107475;CDMX;Campeche;Campeche;Campeche;2026;Feb;25
MEX;NO;Mayor a 5;74107998;CDMX;Tabasco;Teapa;Teapa;2026;Feb;20
MEX;NO;Mayor a 5;74108769;CDMX;Tabasco;Cunduacan;Cunduacan;2026;Feb;20
MEX;NO;Mayor a 5;74109089;CDMX;Veracruz;Jesus Carranza;JESUS CARRANZA, VER.;2026;Feb;21
MEX;NO;Mayor a 5;74109792;CDMX;Tlaxcala;San Pablo Monte;San Pablo del Monte;2026;Feb;20
MEX;NO;Mayor a 5;74109792;CDMX;Tlaxcala;Tenancingo;TENANCINGO;2026;Feb;20
MEX;NO;Mayor a 5;74109988;CDMX;Tabasco;Villahermosa;Villahermosa;2026;Mar;2
MEX;NO;Mayor a 5;74114213;CDMX;Tabasco;Centro;Centro;2026;Feb;24
MEX;NO;Mayor a 5;74114700;CDMX;Campeche;Hopelchen;Holpechen;2026;Mar;10
MEX;NO;Mayor a 5;74115080;CDMX;Chiapas;Tuxtla Gutiérrez;Tuxtla Gutiérrez;2026;Feb;21
MEX;NO;Mayor a 5;74117258;CDMX;Veracruz;Jalapa;Jalapa;2026;Feb;23
MEX;NO;Mayor a 5;74123012;CDMX;Guanajuato;Silao;Siláo;2026;Mar;4
MEX;NO;Mayor a 5;74123094;CDMX;Chiapas;Tapachula;Tapachula;2026;Feb;25
MEX;NO;Mayor a 5;74132991;CDMX;Veracruz;Veracruz;Veracruz;2026;Feb;24
MEX;NO;Mayor a 5;74133192;CDMX;Veracruz;Veracruz;Veracruz;2026;Feb;24
MEX;NO;Mayor a 5;74133555;CDMX;Chiapas;Margaritas;Margaritas;2026;Mar;3
MEX;NO;Mayor a 5;74134053;CDMX;Chiapas;San Fernando;San Fernando;2026;Feb;27
MEX;NO;Mayor a 5;74134053;CDMX;Chiapas;Tuxtla Gutiérrez;Tuxtla Gutiérrez;2026;Feb;27
MEX;NO;Mayor a 5;74134054;CDMX;Chiapas;Tapachula;Tapachula;2026;Mar;2
MEX;NO;Mayor a 5;74134140;CDMX;Chiapas;Comitán;Comitán Domínguez;2026;Feb;24
MEX;NO;Mayor a 5;74134162;CDMX;Chiapas;S Crist de las Casas;S.Crist.de las Casas;2026;Mar;2
MEX;NO;Mayor a 5;74134191;CDMX;Veracruz;Tuxpan;Tuxpan;2026;Mar;9
MEX;NO;Mayor a 5;74134392;CDMX;Puebla;Amozoc;Amozoc;2026;Feb;25
MEX;NO;Mayor a 5;74134392;CDMX;Puebla;Chachapa;Chachapa;2026;Feb;25
MEX;NO;Mayor a 5;74134516;CDMX;Tabasco;Comalcalco;Comalcalco;2026;Feb;26
MEX;NO;Mayor a 5;74134685;CDMX;Hidalgo;Zapotlan de Juarez;Zapotlan de Juarez;2026;Feb;27
MEX;NO;Mayor a 5;74139128;CDMX;Aguascalientes;Aguascalientes;Aguascalientes;2026;Mar;18
MEX;NO;Mayor a 5;74139208;CDMX;Guerrero;Acapulco;Acapulco de Juarez;2026;Feb;26
MEX;NO;Mayor a 5;74139341;CDMX;Guanajuato;León;León;2026;Feb;28
MEX;NO;Mayor a 5;74139623;CDMX;Chiapas;Comitán;Comitán Domínguez;2026;Feb;26
MEX;NO;Mayor a 5;74139728;CDMX;Veracruz;Poza Rica;Poza Rica;2026;Feb;25
MEX;NO;Mayor a 5;74139924;CDMX;Veracruz;Coatzintla;Coatzintla;2026;Feb;27
MEX;NO;Mayor a 5;74139979;CDMX;Chiapas;Tuxtla Gutiérrez;Tuxtla Gutiérrez;2026;Mar;3
MEX;NO;Mayor a 5;74140299;CDMX;Puebla;Atlixco;Atlixco;2026;Feb;24
MEX;NO;Mayor a 5;74140608;CDMX;Oaxaca;Sta Cruz Xoxocotlan;STA.CRUZ XOXOCOTLAN;2026;Feb;26
MEX;NO;Mayor a 5;74140971;CDMX;Guerrero;Benito Juarez;Benito Juarez;2026;Mar;11
MEX;NO;Mayor a 5;74146589;CDMX;Hidalgo;Acatlán;Acatlan;2026;Mar;6
MEX;NO;Mayor a 5;74146825;CDMX;Michoacán;Riva Palacio;Riva Palacio;2026;Mar;14
MEX;NO;Mayor a 5;74147048;CDMX;Guerrero;Juan R Escudero;Juan R Escudero;2026;Mar;10
MEX;NO;Mayor a 5;74148429;CDMX;Chiapas;Chiapa de Corzo;Chiapa de Corzo;2026;Feb;28
MEX;NO;Mayor a 5;74148432;CDMX;Tabasco;Comalcalco;Comalcalco;2026;Feb;26
MEX;NO;Mayor a 5;74148442;CDMX;Veracruz;Cosoleacaque;Cosoleacaque;2026;Mar;21
MEX;NO;Mayor a 5;74148494;CDMX;Guerrero;Tlapa;Tlapa;2026;Mar;2
MEX;NO;Mayor a 5;74152106;CDMX;Michoacán;Riva Palacio;Riva Palacio;2026;Mar;14
MEX;NO;Mayor a 5;74153186;CDMX;Chiapas;Tuxtla Gutiérrez;Tuxtla Gutiérrez;2026;Mar;2
MEX;NO;Mayor a 5;74153477;CDMX;Chiapas;Tuxtla Gutiérrez;Tuxtla Gutiérrez;2026;Feb;27
MEX;NO;Mayor a 5;74153481;CDMX;Tabasco;Villahermosa;Villahermosa;2026;Feb;28
MEX;NO;Mayor a 5;74153755;CDMX;Tabasco;Villahermosa;Villahermosa;2026;Mar;3
MEX;NO;Mayor a 5;74153772;CDMX;Tabasco;Villahermosa;Villahermosa;2026;Mar;6
MEX;NO;Mayor a 5;74158114;CDMX;Chiapas;Tapachula;Tapachula;2026;Mar;2
MEX;NO;Mayor a 5;74158956;CDMX;Puebla;Puebla;Puebla;2026;Mar;12
MEX;NO;Mayor a 5;74159022;CDMX;Puebla;Zacatlán;Zacatlan;2026;Mar;13
MEX;NO;Mayor a 5;74159262;CDMX; ;Alamo Temapache*NU;Temapache;2026;Feb;28
MEX;NO;Mayor a 5;74161077;CDMX;Veracruz;Veracruz;Veracruz;2026;Mar;2
MEX;NO;Mayor a 5;74165141;CDMX;Veracruz;Tantoyuca;Tantoyuca;2026;Mar;2
MEX;NO;Mayor a 5;74165575;CDMX;Veracruz;Veracruz;Veracruz;2026;Mar;4
MEX;NO;Mayor a 5;74165620;CDMX;Veracruz;Veracruz;Veracruz;2026;Mar;2
MEX;NO;Mayor a 5;74165625;CDMX;Veracruz;Veracruz;Veracruz;2026;Mar;2
MEX;NO;Mayor a 5;74165626;CDMX;Veracruz;Veracruz;Veracruz;2026;Mar;4
MEX;NO;Mayor a 5;74165635;CDMX;Veracruz;Veracruz;Veracruz;2026;Mar;2
MEX;NO;Mayor a 5;74165824;CDMX;Veracruz;Veracruz;Veracruz;2026;Mar;4
MEX;NO;Mayor a 5;74165844;CDMX;Veracruz;Veracruz;Veracruz;2026;Mar;4
MEX;NO;Mayor a 5;74165845;CDMX;Veracruz;Veracruz;Veracruz;2026;Mar;2
MEX;NO;Mayor a 5;74165846;CDMX;Veracruz;Veracruz;Veracruz;2026;Mar;2
MEX;NO;Mayor a 5;74165868;CDMX;Veracruz;Veracruz;Veracruz;2026;Mar;2
MEX;NO;Mayor a 5;74176320;CDMX;Oaxaca;Tlalixtac de Cabrera;;2026;Mar;18
MEX;NO;Mayor a 5;74176320;CDMX;Oaxaca;Zaachila;Zaachila;2026;Mar;18
MEX;NO;Mayor a 5;74176558;CDMX;Chiapas;Comitán;Comitán Domínguez;2026;Mar;3
MEX;NO;Mayor a 5;74176585;CDMX;Puebla;Santiago Mihuatlán;Santiago Miahuatlan;2026;Mar;5
MEX;NO;Mayor a 5;74176634;CDMX;Veracruz;Playa Vicente;PLAYA VICENTE, VER.;2026;Mar;3
MEX;NO;Mayor a 5;74177361;CDMX;Puebla;Puebla;Puebla;2026;Mar;3
MEX;NO;Mayor a 5;74177374;CDMX;Jalisco;Guadalajara;Guadalajara S. Hgo.;2026;Mar;7
MEX;NO;Mayor a 5;74177604;CDMX;Campeche;Campeche;Campeche;2026;Mar;3
MEX;NO;Mayor a 5;74180809;CDMX;Veracruz;Tantoyuca;Tantoyuca;2026;Mar;25
MEX;NO;Mayor a 5;74181026;CDMX;Chiapas;Tuxtla Gutiérrez;Tuxtla Gutiérrez;2026;Mar;9
MEX;NO;Mayor a 5;74181035;CDMX;Chiapas;Tuxtla Gutiérrez;Tuxtla Gutiérrez;2026;Mar;4
MEX;NO;Mayor a 5;74181037;CDMX;Chiapas;Tuxtla Gutiérrez;Tuxtla Gutiérrez;2026;Mar;7
MEX;NO;Mayor a 5;74181045;CDMX;Chiapas;Tapachula;Tapachula;2026;Mar;7
MEX;NO;Mayor a 5;74181055;CDMX;Chiapas;Tapachula;Tapachula;2026;Mar;6
MEX;NO;Mayor a 5;74181067;CDMX;Chiapas;Ocotzingo;Ocotzingo;2026;Mar;12
MEX;NO;Mayor a 5;74181077;CDMX;Chiapas;S Crist de las Casas;S.Crist.de las Casas;2026;Mar;4
MEX;NO;Mayor a 5;74181089;CDMX;Chiapas;San Fernando;San Fernando;2026;Mar;5
MEX;NO;Mayor a 5;74181098;CDMX;Chiapas;Tonalá;Tonalá;2026;Mar;4
MEX;NO;Mayor a 5;74181127;CDMX;Veracruz;Poza Rica;Poza Rica;2026;Mar;11
MEX;NO;Mayor a 5;74181143;CDMX;Veracruz;Veracruz;Veracruz;2026;Mar;6
MEX;NO;Mayor a 5;74181156;CDMX;Veracruz;Jalapa;Jalapa;2026;Mar;5
MEX;NO;Mayor a 5;74181177;CDMX;Puebla;Puebla;Puebla;2026;Mar;4
MEX;NO;Mayor a 5;74181192;CDMX;Puebla;San Andrés Cholula;San Andrés Cholula;2026;Mar;23
MEX;NO;Mayor a 5;74181211;CDMX;Puebla;Teziutlán;Teziutlan;2026;Mar;14
MEX;NO;Mayor a 5;74181226;CDMX;Tabasco;Comalcalco;Comalcalco;2026;Mar;9
MEX;NO;Mayor a 5;74181239;CDMX;Hidalgo;Acatlán;Acatlan;2026;Mar;12
MEX;NO;Mayor a 5;74181239;CDMX;Hidalgo;Tulancingo;Tulancingo;2026;Mar;12
MEX;NO;Mayor a 5;74181248;CDMX;Guanajuato;Irapuato;Irapuato;2026;Mar;4
MEX;NO;Mayor a 5;74181248;CDMX;Guanajuato;Uriangato;Uriangato;2026;Mar;4
MEX;NO;Mayor a 5;74181250;CDMX;Tlaxcala;Zacatelco;Zacatelco;2026;Mar;14
MEX;NO;Mayor a 5;74181254;CDMX;Yucatán;Mérida;Mérida;2026;Mar;5
MEX;NO;Mayor a 5;74181271;CDMX;Chiapas;Margaritas;Margaritas;2026;Mar;6
MEX;NO;Mayor a 5;74181834;CDMX;Veracruz;Río Blanco;Rio Blanco;2026;Mar;6
MEX;NO;Mayor a 5;74182161;CDMX;Chiapas;Huitiupan;Huitiupan;2026;Mar;6
MEX;NO;Mayor a 5;74182344;CDMX;Chiapas;Tapachula;Tapachula;2026;Mar;4
MEX;NO;Mayor a 5;74183374;CDMX;Hidalgo;Acatlán;Acatlan;2026;Mar;5
MEX;NO;Mayor a 5;74187873;CDMX;Guerrero;Ciudad Altamirano;Cd. Altamirano;2026;Mar;7
MEX;NO;Mayor a 5;74187874;CDMX;Guerrero;Ciudad Altamirano;Cd. Altamirano;2026;Mar;9
MEX;NO;Mayor a 5;74191183;CDMX;Tlaxcala;Apizaco;Apizaco;2026;Mar;11
MEX;NO;Mayor a 5;74191328;CDMX;Oaxaca;Ocotlán;Ocotlan;2026;Mar;6
MEX;NO;Mayor a 5;74191460;CDMX;Oaxaca;Tlalixtac de Cabrera;;2026;Mar;9
MEX;NO;Mayor a 5;74193793;CDMX;Oaxaca;Oaxaca;Oaxaca;2026;Mar;7
MEX;NO;Mayor a 5;74194393;CDMX;Puebla;Puebla;Puebla;2026;Mar;6
MEX;NO;Mayor a 5;74194421;CDMX;Puebla;Tehuacan;Tehuacan;2026;Mar;6
MEX;NO;Mayor a 5;74194431;CDMX;Puebla;Tehuacan;Tehuacan;2026;Mar;7
MEX;NO;Mayor a 5;74194508;CDMX;Chiapas;Tapachula;Tapachula;2026;Mar;6
MEX;NO;Mayor a 5;74194534;CDMX;Sonora;Benito Juarez;Benito Juarez;2026;Mar;6
MEX;NO;Mayor a 5;74194567;CDMX;Quintana Roo;Playa del Carmen;Playa del Carmen;2026;Mar;6
MEX;NO;Mayor a 5;74196772;CDMX;Chiapas;Comitán;Comitán Domínguez;2026;Mar;10
MEX;NO;Mayor a 5;74196787;CDMX;Chiapas;Ocotzingo;Ocotzingo;2026;Mar;12
MEX;NO;Mayor a 5;74196793;CDMX;Chiapas;Palenque;Palenque;2026;Mar;11
MEX;NO;Mayor a 5;74196794;CDMX;Chiapas;Arriaga;Arriaga;2026;Mar;10
MEX;NO;Mayor a 5;74196796;CDMX;Chiapas;S Crist de las Casas;S.Crist.de las Casas;2026;Mar;18
MEX;NO;Mayor a 5;74196796;CDMX;Chiapas;S Crist de las Casas;Zinacantan;2026;Mar;18
MEX;NO;Mayor a 5;74196797;CDMX;Veracruz;Veracruz;Veracruz;2026;Mar;10
MEX;NO;Mayor a 5;74196798;CDMX;Veracruz;Poza Rica;Poza Rica;2026;Mar;9
MEX;NO;Mayor a 5;74196803;CDMX;Veracruz;Río Blanco;Rio Blanco;2026;Mar;9
MEX;NO;Mayor a 5;74196804;CDMX;Puebla;Puebla;;2026;Abr;1
MEX;NO;Mayor a 5;74196805;CDMX;Puebla;Amozoc;Amozoc;2026;Mar;17
MEX;NO;Mayor a 5;74196806;CDMX;Puebla;S FelipeTeotlalcingo;;2026;Mar;18
MEX;NO;Mayor a 5;74196806;CDMX;Puebla;San Martin Texmelucan;S. Martín Texmelucan;2026;Mar;18
MEX;NO;Mayor a 5;74196807;CDMX;Puebla;Puebla;Puebla;2026;Mar;17
MEX;NO;Mayor a 5;74197109;CDMX;Oaxaca;Juchitán;Juchitan;2026;Mar;10
MEX;NO;Mayor a 5;74197121;CDMX;Tabasco;Centro;Centro;2026;Mar;13
MEX;NO;Mayor a 5;74197138;CDMX;Hidalgo;Tula de Allende;Tula de Allende;2026;Mar;13
MEX;NO;Mayor a 5;74198593;CDMX;Guerrero;Chilpancilgo;Chilpancingo;2026;Mar;27
MEX;NO;Mayor a 5;74198607;CDMX;Puebla;Puebla;Puebla;2026;Mar;9
MEX;NO;Mayor a 5;74198611;CDMX;Puebla;Puebla;Puebla;2026;Mar;7
MEX;NO;Mayor a 5;74198613;CDMX;Puebla;Puebla;Puebla;2026;Mar;11
MEX;NO;Mayor a 5;74199232;CDMX;Oaxaca;Tuxtepec;Tuxtepec;2026;Mar;9
MEX;NO;Mayor a 5;74199239;CDMX;Veracruz;Veracruz;Veracruz;2026;Mar;7
MEX;NO;Mayor a 5;74199281;CDMX;Veracruz;Veracruz;Veracruz;2026;Mar;7
MEX;NO;Mayor a 5;74199324;CDMX;Jalisco;Ocotlán;Ocotlán;2026;Mar;11
MEX;NO;Mayor a 5;74199417;CDMX;Hidalgo;Acatlán;Acatlan;2026;Mar;20
MEX;NO;Mayor a 5;74199417;CDMX;Hidalgo;Zempoala;;2026;Mar;20
MEX;NO;Mayor a 5;74204400;CDMX;Campeche;Campeche;Campeche;2026;Mar;8
MEX;NO;Mayor a 5;74210454;CDMX;Tabasco;Cunduacan;Cunduacan;2026;Mar;13
MEX;NO;Mayor a 5;74210512;CDMX;Jalisco;Guadalajara;Guadalajara S. Hgo.;2026;Mar;11
MEX;NO;Mayor a 5;74210533;CDMX;Chiapas;Tapilula;Bochil;2026;Mar;27
MEX;NO;Mayor a 5;74210555;CDMX;Chiapas;Comitán;Comitán Domínguez;2026;Mar;10
MEX;NO;Mayor a 5;74210606;CDMX;Chiapas;Mapastepec;Mapastepec;2026;Mar;17
MEX;NO;Mayor a 5;74210803;CDMX;Hidalgo;Atotonilco el Grande;Atotonilco el Alto;2026;Mar;13
MEX;NO;Mayor a 5;74210845;CDMX;Tlaxcala;Tetla;Tetla;2026;Mar;10
MEX;NO;Mayor a 5;74211835;CDMX;Yucatán;Mérida;Mérida;2026;Mar;10
MEX;NO;Mayor a 5;74212564;CDMX;Veracruz;Orizaba;HUILOAPAN DE CUAUHT;2026;Mar;11
MEX;NO;Mayor a 5;74213172;CDMX;CDMX+EDOMEX;Metepec;Metepec;2026;Mar;11
MEX;NO;Mayor a 5;74213182;CDMX;CDMX+EDOMEX;Metepec;Metepec;2026;Mar;11
MEX;NO;Mayor a 5;74216381;CDMX;Chiapas;Palenque;Palenque;2026;Mar;17
MEX;NO;Mayor a 5;74216682;CDMX;Campeche;Champotón;Champoton;2026;Mar;20
MEX;NO;Mayor a 5;74216717;CDMX;Puebla;Atlixco;Atlixco;2026;Mar;14
MEX;NO;Mayor a 5;74216874;CDMX;Chiapas;Tuxtla Gutiérrez;Tuxtla Gutiérrez;2026;Mar;13
MEX;NO;Mayor a 5;74216878;CDMX;Chiapas;S Crist de las Casas;S.Crist.de las Casas;2026;Mar;11
MEX;NO;Mayor a 5;74216881;CDMX;Veracruz;Tuxpan;Tuxpan;2026;Mar;29
MEX;NO;Mayor a 5;74219733;CDMX;Oaxaca;Matías Romero;Matias Romero;2026;Mar;16
MEX;NO;Mayor a 5;74219827;CDMX;Tabasco;Cárdenas;Cárdenas;2026;Mar;16
MEX;NO;Mayor a 5;74222114;CDMX;Chiapas;Tonalá;Tonalá;2026;Mar;18
MEX;NO;Mayor a 5;74222211;CDMX;Michoacán;Riva Palacio;Riva Palacio;2026;Mar;14
MEX;NO;Mayor a 5;74223337;CDMX;Chiapas;La Trinitaria;La Trinitaria;2026;Mar;31
MEX;NO;Mayor a 5;74223341;CDMX;Chiapas;Comitán;Comitán Domínguez;2026;Mar;17
MEX;NO;Mayor a 5;74223341;CDMX;Chiapas;Margaritas;Margaritas;2026;Mar;17
MEX;NO;Mayor a 5;74223420;CDMX;Puebla;Zacapoaxtla;Zacapoaxtla;2026;Mar;27
MEX;NO;Mayor a 5;74223423;CDMX;Puebla;Santiago Mihuatlán;Santiago Miahuatlan;2026;Mar;14
MEX;NO;Mayor a 5;74223427;CDMX;Guerrero;Ciudad Altamirano;Cd. Altamirano;2026;Mar;17
MEX;NO;Mayor a 5;74223436;CDMX;Guerrero;Chilapa;Chilapa de Alvarez;2026;Abr;7
MEX;NO;Mayor a 5;74227559;CDMX;Chiapas;Tapachula;Tapachula;2026;Mar;13
MEX;NO;Mayor a 5;74227561;CDMX;Chiapas;Tapachula;Tapachula;2026;Mar;17
MEX;NO;Mayor a 5;74227577;CDMX;Guerrero;Ciudad Altamirano;Cd. Altamirano;2026;Mar;18
MEX;NO;Mayor a 5;74227582;CDMX;Guerrero;Ciudad Altamirano;Cd. Altamirano;2026;Mar;13
MEX;NO;Mayor a 5;74227589;CDMX;Guerrero;Ciudad Altamirano;Cd. Altamirano;2026;Mar;18
MEX;NO;Mayor a 5;74227600;CDMX;Guerrero;Ciudad Altamirano;Cd. Altamirano;2026;Mar;18
MEX;NO;Mayor a 5;74227601;CDMX;Guerrero;Ciudad Altamirano;Cd. Altamirano;2026;Mar;16
MEX;NO;Mayor a 5;74227815;CDMX;Chiapas;Tuxtla Gutiérrez;Tuxtla Gutiérrez;2026;Mar;19
MEX;NO;Mayor a 5;74227858;CDMX;Nayarit;Tepic;Tepic;2026;Mar;30
MEX;NO;Mayor a 5;74227972;CDMX;Veracruz;Acayucan;Acayucan;2026;Mar;26
MEX;NO;Mayor a 5;74227972;CDMX;Veracruz;Coatzacoalcos;Coatzacoalcos;2026;Mar;26
MEX;NO;Mayor a 5;74227984;CDMX;Campeche;Campeche;Campeche;2026;Mar;14
MEX;NO;Mayor a 5;74228035;CDMX;Campeche;Campeche;Campeche;2026;Mar;13
MEX;NO;Mayor a 5;74228145;CDMX;Campeche;Campeche;Campeche;2026;Mar;13
MEX;NO;Mayor a 5;74228285;CDMX;Hidalgo;Tulancingo;Tulancingo;2026;Mar;25
MEX;NO;Mayor a 5;74229462;CDMX;Puebla;Puebla;Puebla;2026;Mar;13
MEX;NO;Mayor a 5;74229683;CDMX;Veracruz;Martínez de la Torre;Martínez de la Torre;2026;Mar;14
MEX;NO;Mayor a 5;74231781;CDMX;Chiapas;Tapachula;Tapachula;2026;Mar;24
MEX;NO;Mayor a 5;74232235;CDMX;Oaxaca;Salina Cruz;Salina Cruz;2026;Mar;16
MEX;NO;Mayor a 5;74232853;CDMX;Tabasco;Villahermosa;Villahermosa;2026;Mar;17
MEX;NO;Mayor a 5;74233079;CDMX;Veracruz;Poza Rica;Poza Rica;2026;Mar;17
MEX;NO;Mayor a 5;74233766;CDMX;Guanajuato;Celaya;Celaya;2026;Mar;16
MEX;NO;Mayor a 5;74233838;CDMX;Hidalgo;Ciudad Sahagún;Mineral d/l Reforma;2026;Mar;23
MEX;NO;Mayor a 5;74237052;CDMX;Chiapas;Ocotzingo;Ocotzingo;2026;Mar;19
MEX;NO;Mayor a 5;74237055;CDMX;Guerrero;Chilapa;Chilapa de Alvarez;2026;Mar;26
MEX;NO;Mayor a 5;74237077;CDMX;Tabasco;Cárdenas;Cárdenas;2026;Mar;16
MEX;NO;Mayor a 5;74237088;CDMX;Oaxaca;Sta Cruz Xoxocotlan;STA.CRUZ XOXOCOTLAN;2026;Mar;18
MEX;NO;Mayor a 5;74237314;CDMX;Chiapas;Comitán;Comitán Domínguez;2026;Mar;17
MEX;NO;Mayor a 5;74237812;CDMX;Oaxaca;Zaachila;Zaachila;2026;Mar;15
MEX;NO;Mayor a 5;74238016;CDMX;Chiapas;Berriozabal;Berriozabal;2026;Mar;18
MEX;NO;Mayor a 5;74238016;CDMX;Chiapas;San Fernando;San Fernando;2026;Mar;18
MEX;NO;Mayor a 5;74238107;CDMX;Chiapas;Tuxtla Gutiérrez;Tuxtla Gutiérrez;2026;Mar;20
MEX;NO;Mayor a 5;74238125;CDMX;Chiapas;Tuxtla Gutiérrez;Tuxtla Gutiérrez;2026;Mar;23
MEX;NO;Mayor a 5;74238160;CDMX;Chiapas;Tuxtla Gutiérrez;Tuxtla Gutiérrez;2026;Mar;20
MEX;NO;Mayor a 5;74238430;CDMX;Yucatán;Mérida;Mérida;2026;Mar;20
MEX;NO;Mayor a 5;74247882;CDMX;Yucatán;Uman;Uman;2026;Mar;17
MEX;NO;Mayor a 5;74248090;CDMX;Chiapas;Comitán;Comitán Domínguez;2026;Mar;17
MEX;NO;Mayor a 5;74248206;CDMX;Puebla;Tehuacan;Tehuacan;2026;Mar;18
MEX;NO;Mayor a 5;74250424;CDMX;Chiapas;Chilon;Chilon;2026;Mar;19
MEX;NO;Mayor a 5;74250424;CDMX;Chiapas;Yajalón;Yajalon;2026;Mar;19
MEX;NO;Mayor a 5;74250487;CDMX;Chiapas;Huitiupan;Huitiupan;2026;Mar;28
MEX;NO;Mayor a 5;74250634;CDMX;Hidalgo;Tulancingo;Tulancingo;2026;Mar;30
MEX;NO;Mayor a 5;74250835;CDMX;Quintana Roo;Isla Cancun;Isla Cancún;2026;Mar;20
MEX;NO;Mayor a 5;74253245;CDMX;Hidalgo;Tulancingo;Tulancingo;2026;Mar;25
MEX;NO;Mayor a 5;74256191;CDMX;Guerrero;Chilapa;Chilapa de Alvarez;2026;Abr;1
MEX;NO;Mayor a 5;74256320;CDMX;Michoacán;Riva Palacio;Riva Palacio;2026;Mar;19
MEX;NO;Mayor a 5;74256489;CDMX;Hidalgo;Acatlán;Acatlan;2026;Mar;27
MEX;NO;Mayor a 5;74256995;CDMX;Tabasco;Villahermosa;Villahermosa;2026;Mar;25
MEX;NO;Mayor a 5;74257192;CDMX;Chiapas;Comitán;Comitán Domínguez;2026;Mar;26
MEX;NO;Mayor a 5;74258306;CDMX;Veracruz;Río Blanco;Rio Blanco;2026;Mar;24
MEX;NO;Mayor a 5;74258319;CDMX;Chiapas;Tapachula;Tapachula;2026;Mar;24
MEX;NO;Mayor a 5;74258333;CDMX;Chiapas;Chiapa de Corzo;Chiapa de Corzo;2026;Mar;21
MEX;NO;Mayor a 5;74258345;CDMX;Chiapas;Palenque;Palenque;2026;Mar;24
MEX;NO;Mayor a 5;74258360;CDMX;Chiapas;Comitán;Comitán Domínguez;2026;Abr;1
MEX;NO;Mayor a 5;74258360;CDMX;Chiapas;La Trinitaria;La Trinitaria;2026;Abr;1
MEX;NO;Mayor a 5;74258368;CDMX;Chiapas;Cacahuatan;Cacahuatán;2026;Mar;26
MEX;NO;Mayor a 5;74258368;CDMX;Chiapas;Tonalá;Tonalá;2026;Mar;26
MEX;NO;Mayor a 5;74258378;CDMX;Oaxaca;Santiago Pinotepa Nacional;Stgo. Pinotepa Nal.;2026;Mar;28
MEX;NO;Mayor a 5;74258388;CDMX;Oaxaca;Juchitán;Juchitan;2026;Mar;19
MEX;NO;Mayor a 5;74258388;CDMX;Oaxaca;Matías Romero;Matias Romero;2026;Mar;19
MEX;NO;Mayor a 5;74261306;CDMX;Chiapas;Tuxtla Gutiérrez;Tuxtla Gutiérrez;2026;Mar;20
MEX;NO;Mayor a 5;74261602;CDMX;Sonora;Benito Juarez;Benito Juarez;2026;Mar;24
MEX;NO;Mayor a 5;74261861;CDMX;Veracruz;Poza Rica;Poza Rica;2026;Mar;23
MEX;NO;Mayor a 5;74261862;CDMX;Veracruz;Coactepec;Coactepec;2026;Abr;1
MEX;NO;Mayor a 5;74261862;CDMX;Veracruz;Jalapa;Jalapa;2026;Abr;1
MEX;NO;Mayor a 5;74261882;CDMX;Hidalgo;Tula de Allende;Tula de Allende;2026;Mar;23
MEX;NO;Mayor a 5;74261903;CDMX;Guanajuato;Irapuato;Irapuato;2026;Mar;20
MEX;NO;Mayor a 5;74262187;CDMX;Oaxaca;Ocotlán;Ocotlan;2026;Mar;21
MEX;NO;Mayor a 5;74263061;CDMX;Guerrero;Arcelia;Arcelia;2026;Mar;23
MEX;NO;Mayor a 5;74266719;CDMX;Campeche;Campeche;Campeche;2026;Mar;22
MEX;NO;Mayor a 5;74267050;CDMX;Veracruz;Emiliano Zapata;EMILIANO ZAPATA, VER;2026;Mar;29
MEX;NO;Mayor a 5;74267051;CDMX;Chiapas;S Crist de las Casas;S.Crist.de las Casas;2026;Mar;25
MEX;NO;Mayor a 5;74267658;CDMX;Oaxaca;Ocotlán;Ocotlan;2026;Abr;3
MEX;NO;Mayor a 5;74267658;CDMX;Oaxaca;Sta Cruz Xoxocotlan;STA.CRUZ XOXOCOTLAN;2026;Abr;3
MEX;NO;Mayor a 5;74273079;CDMX;Guerrero;Acapulco;Acapulco de Juarez;2026;Mar;23
MEX;NO;Mayor a 5;74273089;CDMX;Chiapas;Ocotzingo;Ocotzingo;2026;Mar;25
MEX;NO;Mayor a 5;74273117;CDMX;Sonora;Benito Juarez;Benito Juarez;2026;Mar;23
MEX;NO;Mayor a 5;74274167;CDMX;Guerrero;Acapulco;Acapulco de Juarez;2026;Mar;23
MEX;NO;Mayor a 5;74274355;CDMX;Chiapas;Tuxtla Gutiérrez;Tuxtla Gutiérrez;2026;Mar;27
MEX;NO;Mayor a 5;74274685;CDMX;Tabasco;Centro;Centro;2026;Mar;28
MEX;NO;Mayor a 5;74274685;CDMX;Tabasco;Cunduacan;Cunduacan;2026;Mar;28
MEX;NO;Mayor a 5;74274827;CDMX;Puebla;Tepeaca;Tepeaca;2026;Mar;23
MEX;NO;Mayor a 5;74283264;CDMX;Chiapas;Tapachula;Tapachula;2026;Mar;25
MEX;NO;Mayor a 5;74283312;CDMX;Veracruz;Poza Rica;Poza Rica;2026;Mar;25
MEX;NO;Mayor a 5;74285976;CDMX;Veracruz;Orizaba;HUILOAPAN DE CUAUHT;2026;Mar;24
MEX;NO;Mayor a 5;74285978;CDMX;Chiapas;S Crist de las Casas;S.Crist.de las Casas;2026;Mar;27
MEX;NO;Mayor a 5;74286003;CDMX;Hidalgo;Tulancingo;Tulancingo;2026;Mar;27
MEX;NO;Mayor a 5;74287221;CDMX;Guerrero;Acapulco;Acapulco de Juarez;2026;Mar;27
MEX;NO;Mayor a 5;74287533;CDMX;Guanajuato;León;León;2026;Abr;1
MEX;NO;Mayor a 5;74287551;CDMX;Guanajuato;León;León;2026;Mar;25
MEX;NO;Mayor a 5;74287668;CDMX;Jalisco;Tlaquepaque;Sn Pedro Tlaquepaque-JALISCO;2026;Mar;25
MEX;NO;Mayor a 5;74287668;CDMX;Jalisco;Zapopan;Zapopan;2026;Mar;25
MEX;NO;Mayor a 5;74289667;CDMX;Veracruz;Veracruz;Veracruz;2026;Mar;25
MEX;NO;Mayor a 5;74289690;CDMX;Veracruz;Veracruz;Veracruz;2026;Mar;30
MEX;NO;Mayor a 5;74290268;CDMX;Veracruz;Jalapa;Jalapa;2026;Mar;25
MEX;NO;Mayor a 5;74290563;CDMX;Oaxaca;Juchitán;Juchitan;2026;Mar;27
MEX;NO;Mayor a 5;74291642;CDMX;Veracruz;Coatzintla;Coatzintla;2026;Mar;29
MEX;NO;Mayor a 5;74291642;CDMX;Veracruz;Poza Rica;Poza Rica;2026;Mar;29
MEX;NO;Mayor a 5;74295962;CDMX;Puebla;Acajete;Acajete;2026;Mar;26
MEX;NO;Mayor a 5;74295980;CDMX;Hidalgo;Acatlán;Acatlan;2026;Mar;25
MEX;NO;Mayor a 5;74295984;CDMX;Chiapas;Simojovel;Simojovel;2026;Mar;26
MEX;NO;Mayor a 5;74296060;CDMX;Veracruz;Tuxpan;Tuxpan;2026;Abr;1
MEX;NO;Mayor a 5;74296220;CDMX;Chiapas;Comitán;Comitán Domínguez;2026;Mar;30
MEX;NO;Mayor a 5;74296268;CDMX;Chiapas;Tuxtla Gutiérrez;Tuxtla Gutiérrez;2026;Mar;26
MEX;NO;Mayor a 5;74296269;CDMX;Chiapas;Comitán;Comitán Domínguez;2026;Mar;26
MEX;NO;Mayor a 5;74299155;CDMX;Guanajuato;Celaya;Celaya;2026;Mar;26
MEX;NO;Mayor a 5;74299155;CDMX;Guanajuato;Salvatierra;Salvatierra;2026;Mar;26
MEX;NO;Mayor a 5;74301186;CDMX;Nayarit;Tepic;Tepic;2026;Abr;1
MEX;NO;Mayor a 5;74301189;CDMX;Yucatán;Mérida;Mérida;2026;Mar;27
MEX;NO;Mayor a 5;74301241;CDMX;Tabasco;Cárdenas;Cárdenas;2026;Mar;27
MEX;NO;Mayor a 5;74301241;CDMX;Tabasco;Centro;Centro;2026;Mar;27
MEX;NO;Mayor a 5;74301243;CDMX;Chiapas;S Crist de las Casas;S.Crist.de las Casas;2026;Mar;30
MEX;NO;Mayor a 5;74301246;CDMX;Oaxaca;Juchitán;Juchitan;2026;Mar;27
MEX;NO;Mayor a 5;74301251;CDMX;Oaxaca;Asunción;ASUNCION N., OAX.;2026;Mar;30
MEX;NO;Mayor a 5;74301251;CDMX;Oaxaca;Huajuapan de León;Huajuapan de León;2026;Mar;30
MEX;NO;Mayor a 5;74301262;CDMX;Guerrero;Acapulco;Acapulco de Juarez;2026;Abr;1
MEX;NO;Mayor a 5;74301352;CDMX;Campeche;Campeche;Campeche;2026;Mar;30
MEX;NO;Mayor a 5;74301352;CDMX;Campeche;Champotón;Champoton;2026;Mar;30
MEX;NO;Mayor a 5;74301361;CDMX;Aguascalientes;Aguascalientes;Aguascalientes;2026;Mar;29
MEX;NO;Mayor a 5;74301989;CDMX;Chiapas;Tapachula;Tapachula;2026;Mar;27
MEX;NO;Mayor a 5;74302042;CDMX;Veracruz;Veracruz;Veracruz;2026;Mar;27
MEX;NO;Mayor a 5;74302204;CDMX;Tabasco;Emiliano Zapata;Emiliano Zapata;2026;Mar;28
MEX;NO;Mayor a 5;74302204;CDMX;Tabasco;Villahermosa;Villahermosa;2026;Mar;28
MEX;NO;Mayor a 5;74307282;CDMX;Yucatán;Uman;Uman;2026;Mar;28
MEX;NO;Mayor a 5;74307398;CDMX;Chiapas;Pijijiapan;Pijijiapan;2026;Mar;31
MEX;NO;Mayor a 5;74307398;CDMX;Chiapas;Tonalá;Tonalá;2026;Mar;31
MEX;NO;Mayor a 5;74307877;CDMX;Guerrero;Tecpan de Galeana;Tecpan de Galeana;2026;Mar;27
MEX;NO;Mayor a 5;74312070;CDMX;Chiapas;Tapachula;Tapachula;2026;Mar;30
MEX;NO;Mayor a 5;74313075;CDMX;Oaxaca;Juchitán;Juchitan;2026;Mar;30
MEX;NO;Mayor a 5;74321051;CDMX;Tabasco;Centro;Centro;2026;Abr;1
MEX;NO;Mayor a 5;74321051;CDMX;Tabasco;Teapa;Teapa;2026;Abr;1
MEX;NO;Mayor a 5;74321076;CDMX;Guerrero;Benito Juarez;Benito Juarez;2026;Abr;1
MEX;NO;Mayor a 5;74321076;CDMX;Guerrero;Juan R Escudero;Juan R Escudero;2026;Abr;1
MEX;NO;Mayor a 5;74321109;CDMX;Oaxaca;Asunción;ASUNCION N., OAX.;2026;Abr;3
MEX;NO;Mayor a 5;74321145;CDMX;Chiapas;Tuxtla Gutiérrez;Tuxtla Gutiérrez;2026;Mar;31
MEX;NO;Mayor a 5;74321171;CDMX;Chiapas;Chiapa de Corzo;Chiapa de Corzo;2026;Mar;31
MEX;NO;Mayor a 5;74321171;CDMX;Chiapas;Tapilula;Bochil;2026;Mar;31
MEX;NO;Mayor a 5;74322084;CDMX;Chiapas;Tapachula;Tapachula;2026;Mar;31
MEX;NO;Mayor a 5;74322099;CDMX;Chiapas;Tapachula;Tapachula;2026;Abr;1
MEX;NO;Mayor a 5;74323017;CDMX;Veracruz;Veracruz;Veracruz;2026;Abr;1
MEX;NO;Mayor a 5;74323607;CDMX;Veracruz;Jesus Carranza;JESUS CARRANZA, VER.;2026;Mar;31
MEX;NO;Mayor a 5;74324518;CDMX;CDMX+EDOMEX;Metepec;Metepec;2026;Mar;31
MEX;NO;Mayor a 5;74327626;CDMX;Chiapas;S Crist de las Casas;S.Crist.de las Casas;2026;Abr;6
MEX;NO;Mayor a 5;74327630;CDMX;Chiapas;Ocotzingo;Ocotzingo;2026;Abr;2
MEX;NO;Mayor a 5;74329119;CDMX;Chiapas;Tapachula;Tapachula;2026;Abr;2
MEX;NO;Mayor a 5;74335450;CDMX;Veracruz;Córdoba;Cordoba;2026;Abr;2
MEX;NO;Mayor a 5;74335450;CDMX;Veracruz;Río Blanco;Rio Blanco;2026;Abr;2
MEX;NO;Mayor a 5;74335462;CDMX;Jalisco;Tlaquepaque;Sn Pedro Tlaquepaque-JALISCO;2026;Abr;7
MEX;NO;Mayor a 5;74335468;CDMX;Tabasco;Cárdenas;Cárdenas;2026;Abr;6
MEX;NO;Mayor a 5;74335468;CDMX;Tabasco;Comalcalco;Comalcalco;2026;Abr;6
MEX;NO;Mayor a 5;74342913;CDMX;Veracruz;Orizaba;HUILOAPAN DE CUAUHT;2026;Abr;3
MEX;NO;Mayor a 5;74342937;CDMX;Chiapas;Arriaga;Arriaga;2026;Abr;3
MEX;NO;Mayor a 5;74342937;CDMX;Chiapas;Tonalá;Tonalá;2026;Abr;3
MEX;NO;Mayor a 5;74342960;CDMX;Chiapas;Cacahuatan;Cacahuatán;2026;Abr;7
MEX;NO;Mayor a 5;74342960;CDMX;Chiapas;Tapachula;Tapachula;2026;Abr;7
MEX;NO;Mayor a 5;74346465;CDMX;Jalisco;Guadalajara;Guadalajara S. Hgo.;2026;Abr;4
MEX;NO;Mayor a 5;74346465;CDMX;Michoacán;Zamora;Zamora;2026;Abr;4
MEX;NO;Mayor a 5;74346549;CDMX;Veracruz;Martínez de la Torre;Martínez de la Torre;2026;Abr;7
MEX;NO;Mayor a 5;74346549;CDMX;Veracruz;Tlapacoyan;Tlapacoyan;2026;Abr;7
MEX;NO;Mayor a 5;74347968;CDMX;Sonora;Benito Juarez;Benito Juarez;2026;Abr;4
MEX;NO;Mayor a 5;74348016;CDMX;Sonora;Benito Juarez;Benito Juarez;2026;Abr;4
MEX;NO;Mayor a 5;74348026;CDMX;Sonora;Benito Juarez;Benito Juarez;2026;Abr;6
MEX;NO;Mayor a 5;74348037;CDMX;Sonora;Benito Juarez;Benito Juarez;2026;Abr;6
MEX;NO;Mayor a 5;74354095;CDMX;Chiapas;S Crist de las Casas;S.Crist.de las Casas;2026;Abr;6
MEX;NO;Mayor a 5;74365124;CDMX;Jalisco;Guadalajara;Guadalajara;2026;Abr;7
MEX;NO;Mayor a 5;74369094;CDMX;Chiapas;Comitán;Comitán Domínguez;2026;Abr;8
MEX;NO;Mayor a 5;74370099;CDMX;Hidalgo;Tulancingo;Tulancingo;2026;Abr;8
MEX;NO;Mayor a 5;74370158;CDMX;Sonora;Benito Juarez;Benito Juarez;2026;Abr;8
MEX;NO;Mayor a 5;74370741;CDMX;Hidalgo;Progreso Obregón;Progreso Obregon Hgo;2026;Abr;8
MEX;NO;Mayor a 5;74370959;CDMX;Chiapas;Margaritas;Margaritas;2026;Abr;8
MEX;NO;Mayor a 5;74372634;CDMX;Veracruz;Alamo;Álamo;2026;Abr;8
MEX;NO;Mayor a 5;74372634;CDMX;Veracruz;Tantoyuca;Tantoyuca;2026;Abr;8
MEX;NO;Mayor a 5;74372786;CDMX;Veracruz;Acayucan;Acayucan;2026;Abr;8
MEX;NO;Mayor a 5;74372786;CDMX;Veracruz;Coatzacoalcos;Coatzacoalcos;2026;Abr;8
MEX;NO;Mayor a 5;74372845;CDMX;Puebla;Acajete;Acajete;2026;Abr;8
MEX;NO;Mayor a 5;74372845;CDMX;Puebla;Puebla;Puebla;2026;Abr;8
MEX;NO;Mayor a 5;74372932;CDMX;Puebla;Teziutlán;Teziutlan;2026;Abr;8
MEX;NO;Mayor a 5;74372932;CDMX;Veracruz;Jalacingo;Jalacingo;2026;Abr;8
MEX;NO;Mayor a 5;74373034;CDMX;Chiapas;Tapachula;Tapachula;2026;Abr;8
MEX;NO;Mayor a 5;74373085;CDMX;Oaxaca;Huajuapan de León;Huajuapan de León;2026;Abr;8
MEX;NO;Mayor a 5;74374959;CDMX;Chiapas;San Fernando;San Fernando;2026;Abr;9
MEX;NO;Mayor a 5;74374959;CDMX;Chiapas;Tuxtla Gutiérrez;Tuxtla Gutiérrez;2026;Abr;9
MEX;NO;Mayor a 5;74375033;CDMX;Chiapas;Mitontic;Mitontic;2026;Abr;9
MEX;NO;Mayor a 5;74375033;CDMX;Chiapas;S Crist de las Casas;S.Crist.de las Casas;2026;Abr;9
MEX;NO;Mayor a 5;74375143;CDMX;Chiapas;Chilon;Chilon;2026;Abr;9
MEX;NO;Mayor a 5;74375143;CDMX;Chiapas;Ocotzingo;Ocotzingo;2026;Abr;9
MEX;NO;Mayor a 5;74376541;CDMX;Sonora;Benito Juarez;Benito Juarez;2026;Abr;9
MEX;NO;Mayor a 5;74376612;CDMX;Quintana Roo;Playa del Carmen;Playa del Carmen;2026;Abr;9
MEX;NO;Mayor a 5;74378153;CDMX;Veracruz;Acayucan;Acayucan;2026;Abr;9
MEX;NO;Mayor a 5;74378153;CDMX;Veracruz;Jesus Carranza;JESUS CARRANZA, VER.;2026;Abr;9
MEX;NO;Mayor a 5;74378232;CDMX;Veracruz;Córdoba;Cordoba;2026;Abr;9
MEX;NO;Mayor a 5;74378232;CDMX;Veracruz;Orizaba;HUILOAPAN DE CUAUHT;2026;Abr;9
MEX;NO;Mayor a 5;74378691;CDMX;Yucatán;Mérida;Mérida;2026;Abr;11
MEX;NO;Mayor a 5;74381298;CDMX;Tabasco;Comalcalco;Comalcalco;2026;Abr;10
MEX;NO;Mayor a 5;74382679;CDMX;Veracruz;Emiliano Zapata;EMILIANO ZAPATA, VER;2026;Abr;13
MEX;NO;Mayor a 5;74386255;CDMX;Chiapas;Comitán;Comitán Domínguez;2026;Abr;11
MEX;NO;Mayor a 5;74386255;CDMX;Chiapas;Margaritas;Margaritas;2026;Abr;11
MEX;NO;Mayor a 5;74386971;CDMX;Chiapas;S Crist de las Casas;S.Crist.de las Casas;2026;Abr;11
MEX;NO;Mayor a 5;74387396;CDMX;Yucatán;Mérida;Mérida;2026;Abr;12
MEX;NO;Mayor a 5;74387563;CDMX;Chiapas;Palenque;Palenque;2026;Abr;13
MEX;NO;Mayor a 5;74389104;CDMX;Chiapas;Cacahuatan;Cacahuatán;2026;Abr;14
MEX;NO;Mayor a 5;74389555;CDMX;Michoacán;Riva Palacio;Riva Palacio;2026;Abr;12
MEX;NO;Mayor a 5;74389567;CDMX;Michoacán;Riva Palacio;Riva Palacio;2026;Abr;12
MEX;NO;Mayor a 5;74389580;CDMX;Michoacán;Riva Palacio;Riva Palacio;2026;Abr;13
MEX;NO;Mayor a 5;74392021;CDMX;Yucatán;Mérida;Mérida;2026;Abr;12
MEX;NO;Mayor a 5;74392134;CDMX;Jalisco;Tlajomulco de Zúñiga;Tlajomulco de Zuñiga;2026;Abr;12
MEX;NO;Mayor a 5;74392235;CDMX;Jalisco;Tlajomulco de Zúñiga;Tlajomulco de Zuñiga;2026;Abr;12
MEX;NO;Mayor a 5;74392297;CDMX;Chiapas;Tapachula;Tapachula;2026;Abr;12
MEX;NO;Mayor a 5;74392512;CDMX;Chiapas;Tuxtla Gutiérrez;Tuxtla Gutiérrez;2026;Abr;13
MEX;NO;Mayor a 5;74392775;CDMX;Chiapas;Tapachula;Tapachula;2026;Abr;13
MEX;NO;Mayor a 5;74392785;CDMX;Chiapas;Tapachula;Tapachula;2026;Abr;14
MEX;NO;Mayor a 5;74393378;CDMX;Puebla;Izuca de Matamoros;Izuca de Matamoros;2026;Abr;13
MEX;NO;Mayor a 5;74393544;CDMX;Chiapas;Chiapa de Corzo;Chiapa de Corzo;2026;Abr;15
MEX;NO;Mayor a 5;74393544;CDMX;Chiapas;Tuxtla Gutiérrez;Tuxtla Gutiérrez;2026;Abr;15
MEX;NO;Mayor a 5;74394408;CDMX;Veracruz;Poza Rica;Poza Rica;2026;Abr;13
MEX;NO;Mayor a 5;74396804;CDMX;Jalisco;Tlajomulco de Zúñiga;Tlajomulco de Zuñiga;2026;Abr;13
MEX;NO;Mayor a 5;74397379;CDMX;Guerrero;Tlapa;Tlapa;2026;Abr;30
MEX;NO;Mayor a 5;74397845;CDMX;Chiapas;Tapachula;Tapachula;2026;Abr;13
MEX;NO;Mayor a 5;74397939;CDMX;Guanajuato;Celaya;Celaya;2026;Abr;13
MEX;NO;Mayor a 5;74397939;CDMX;Guanajuato;León;León;2026;Abr;13
MEX;NO;Mayor a 5;74401267;CDMX;Chiapas;Tonalá;Tonalá;2026;Abr;15
MEX;NO;Mayor a 5;74401268;CDMX;Chiapas;Tapilula;Tapilula;2026;Abr;14
MEX;NO;Mayor a 5;74401270;CDMX;Chiapas;Comitán;Comitán Domínguez;2026;Abr;14
MEX;NO;Mayor a 5;74401289;CDMX;Veracruz;Córdoba;Cordoba;2026;May;4
MEX;NO;Mayor a 5;74401289;CDMX;Veracruz;Tezonapa;Tezonapa;2026;May;4
MEX;NO;Mayor a 5;74401296;CDMX;Puebla;Puebla;Puebla;2026;Abr;13
MEX;NO;Mayor a 5;74401299;CDMX;Guerrero;Arcelia;Arcelia;2026;Abr;15
MEX;NO;Mayor a 5;74401300;CDMX;Guerrero;Acapulco;Acapulco de Juarez;2026;Abr;16
MEX;NO;Mayor a 5;74401301;CDMX;Yucatán;Mérida;Mérida;2026;Abr;14
MEX;NO;Mayor a 5;74401607;CDMX;Veracruz;Medellín de Bravo;Medellin de Bravo;2026;Abr;14
MEX;NO;Mayor a 5;74401607;CDMX;Veracruz;Veracruz;Veracruz;2026;Abr;14
MEX;NO;Mayor a 5;74401882;CDMX;Veracruz;Coatzintla;Coatzintla;2026;Abr;14
MEX;NO;Mayor a 5;74402013;CDMX;Chiapas;Huitiupan;Huitiupan;2026;Abr;15
MEX;NO;Mayor a 5;74402013;CDMX;Chiapas;Simojovel;Simojovel;2026;Abr;15
MEX;NO;Mayor a 5;74402166;CDMX;Chiapas;Tapachula;Tapachula;2026;Abr;16
MEX;NO;Mayor a 5;74402445;CDMX;Hidalgo;Atotonilco el Grande;Atotonilco el Alto;2026;Abr;28
MEX;NO;Mayor a 5;74402689;CDMX;Veracruz;Tuxpan;Tuxpan;2026;Abr;18
MEX;NO;Mayor a 5;74402958;CDMX;Puebla;S FelipeTeotlalcingo;;2026;Abr;15
MEX;NO;Mayor a 5;74404492;CDMX;Oaxaca;Sta Cruz Xoxocotlan;STA.CRUZ XOXOCOTLAN;2026;Abr;14
MEX;NO;Mayor a 5;74404501;CDMX;Oaxaca;Sta Cruz Xoxocotlan;STA.CRUZ XOXOCOTLAN;2026;Abr;14
MEX;NO;Mayor a 5;74404556;CDMX;Veracruz;Medellín de Bravo;Medellin de Bravo;2026;Abr;15
MEX;NO;Mayor a 5;74405055;CDMX;Hidalgo;Tula de Allende;Tula de Allende;2026;Abr;14
MEX;NO;Mayor a 5;74405056;CDMX;Hidalgo;Tula de Allende;Tula de Allende;2026;Abr;14
MEX;NO;Mayor a 5;74407011;CDMX;Guerrero;Tecpan de Galeana;Tecpan de Galeana;2026;Abr;16
MEX;NO;Mayor a 5;74407018;CDMX;Chiapas;Ocotzingo;Ocotzingo;2026;Abr;20
MEX;NO;Mayor a 5;74407093;CDMX;Puebla;Santiago Mihuatlán;Santiago Miahuatlan;2026;Abr;15
MEX;NO;Mayor a 5;74407093;CDMX;Puebla;Tehuacan;Tehuacan;2026;Abr;15
MEX;NO;Mayor a 5;74407111;CDMX;Puebla;Zacapoaxtla;Zacapoaxtla;2026;Abr;16
MEX;NO;Mayor a 5;74407111;CDMX;Puebla;Zaragoza;Zaragoza;2026;Abr;16
MEX;NO;Mayor a 5;74407124;CDMX;Yucatán;Mérida;Mérida;2026;Abr;15
MEX;NO;Mayor a 5;74407124;CDMX;Yucatán;Uman;Uman;2026;Abr;15
MEX;NO;Mayor a 5;74407156;CDMX;CDMX+EDOMEX;Metepec;Metepec;2026;Abr;15
MEX;NO;Mayor a 5;74407319;CDMX;Veracruz;Coatzacoalcos;Coatzacoalcos;2026;Abr;16
MEX;NO;Mayor a 5;74407967;CDMX;Veracruz;Veracruz;Veracruz;2026;Abr;17
MEX;NO;Mayor a 5;74407983;CDMX;Veracruz;Veracruz;Veracruz;2026;Abr;17
MEX;NO;Mayor a 5;74408007;CDMX;Veracruz;Veracruz;Veracruz;2026;Abr;15
MEX;NO;Mayor a 5;74408664;CDMX;Tabasco;Villahermosa;Villahermosa;2026;Abr;15
MEX;NO;Mayor a 5;74409623;CDMX;Jalisco;Tlajomulco de Zúñiga;Tlajomulco de Zuñiga;2026;May;4
MEX;NO;Mayor a 5;74409623;CDMX;Jalisco;Tlaquepaque;Sn Pedro Tlaquepaque-JALISCO;2026;May;4
MEX;NO;Mayor a 5;74410151;CDMX;Puebla;S FelipeTeotlalcingo;;2026;Abr;15
MEX;NO;Mayor a 5;74412385;CDMX;Campeche;Campeche;Campeche;2026;Abr;16
MEX;NO;Mayor a 5;74412389;CDMX;Campeche;Campeche;Campeche;2026;Abr;16
MEX;NO;Mayor a 5;74412462;CDMX;Chiapas;S Crist de las Casas;S.Crist.de las Casas;2026;Abr;20
MEX;NO;Mayor a 5;74412502;CDMX;Puebla;Zacatlán;Zacatlan;2026;Abr;18
MEX;NO;Mayor a 5;74412589;CDMX;Veracruz;Poza Rica;Poza Rica;2026;Abr;16
MEX;NO;Mayor a 5;74412596;CDMX;Chiapas;Tuxtla Gutiérrez;Tuxtla Gutiérrez;2026;Abr;17
MEX;NO;Mayor a 5;74412608;CDMX;Chiapas;Palenque;Palenque;2026;Abr;21
MEX;NO;Mayor a 5;74412608;CDMX;Tabasco;Emiliano Zapata;Emiliano Zapata;2026;Abr;21
MEX;NO;Mayor a 5;74413070;CDMX;Veracruz;Jesus Carranza;JESUS CARRANZA, VER.;2026;Abr;17
MEX;NO;Mayor a 5;74413070;CDMX;Veracruz;Sayula;Sayula;2026;Abr;17
MEX;NO;Mayor a 5;74415472;CDMX;;San Sebastian Tutla;San Sebastian Tutla;2026;Abr;17
MEX;NO;Mayor a 5;74415538;CDMX;Michoacán;Riva Palacio;Riva Palacio;2026;Abr;29
MEX;NO;Mayor a 5;74415543;CDMX;Michoacán;Riva Palacio;Riva Palacio;2026;Abr;16
MEX;NO;Mayor a 5;74417832;CDMX;Chiapas;Tuxtla Gutiérrez;Tuxtla Gutiérrez;2026;Abr;21
MEX;NO;Mayor a 5;74417846;CDMX;Jalisco;Tlajomulco de Zúñiga;Tlajomulco de Zuñiga;2026;Abr;18
MEX;NO;Mayor a 5;74417846;CDMX;Jalisco;Zapopan;Zapopan;2026;Abr;18
MEX;NO;Mayor a 5;74417851;CDMX;Hidalgo;Ciudad Sahagún;Mineral d/l Reforma;2026;Abr;17
MEX;NO;Mayor a 5;74417856;CDMX;Aguascalientes;Aguascalientes;Aguascalientes;2026;May;6
MEX;NO;Mayor a 5;74417912;CDMX;Tabasco;Comalcalco;Comalcalco;2026;Abr;17
MEX;NO;Mayor a 5;74417912;CDMX;Tabasco;Cunduacan;Cunduacan;2026;Abr;17
MEX;NO;Mayor a 5;74417958;CDMX;Chiapas;Tuxtla Gutiérrez;Tuxtla Gutiérrez;2026;Abr;23
MEX;NO;Mayor a 5;74417987;CDMX;Chiapas;Tuxtla Gutiérrez;Tuxtla Gutiérrez;2026;Abr;21
MEX;NO;Mayor a 5;74418115;CDMX;Chiapas;Huitiupan;Huitiupan;2026;Abr;27
MEX;NO;Mayor a 5;74418791;CDMX;CDMX+EDOMEX;Metepec;Metepec;2026;Abr;20
MEX;NO;Mayor a 5;74418791;CDMX;Hidalgo;Acatlán;Acatlan;2026;Abr;20
MEX;NO;Mayor a 5;74418827;CDMX;Oaxaca;Santiago Pinotepa Nacional;Stgo. Pinotepa Nal.;2026;Abr;20
MEX;NO;Mayor a 5;74419003;CDMX;Puebla;Amozoc;Amozoc;2026;Abr;23
MEX;NO;Mayor a 5;74419003;CDMX;Puebla;Puebla;Puebla;2026;Abr;23
MEX;NO;Mayor a 5;74419162;CDMX;Chiapas;Tonalá;Tonalá;2026;Abr;18
MEX;NO;Mayor a 5;74419181;CDMX;Chiapas;San Fernando;San Fernando;2026;Abr;17
MEX;NO;Mayor a 5;74419181;CDMX;Chiapas;Tuxtla Gutiérrez;Tuxtla Gutiérrez;2026;Abr;17
MEX;NO;Mayor a 5;74423459;CDMX;Oaxaca;Juchitán;Juchitan;2026;Abr;27
MEX;NO;Mayor a 5;74423459;CDMX;Oaxaca;Salina Cruz;Salina Cruz;2026;Abr;27
MEX;NO;Mayor a 5;74424119;CDMX;Veracruz;Tantoyuca;Tantoyuca;2026;Abr;18
MEX;NO;Mayor a 5;74424238;CDMX;Veracruz;Tantoyuca;Tantoyuca;2026;Abr;20
MEX;NO;Mayor a 5;74425036;CDMX;Guerrero;Chilpancilgo;Chilpancingo;2026;May;8
MEX;NO;Mayor a 5;74427051;CDMX;Chiapas;Tuxtla Gutiérrez;Tuxtla Gutiérrez;2026;Abr;21
MEX;NO;Mayor a 5;74427062;CDMX;Hidalgo;Acatlán;Acatlan;2026;Abr;20
MEX;NO;Mayor a 5;74427079;CDMX;Chiapas;Ocotzingo;Ocotzingo;2026;Abr;20
MEX;NO;Mayor a 5;74428823;CDMX;Campeche;Escarcega;Escárcega;2026;Abr;20
MEX;NO;Mayor a 5;74431503;CDMX;Oaxaca;Oaxaca;Oaxaca;2026;Abr;20
MEX;NO;Mayor a 5;74431503;CDMX;Oaxaca;Ocotlán;Ocotlan;2026;Abr;20
MEX;NO;Mayor a 5;74437533;CDMX;Veracruz;Tuxpan;Tuxpan;2026;Abr;25
MEX;NO;Mayor a 5;74440520;CDMX;Veracruz;Veracruz;Veracruz;2026;Abr;21
MEX;NO;Mayor a 5;74440891;CDMX;Veracruz;Río Blanco;Rio Blanco;2026;Abr;21
MEX;NO;Mayor a 5;74440897;CDMX;Veracruz;Río Blanco;Rio Blanco;2026;Abr;22
MEX;NO;Mayor a 5;74441306;CDMX;Chiapas;Comitán;Comitán Domínguez;2026;Abr;22
MEX;NO;Mayor a 5;74441370;CDMX;Oaxaca;Matías Romero;Matias Romero;2026;Abr;22
MEX;NO;Mayor a 5;74441385;CDMX;Oaxaca;Matías Romero;Matias Romero;2026;Abr;23
MEX;NO;Mayor a 5;74441788;CDMX;Yucatán;Mérida;Mérida;2026;Abr;22
MEX;NO;Mayor a 5;74441789;CDMX;Tabasco;Villahermosa;Villahermosa;2026;Abr;22
MEX;NO;Mayor a 5;74442249;CDMX;Chiapas;Tuxtla Gutiérrez;Tuxtla Gutiérrez;2026;Abr;24
MEX;NO;Mayor a 5;74442318;CDMX;Tabasco;Villahermosa;Villahermosa;2026;Abr;21
MEX;NO;Mayor a 5;74442346;CDMX;Hidalgo;Tulancingo;Tulancingo;2026;May;4
MEX;NO;Mayor a 5;74446432;CDMX;Hidalgo;Acatlán;Acatlan;2026;Abr;27
MEX;NO;Mayor a 5;74446544;CDMX;Hidalgo;Acatlán;Acatlan;2026;Abr;29
MEX;NO;Mayor a 5;74450805;CDMX;Veracruz;Veracruz;Veracruz;2026;Abr;28
MEX;NO;Mayor a 5;74450812;CDMX;Veracruz;Veracruz;Veracruz;2026;Abr;29
MEX;NO;Mayor a 5;74450816;CDMX;Veracruz;Veracruz;Veracruz;2026;Abr;29
MEX;NO;Mayor a 5;74450821;CDMX;Veracruz;Veracruz;Veracruz;2026;Abr;22
MEX;NO;Mayor a 5;74450845;CDMX;Tabasco;Villahermosa;Villahermosa;2026;Abr;24
MEX;NO;Mayor a 5;74452067;CDMX;Michoacán;Riva Palacio;Riva Palacio;2026;Abr;24
MEX;NO;Mayor a 5;74452111;CDMX;Veracruz;Playa Vicente;PLAYA VICENTE, VER.;2026;Abr;24
MEX;NO;Mayor a 5;74452339;CDMX;Guerrero;Chilpancilgo;Chilpancingo;2026;Abr;27
MEX;NO;Mayor a 5;74452340;CDMX;Guerrero;Chilpancilgo;Chilpancingo;2026;Abr;25
MEX;NO;Mayor a 5;74452387;CDMX;Chiapas;Margaritas;Margaritas;2026;Abr;24
MEX;NO;Mayor a 5;74452387;CDMX;Chiapas;S Crist de las Casas;S.Crist.de las Casas;2026;Abr;24
MEX;NO;Mayor a 5;74452404;CDMX;Veracruz;Emiliano Zapata;EMILIANO ZAPATA, VER;2026;Abr;28
MEX;NO;Mayor a 5;74452409;CDMX;Veracruz;Veracruz;Veracruz;2026;Abr;28
MEX;NO;Mayor a 5;74452428;CDMX;;Oaxaca de Juarez,San Sebastian Tutla;San Sebastian Tutla;2026;May;4
MEX;NO;Mayor a 5;74452428;CDMX;Oaxaca;Oaxaca;Oaxaca;2026;May;4
MEX;NO;Mayor a 5;74452434;CDMX;Puebla;Atlixco;Atlixco;2026;Abr;25
MEX;NO;Mayor a 5;74452434;CDMX;Puebla;Puebla;Puebla;2026;Abr;25
MEX;NO;Mayor a 5;74457424;CDMX;Veracruz;Veracruz;Veracruz;2026;Abr;28
MEX;NO;Mayor a 5;74457641;CDMX;Chiapas;Cacahuatan;Cacahuatán;2026;Abr;24
MEX;NO;Mayor a 5;74457664;CDMX;Hidalgo;Pachuca;Pachuca;2026;Abr;24
MEX;NO;Mayor a 5;74458153;CDMX;Puebla;Tehuacan;Tehuacan;2026;Abr;24
MEX;NO;Mayor a 5;74458185;CDMX;CDMX+EDOMEX;Metepec;Metepec;2026;Abr;24
MEX;NO;Mayor a 5;74461582;CDMX;Veracruz;Veracruz;Veracruz;2026;Abr;27
MEX;NO;Mayor a 5;74461636;CDMX;Veracruz;Veracruz;Veracruz;2026;Abr;27
MEX;NO;Mayor a 5;74461876;CDMX;Veracruz;Veracruz;Veracruz;2026;Abr;27
MEX;NO;Mayor a 5;74462695;CDMX;Chiapas;Comitán;Comitán Domínguez;2026;Abr;25
MEX;NO;Mayor a 5;74462753;CDMX;Hidalgo;Tulancingo;Tulancingo;2026;Abr;28
MEX;NO;Mayor a 5;74462756;CDMX;Puebla;S FelipeTeotlalcingo;;2026;Abr;27
MEX;NO;Mayor a 5;74462756;CDMX;Puebla;San Martin Texmelucan;S. Martín Texmelucan;2026;Abr;27
MEX;NO;Mayor a 5;74462757;CDMX;Veracruz;Río Blanco;Rio Blanco;2026;Abr;25
MEX;NO;Mayor a 5;74463630;CDMX;Chiapas;Chilon;Chilon;2026;May;8
MEX;NO;Mayor a 5;74463646;CDMX;Chiapas;Ocotzingo;Ocotzingo;2026;May;5
MEX;NO;Mayor a 5;74466565;CDMX;Puebla;Tlatlauquitepec, Pue;Tlatlauquitepec, Pue;2026;Abr;27
MEX;NO;Mayor a 5;74467282;CDMX;Veracruz;Poza Rica;Poza Rica;2026;Abr;30
MEX;NO;Mayor a 5;74467570;CDMX;Veracruz;Veracruz;Veracruz;2026;Abr;28
MEX;NO;Mayor a 5;74471753;CDMX;Veracruz;Jesus Carranza;JESUS CARRANZA, VER.;2026;Abr;28
MEX;NO;Mayor a 5;74471762;CDMX;Puebla;Santiago Mihuatlán;Santiago Miahuatlan;2026;May;6
MEX;NO;Mayor a 5;74471771;CDMX;Quintana Roo;Chetumal;Chetumal;2026;Abr;28
MEX;NO;Mayor a 5;74471771;CDMX;Sonora;Benito Juarez;Benito Juarez;2026;Abr;28
MEX;NO;Mayor a 5;74471774;CDMX;Tlaxcala;Zacatelco;Zacatelco;2026;Abr;28
MEX;NO;Mayor a 5;74471837;CDMX;Veracruz;Poza Rica;Poza Rica;2026;May;2
MEX;NO;Mayor a 5;74474987;CDMX;Yucatán;Mérida;Mérida;2026;Abr;28
MEX;NO;Mayor a 5;74474987;CDMX;Yucatán;Uman;Uman;2026;Abr;28
MEX;NO;Mayor a 5;74476557;CDMX;Veracruz;Cuitlahuac;CUITLAHUAC, VER.;2026;Abr;30
MEX;NO;Mayor a 5;74476557;CDMX;Veracruz;Orizaba;HUILOAPAN DE CUAUHT;2026;Abr;30
MEX;NO;Mayor a 5;74477221;CDMX;Chiapas;Comitán;Comitán Domínguez;2026;May;2
MEX;NO;Mayor a 5;74479661;CDMX;Chiapas;Chicomuselo;Chicomuselo;2026;May;7
MEX;NO;Mayor a 5;74481220;CDMX;Chiapas;Tuxtla Gutiérrez;Tuxtla Gutiérrez;2026;Abr;30
MEX;NO;Mayor a 5;74481242;CDMX;Chiapas;Tuxtla Gutiérrez;Tuxtla Gutiérrez;2026;Abr;30
MEX;NO;Mayor a 5;74481706;CDMX;Chiapas;Cacahuatan;Cacahuatán;2026;May;2
MEX;NO;Mayor a 5;74481706;CDMX;Chiapas;Tapachula;Tapachula;2026;May;2
MEX;NO;Mayor a 5;74481716;CDMX;Veracruz;Orizaba;Orizaba;2026;Abr;30
MEX;NO;Mayor a 5;74481716;CDMX;Veracruz;Río Blanco;Rio Blanco;2026;Abr;30
MEX;NO;Mayor a 5;74481757;CDMX;Hidalgo;Acatlán;Acatlan;2026;May;4
MEX;NO;Mayor a 5;74481757;CDMX;Hidalgo;Tulancingo;Tulancingo;2026;May;4
MEX;NO;Mayor a 5;74486039;CDMX;Chiapas;ACALA;ACALA;2026;May;2
MEX;NO;Mayor a 5;74486049;CDMX;Chiapas;Pijijiapan;Pijijiapan;2026;May;4
MEX;NO;Mayor a 5;74486065;CDMX;Nayarit;Tepic;Tepic;2026;May;2
MEX;NO;Mayor a 5;74486765;CDMX;Aguascalientes;Aguascalientes;Aguascalientes;2026;Abr;30
MEX;NO;Mayor a 5;74486771;CDMX;Aguascalientes;Aguascalientes;Aguascalientes;2026;May;2
MEX;NO;Mayor a 5;74486777;CDMX;Guerrero;Ciudad Altamirano;Cd. Altamirano;2026;Abr;30
MEX;NO;Mayor a 5;74487926;CDMX;Chiapas;ACALA;ACALA;2026;Abr;30
MEX;NO;Mayor a 5;74488465;CDMX;Veracruz;Alamo;Álamo;2026;May;4
MEX;NO;Mayor a 5;74488465;CDMX;Veracruz;Tuxpan;Tuxpan;2026;May;4
MEX;NO;Mayor a 5;74490782;CDMX;Yucatán;Mérida;Mérida;2026;May;4
MEX;NO;Mayor a 5;74490799;CDMX;Tabasco;Huimanguillo;Huimanguillo;2026;May;2
MEX;NO;Mayor a 5;74498510;CDMX;Chiapas;Comitán;Comitán Domínguez;2026;May;5
MEX;NO;Mayor a 5;74498549;CDMX;Chiapas;Tuxtla Gutiérrez;Tuxtla Gutiérrez;2026;May;4
MEX;NO;Mayor a 5;74498568;CDMX;Oaxaca;Juchitán;Juchitan;2026;May;4
MEX;NO;Mayor a 5;74498568;CDMX;Oaxaca;Matías Romero;Matias Romero;2026;May;4
MEX;NO;Mayor a 5;74498605;CDMX;Puebla;Tlatlauquitepec, Pue;Tlatlauquitepec, Pue;2026;May;7
MEX;NO;Mayor a 5;74498605;CDMX;Veracruz;Jalacingo;Jalacingo;2026;May;7
MEX;NO;Mayor a 5;74498616;CDMX;Puebla;Zacapoaxtla;Zacapoaxtla;2026;May;5
MEX;NO;Mayor a 5;74498664;CDMX;Tabasco;Villahermosa;Villahermosa;2026;May;6
MEX;NO;Mayor a 5;74498787;CDMX;Tabasco;Teapa;Teapa;2026;May;5
MEX;NO;Mayor a 5;74498787;CDMX;Tabasco;Villahermosa;Villahermosa;2026;May;5
MEX;NO;Mayor a 5;74498799;CDMX;Chiapas;Villacorzo;;2026;May;5
MEX;NO;Mayor a 5;74498799;CDMX;Chiapas;Villaflores;Villaflores;2026;May;5
MEX;NO;Mayor a 5;74498812;CDMX;Chiapas;Ocotzingo;Ocotzingo;2026;May;8
MEX;NO;Mayor a 5;74498816;CDMX;Tlaxcala;Zacatelco;Zacatelco;2026;May;18
MEX;NO;Mayor a 5;74507852;CDMX;Chiapas;ACALA;ACALA;2026;May;5
MEX;NO;Mayor a 5;74509506;CDMX;Puebla;Acajete;Acajete;2026;May;5
MEX;NO;Mayor a 5;74509765;CDMX;Jalisco;Ocotlán;Ocotlán;2026;May;5
MEX;NO;Mayor a 5;74515343;CDMX;Chiapas;Angel Albino Corzo;Angel Albino Corzo;2026;May;8
MEX;NO;Mayor a 5;74515359;CDMX;Chiapas;Comitán;Comitán Domínguez;2026;May;5
MEX;NO;Mayor a 5;74515359;CDMX;Chiapas;S Crist de las Casas;S.Crist.de las Casas;2026;May;5
MEX;NO;Mayor a 5;74515422;CDMX;Chiapas;Tapilula;RAYON, CHIA;2026;May;7
MEX;NO;Mayor a 5;74515422;CDMX;Chiapas;Tapilula;Tapilula;2026;May;7
MEX;NO;Mayor a 5;74515468;CDMX;Chiapas;Tila;TILA, CHS;2026;May;9
MEX;NO;Mayor a 5;74515500;CDMX;Puebla;Amozoc;Amozoc;2026;May;8
MEX;NO;Mayor a 5;74515500;CDMX;Puebla;Chachapa;Chachapa;2026;May;8
MEX;NO;Mayor a 5;74521235;CDMX;Hidalgo;Tulancingo;Tulancingo;2026;May;11
MEX;NO;Mayor a 5;74524190;CDMX;Oaxaca;Ocotlán;Ocotlan;2026;May;7
MEX;NO;Mayor a 5;74527109;CDMX;Yucatán;Mérida;Mérida;2026;May;8
MEX;NO;Mayor a 5;74527761;CDMX;Chiapas;Tuxtla Gutiérrez;Tuxtla Gutiérrez;2026;May;8
MEX;NO;Mayor a 5;74527763;CDMX;Chiapas;Palenque;Palenque;2026;May;9
MEX;NO;Mayor a 5;74527763;CDMX;Tabasco;Emiliano Zapata;Emiliano Zapata;2026;May;9
MEX;NO;Mayor a 5;74528425;CDMX;Jalisco;Guadalajara;Guadalajara;2026;May;8
MEX;NO;Mayor a 5;74531800;CDMX;Chiapas;Ocotzingo;Ocotzingo;2026;May;11
MEX;NO;Mayor a 5;74531800;CDMX;Chiapas;Tila;TILA, CHS;2026;May;11
MEX;NO;Mayor a 5;74533630;CDMX;Puebla;Puebla;Puebla;2026;May;9
MEX;NO;Mayor a 5;74534155;CDMX;Chiapas;Tuxtla Gutiérrez;Tuxtla Gutiérrez;2026;May;11
MEX;NO;Mayor a 5;74534482;CDMX;Veracruz;Veracruz;Veracruz;2026;May;9
MEX;NO;Mayor a 5;74536173;CDMX;Guerrero;Ciudad Altamirano;Cd. Altamirano;2026;May;11
MEX;NO;Mayor a 5;74537179;CDMX; ;Alamo Temapache*NU,Tuxpan;Temapache;2026;May;9
MEX;NO;Mayor a 5;74537179;CDMX;Veracruz;Tuxpan;Tuxpan;2026;May;9
MEX;NO;Mayor a 5;74537583;CDMX;Chiapas;S Crist de las Casas;S.Crist.de las Casas;2026;May;11
MEX;NO;Mayor a 5;74537623;CDMX;Chiapas;Tonalá;Tonalá;2026;May;14
MEX;NO;Mayor a 5;74539984;CDMX;Puebla;Puebla;Puebla;2026;May;11
MEX;NO;Mayor a 5;74548043;CDMX;Hidalgo;Tulancingo;Tulancingo;2026;May;16
MEX;NO;Mayor a 5;74548243;CDMX;Chiapas;Tapachula;Tapachula;2026;May;12
MEX;NO;Mayor a 5;74548538;CDMX;Oaxaca;Sta Cruz Xoxocotlan;STA.CRUZ XOXOCOTLAN;2026;May;14
MEX;NO;Mayor a 5;74548880;CDMX;Chiapas;Tapachula;Tapachula;2026;May;14
MEX;NO;Mayor a 5;74550105;CDMX;Chiapas;Tapachula;Tapachula;2026;May;12
MEX;NO;Mayor a 5;74550167;CDMX;Chiapas;Tuxtla Gutiérrez;Tuxtla Gutiérrez;2026;May;15
MEX;NO;Mayor a 5;74550546;CDMX;Yucatán;Uman;Uman;2026;May;12
MEX;NO;Mayor a 5;74550600;CDMX;Chiapas;Tapachula;Tapachula;2026;May;12
MEX;NO;Mayor a 5;74550643;CDMX;Chiapas;Tapachula;Tapachula;2026;May;14
MEX;NO;Mayor a 5;74551111;CDMX;Jalisco;Guadalajara;Guadalajara;2026;May;12
MEX;NO;Mayor a 5;74551111;CDMX;Jalisco;Tlaquepaque;Sn Pedro Tlaquepaque-JALISCO;2026;May;12
MEX;NO;Mayor a 5;74551111;CDMX;Jalisco;Zapopan;Zapopan;2026;May;12
MEX;NO;Mayor a 5;74551240;CDMX;Puebla;Zacapoaxtla;Zacapoaxtla;2026;May;12
MEX;NO;Mayor a 5;74551722;CDMX;Veracruz;Tantoyuca;Tantoyuca;2026;May;12
MEX;NO;Mayor a 5;74551724;CDMX;Veracruz;Tantoyuca;Tantoyuca;2026;May;12
MEX;NO;Mayor a 5;74551726;CDMX;Veracruz;Tantoyuca;Tantoyuca;2026;May;14
MEX;NO;Mayor a 5;74551727;CDMX;Veracruz;Tantoyuca;Tantoyuca;2026;May;13
MEX;NO;Mayor a 5;74552420;CDMX;Hidalgo;Atotonilco el Grande;Atotonilco el Alto;2026;May;15
MEX;NO;Mayor a 5;74554042;CDMX;Chiapas;Tuxtla Gutiérrez;Tuxtla Gutiérrez;2026;May;13
MEX;NO;Mayor a 5;74554067;CDMX;Chiapas;Comitán;Comitán Domínguez;2026;May;14
MEX;NO;Mayor a 5;74554083;CDMX;Oaxaca;Salina Cruz;Salina Cruz;2026;May;15
MEX;NO;Mayor a 5;74554095;CDMX;;Tapachula,Tuxtla Chico;Tuxtla Chico;2026;May;15
MEX;NO;Mayor a 5;74554095;CDMX;Chiapas;Tapachula;Tapachula;2026;May;15
MEX;NO;Mayor a 5;74554131;CDMX;Puebla;Santiago Mihuatlán;Santiago Miahuatlan;2026;May;13
MEX;NO;Mayor a 5;74554131;CDMX;Puebla;Tehuacan;Tehuacan;2026;May;13
MEX;NO;Mayor a 5;74554169;CDMX;Hidalgo;Tulancingo;Tulancingo;2026;May;13
MEX;NO;Mayor a 5;74554514;CDMX;Puebla;Atlixco;Atlixco;2026;May;13
MEX;NO;Mayor a 5;74555189;CDMX;Chiapas;Simojovel;Simojovel;2026;May;14
MEX;NO;Mayor a 5;74557911;CDMX;Tabasco;Villahermosa;Villahermosa;2026;May;13
MEX;NO;Mayor a 5;74560108;CDMX;Hidalgo;Acatlán;Acatlan;2026;May;18
MEX;NO;Mayor a 5;74562438;CDMX;Yucatán;Uman;Uman;2026;May;14
MEX;NO;Mayor a 5;74562492;CDMX;Michoacán;Riva Palacio;Riva Palacio;2026;May;14
MEX;NO;Mayor a 5;74562506;CDMX;Veracruz;Acayucan;Acayucan;2026;May;15
MEX;NO;Mayor a 5;74562509;CDMX;Veracruz;Acayucan;Acayucan;2026;May;15
MEX;NO;Mayor a 5;74562754;CDMX;Michoacán;Riva Palacio;Riva Palacio;2026;May;14
MEX;NO;Mayor a 5;74572362;CDMX;Chiapas;Berriozabal;Berriozabal;2026;May;16
MEX;NO;Mayor a 5;74572362;CDMX;Chiapas;Tapachula;Tapachula;2026;May;16
MEX;NO;Mayor a 5;74572616;CDMX;Yucatán;Uman;Uman;2026;May;16
MEX;NO;Mayor a 5;74574822;CDMX;Puebla;Tepeaca;Tepeaca;2026;May;16
MEX;NO;Mayor a 5;74575228;CDMX;Veracruz;Poza Rica;Poza Rica;2026;May;16
MEX;NO;Mayor a 5;74579837;CDMX;Tabasco;Centro;Centro;2026;May;18
MEX;NO;Mayor a 5;74579837;CDMX;Tabasco;Villahermosa;Villahermosa;2026;May;18
MEX;NO;Mayor a 5;74579923;CDMX;Puebla;Puebla;Puebla;2026;May;17
MEX;NO;Mayor a 5;74579923;CDMX;Puebla;Tepeaca;Tepeaca;2026;May;17
MEX;NO;Mayor a 5;74580027;CDMX;Oaxaca;Oaxaca;Oaxaca;2026;May;18
MEX;NO;Mayor a 5;74580027;CDMX;Oaxaca;Ocotlán;Ocotlan;2026;May;18
MEX;NO;Mayor a 5;74580242;CDMX;Puebla;Zacapoaxtla;Zacapoaxtla;2026;May;21
MEX;NO;Mayor a 5;74585688;CDMX;Tabasco;Cunduacan;Cunduacan;2026;May;18
MEX;NO;Mayor a 5;74585688;CDMX;Tabasco;Teapa;Teapa;2026;May;18
MEX;NO;Mayor a 5;74586242;CDMX;Veracruz;Coactepec;Coactepec;2026;May;21
MEX;NO;Mayor a 5;74586242;CDMX;Veracruz;Emiliano Zapata;EMILIANO ZAPATA, VER;2026;May;21
MEX;NO;Mayor a 5;74586427;CDMX;Veracruz;Tantoyuca;Tantoyuca;2026;May;21
MEX;NO;Mayor a 5;74586427;CDMX;Veracruz;Tuxpan;Tuxpan;2026;May;21
MEX;NO;Mayor a 5;74588167;CDMX;Hidalgo;Tulancingo;Tulancingo;2026;May;20
MEX;NO;Mayor a 5;74588183;CDMX;Hidalgo;Acatlán;Acatlan;2026;May;20
MEX;NO;Mayor a 5;74590399;CDMX;Hidalgo;Tulancingo;Tulancingo;2026;May;19
MEX;NO;Mayor a 5;74590582;CDMX;Guanajuato;Celaya;Celaya;2026;May;19
MEX;NO;Mayor a 5;74590660;CDMX;Hidalgo;Acatlán;Acatlan;2026;May;20
MEX;NO;Mayor a 5;74590660;CDMX;Hidalgo;Tulancingo;Tulancingo;2026;May;20
MEX;NO;Mayor a 5;74591576;CDMX;Oaxaca;Juchitán;Juchitan;2026;May;21
MEX;NO;Mayor a 5;74591781;CDMX;Yucatán;Mérida;Mérida;2026;May;19
MEX;NO;Mayor a 5;74591781;CDMX;Yucatán;Uman;Uman;2026;May;19
MEX;NO;Mayor a 5;74594107;CDMX;Tabasco;Villahermosa;Villahermosa;2026;May;20
MEX;NO;Mayor a 5;74594124;CDMX;Tlaxcala;Tetla;Tetla;2026;May;21
MEX;NO;Mayor a 5;74594150;CDMX;Oaxaca;Cd Ixtepec, Oax;IXTEPEC, OAX.;2026;May;21
MEX;NO;Mayor a 5;74595073;CDMX;Veracruz;Martínez de la Torre;Martínez de la Torre;2026;May;21
MEX;NO;Mayor a 5;74595154;CDMX;Veracruz;Acayucan;Acayucan;2026;Jun;1
MEX;NO;Mayor a 5;74595973;CDMX;Hidalgo;Ciudad Sahagún;Mineral d/l Reforma;2026;May;20
MEX;NO;Mayor a 5;74596755;CDMX;Tabasco;Villahermosa;Villahermosa;2026;May;20
MEX;NO;Mayor a 5;74596966;CDMX;Tabasco;Villahermosa;Villahermosa;2026;May;20
MEX;NO;Mayor a 5;74596975;CDMX;Tabasco;Villahermosa;Villahermosa;2026;May;20
MEX;NO;Mayor a 5;74600755;CDMX;Guerrero;Acapulco;Acapulco de Juarez;2026;May;22
MEX;NO;Mayor a 5;74600862;CDMX;Jalisco;Tlajomulco de Zúñiga;Tlajomulco de Zuñiga;2026;May;23
MEX;NO;Mayor a 5;74600878;CDMX;Veracruz;Jalacingo;Jalacingo;2026;May;21
MEX;NO;Mayor a 5;74600878;CDMX;Veracruz;Tlapacoyan;Tlapacoyan;2026;May;21
MEX;NO;Mayor a 5;74600889;CDMX;Chiapas;Angel Albino Corzo;Angel Albino Corzo;2026;May;20
MEX;NO;Mayor a 5;74602930;CDMX;Oaxaca;Matías Romero;Matias Romero;2026;May;25
MEX;NO;Mayor a 5;74603046;CDMX;Michoacán;Riva Palacio;Riva Palacio;2026;May;20
MEX;NO;Mayor a 5;74603149;CDMX;Chiapas;San Fernando;San Fernando;2026;May;20
MEX;NO;Mayor a 5;74605728;CDMX;Chiapas;Tuxtla Gutiérrez;Tuxtla Gutiérrez;2026;May;29
MEX;NO;Mayor a 5;74605757;CDMX;Chiapas;Tuxtla Gutiérrez;Tuxtla Gutiérrez;2026;May;26
MEX;NO;Mayor a 5;74606900;CDMX;Chiapas;Tuxtla Gutiérrez;Tuxtla Gutiérrez;2026;May;22
MEX;NO;Mayor a 5;74606963;CDMX;Veracruz;Veracruz;Veracruz;2026;May;26
MEX;NO;Mayor a 5;74608254;CDMX;Chiapas;Ocotzingo;Ocotzingo;2026;May;23
MEX;NO;Mayor a 5;74608294;CDMX;Chiapas;Ocotzingo;Ocotzingo;2026;May;23
MEX;NO;Mayor a 5;74608299;CDMX;Chiapas;Ocotzingo;Ocotzingo;2026;May;25
MEX;NO;Mayor a 5;74608397;CDMX;Chiapas;Margaritas;Margaritas;2026;May;28
MEX;NO;Mayor a 5;74608605;CDMX;Veracruz;Emiliano Zapata;EMILIANO ZAPATA, VER;2026;May;22
MEX;NO;Mayor a 5;74608771;CDMX;Campeche;Campeche;Campeche;2026;May;30
MEX;NO;Mayor a 5;74608815;CDMX;Puebla;Teziutlán;Teziutlan;2026;May;22
MEX;NO;Mayor a 5;74608941;CDMX;Chiapas;Ocotzingo;Ocotzingo;2026;May;28
MEX;NO;Mayor a 5;74610834;CDMX;Chiapas;Tapachula;Tapachula;2026;May;24
MEX;NO;Mayor a 5;74612709;CDMX;Chiapas;Comitán;Comitán Domínguez;2026;May;23
MEX;NO;Mayor a 5;74613134;CDMX;Chiapas;S Crist de las Casas;S.Crist.de las Casas;2026;May;26
MEX;NO;Mayor a 5;74618278;CDMX;Chiapas;Tuxtla Gutiérrez;Tuxtla Gutiérrez;2026;May;25
MEX;NO;Mayor a 5;74626133;CDMX;Guanajuato;Celaya;Celaya;2026;May;25
MEX;NO;Mayor a 5;74626147;CDMX;Tabasco;Teapa;Teapa;2026;May;26
MEX;NO;Mayor a 5;74626159;CDMX;Chiapas;Palenque;Palenque;2026;May;27
MEX;NO;Mayor a 5;74626198;CDMX;Chiapas;Mitontic;Mitontic;2026;May;27
MEX;NO;Mayor a 5;74626202;CDMX;Chiapas;Chiapa de Corzo;Chiapa de Corzo;2026;May;26
MEX;NO;Mayor a 5;74626202;CDMX;Chiapas;Tuxtla Gutiérrez;Tuxtla Gutiérrez;2026;May;26
MEX;NO;Mayor a 5;74626227;CDMX;Tabasco;Cunduacan;Cunduacan;2026;May;28
MEX;NO;Mayor a 5;74626227;CDMX;Tabasco;Villahermosa;Villahermosa;2026;May;28
MEX;NO;Mayor a 5;74629406;CDMX;Chiapas;Tapilula;Bochil;2026;May;27
MEX;NO;Mayor a 5;74629944;CDMX;Guerrero;Acapulco;Acapulco de Juarez;2026;May;26
MEX;NO;Mayor a 5;74630213;CDMX;Chiapas;Comitán;Comitán Domínguez;2026;May;26
MEX;NO;Mayor a 5;74631392;CDMX;Chiapas;Tuxtla Gutiérrez;Tuxtla Gutiérrez;2026;May;26
MEX;NO;Mayor a 5;74631408;CDMX;Chiapas;Tuxtla Gutiérrez;Tuxtla Gutiérrez;2026;May;27
MEX;NO;Mayor a 5;74631412;CDMX;Chiapas;Tapachula;Tapachula;2026;May;26
MEX;NO;Mayor a 5;74631420;CDMX;Chiapas;Tonalá;Tonalá;2026;May;26
MEX;NO;Mayor a 5;74631458;CDMX;Tabasco;Villahermosa;Villahermosa;2026;May;26
MEX;NO;Mayor a 5;74631525;CDMX;Hidalgo;Tulancingo;Tulancingo;2026;May;27
MEX;NO;Mayor a 5;74634104;CDMX;Tlaxcala;Tetla;Tetla;2026;Jun;5
MEX;NO;Mayor a 5;74634104;CDMX;Tlaxcala;Zacatelco;Zacatelco;2026;Jun;5
MEX;NO;Mayor a 5;74634347;CDMX;Chiapas;Tuxtla Gutiérrez;Tuxtla Gutiérrez;2026;May;27
MEX;NO;Mayor a 5;74634795;CDMX;Chiapas;Oxchuc Chs;OXCHUC, CHIS.;2026;Jun;3
MEX;NO;Mayor a 5;74634795;CDMX;Chiapas;S Crist de las Casas;S.Crist.de las Casas;2026;Jun;3
MEX;NO;Mayor a 5;74635408;CDMX;Chiapas;Tuxtla Gutiérrez;Tuxtla Gutiérrez;2026;May;27
MEX;NO;Mayor a 5;74636010;CDMX;Veracruz;Acayucan;Acayucan;2026;May;27
MEX;NO;Mayor a 5;74636015;CDMX;Veracruz;Jalapa;Jalapa;2026;May;27
MEX;NO;Mayor a 5;74636015;CDMX;Veracruz;Veracruz;Veracruz;2026;May;27
MEX;NO;Mayor a 5;74636342;CDMX;Chiapas;Tapachula;Tapachula;2026;May;27
MEX;NO;Mayor a 5;74638075;CDMX;Chiapas;Tonalá;Tonalá;2026;May;31
MEX;NO;Mayor a 5;74638691;CDMX;Chiapas;Chilon;Chilon;2026;May;29
MEX;NO;Mayor a 5;74638691;CDMX;Chiapas;Ocotzingo;Ocotzingo;2026;May;29
MEX;NO;Mayor a 5;74639257;CDMX;Veracruz;Poza Rica;Poza Rica;2026;May;28
MEX;NO;Mayor a 5;74639257;CDMX;Veracruz;Tuxpan;Tuxpan;2026;May;28
MEX;NO;Mayor a 5;74641634;CDMX;Puebla;S FelipeTeotlalcingo;;2026;Jun;4
MEX;NO;Mayor a 5;74642040;CDMX;Tabasco;Cárdenas;Cárdenas;2026;May;28
MEX;NO;Mayor a 5;74643514;CDMX;Hidalgo;Ciudad Sahagún;Mineral d/l Reforma;2026;May;28
MEX;NO;Mayor a 5;74644018;CDMX;Veracruz;Córdoba;Cordoba;2026;May;28
MEX;NO;Mayor a 5;74644018;CDMX;Veracruz;Tepatlaxco Ver;TEPATLAXCO VER.;2026;May;28
MEX;NO;Mayor a 5;74645315;CDMX;Puebla;Chachapa;Chachapa;2026;Jun;1
MEX;NO;Mayor a 5;74645327;CDMX;Hidalgo;Tulancingo;Tulancingo;2026;Jun;2
MEX;NO;Mayor a 5;74646345;CDMX;Chiapas;Tapachula;Tapachula;2026;May;28
MEX;NO;Mayor a 5;74646346;CDMX;Chiapas;Tapachula;Tapachula;2026;May;29
MEX;NO;Mayor a 5;74647654;CDMX;Chiapas;Tuxtla Gutiérrez;Tuxtla Gutiérrez;2026;May;29
MEX;NO;Mayor a 5;74647667;CDMX;Guerrero;Arcelia;Arcelia;2026;May;29
MEX;NO;Mayor a 5;74647667;CDMX;Michoacán;Riva Palacio;Riva Palacio;2026;May;29
MEX;NO;Mayor a 5;74647819;CDMX;Chiapas;Ocotzingo;Ocotzingo;2026;May;30
MEX;NO;Mayor a 5;74647819;CDMX;Chiapas;S Crist de las Casas;S.Crist.de las Casas;2026;May;30
MEX;NO;Mayor a 5;74649439;CDMX;Hidalgo;Acatlán;Acatlan;2026;Jun;3
MEX;NO;Mayor a 5;74650576;CDMX;Guerrero;Chilpancilgo;Chilpancingo;2026;May;30
MEX;NO;Mayor a 5;74650971;CDMX;Chiapas;San Fernando;San Fernando;2026;May;30
MEX;NO;Mayor a 5;74650971;CDMX;Chiapas;Tuxtla Gutiérrez;Tuxtla Gutiérrez;2026;May;30
MEX;NO;Mayor a 5;74651371;CDMX;Puebla;Puebla;Puebla;2026;May;30
MEX;NO;Mayor a 5;74651371;CDMX;Puebla;San Andrés Cholula;San Andrés Cholula;2026;May;30
MEX;NO;Mayor a 5;74652604;CDMX;Veracruz;Veracruz;Veracruz;2026;May;30
MEX;NO;Mayor a 5;74652612;CDMX;Veracruz;Veracruz;Veracruz;2026;May;30
MEX;NO;Mayor a 5;74654367;CDMX;Chiapas;Comitán;Comitán Domínguez;2026;May;31
MEX;NO;Mayor a 5;74654612;CDMX;Chiapas;Tuxtla Gutiérrez;Tuxtla Gutiérrez;2026;May;31
MEX;NO;Mayor a 5;74655171;CDMX;Tabasco;Villahermosa;Villahermosa;2026;May;31
MEX;NO;Mayor a 5;74655329;CDMX;Aguascalientes;Aguascalientes;Aguascalientes;2026;May;30
MEX;NO;Mayor a 5;74655334;CDMX;Aguascalientes;Aguascalientes;Aguascalientes;2026;May;30
MEX;NO;Mayor a 5;74655396;CDMX;Michoacán;Riva Palacio;Riva Palacio;2026;Jun;5
MEX;NO;Mayor a 5;74659725;CDMX;Chiapas;Tonalá;Tonalá;2026;Jun;2
MEX;NO;Mayor a 5;74665025;CDMX;Chiapas;Comitán;Comitán Domínguez;2026;Jun;1
MEX;NO;Mayor a 5;74665025;CDMX;Chiapas;S Crist de las Casas;S.Crist.de las Casas;2026;Jun;1
MEX;NO;Mayor a 5;74666209;CDMX;Oaxaca;Juchitán;Juchitan;2026;Jun;3
MEX;NO;Mayor a 5;74667255;CDMX;Guanajuato;Celaya;Celaya;2026;Jun;3
MEX;NO;Mayor a 5;74667255;CDMX;Guanajuato;Irapuato;Irapuato;2026;Jun;3
MEX;NO;Mayor a 5;74667258;CDMX;Guanajuato;Irapuato;Irapuato;2026;Jun;2
MEX;NO;Mayor a 5;74667848;CDMX;Chiapas;Tapachula;Tapachula;2026;Jun;2
MEX;NO;Mayor a 5;74670438;CDMX;Jalisco;Guadalajara;Guadalajara S. Hgo.;2026;Jun;3
MEX;NO;Mayor a 5;74670438;CDMX;Jalisco;Ocotlán;Ocotlán;2026;Jun;3
MEX;NO;Mayor a 5;74670774;CDMX;Campeche;Campeche;Campeche;2026;Jun;3
MEX;NO;Mayor a 5;74671379;CDMX;Veracruz;Río Blanco;Rio Blanco;2026;Jun;3
MEX;NO;Mayor a 5;74672392;CDMX;CDMX+EDOMEX;Metepec;Metepec;2026;Jun;2
MEX;NO;Mayor a 5;74672405;CDMX;Chiapas;Comitán;Comitán Domínguez;2026;Jun;5
MEX;NO;Mayor a 5;74673568;CDMX;Guerrero;Tlapa;Tlapa;2026;Jun;3
MEX;NO;Mayor a 5;74674041;CDMX;Nayarit;Tepic;Tepic;2026;Jun;8
MEX;NO;Mayor a 5;74674362;CDMX;Michoacán;Riva Palacio;Riva Palacio;2026;Jun;3
MEX;NO;Mayor a 5;74676149;CDMX;Chiapas;Tuxtla Gutiérrez;Tuxtla Gutiérrez;2026;Jun;5
MEX;NO;Mayor a 5;74676265;CDMX;Chiapas;Tuxtla Gutiérrez;Tuxtla Gutiérrez;2026;Jun;4
MEX;NO;Mayor a 5;74676393;CDMX;Jalisco;Guadalajara;Guadalajara;2026;Jun;5
MEX;NO;Mayor a 5;74676393;CDMX;Jalisco;Tlajomulco de Zúñiga;Tlajomulco de Zuñiga;2026;Jun;5
MEX;NO;Mayor a 5;74676545;CDMX;Chiapas;Tapilula;RAYON, CHIA;2026;Jun;3
MEX;NO;Mayor a 5;74677094;CDMX;Veracruz;Emiliano Zapata;EMILIANO ZAPATA, VER;2026;Jun;8
MEX;NO;Mayor a 5;74677094;CDMX;Veracruz;Medellín de Bravo;Medellin de Bravo;2026;Jun;8
MEX;NO;Mayor a 5;74677558;CDMX;Oaxaca;Juchitán;Juchitan;2026;Jun;17
MEX;NO;Mayor a 5;74677698;CDMX;Campeche;Champotón;Champoton;2026;Jun;5
MEX;NO;Mayor a 5;74677712;CDMX;Veracruz;Veracruz;Veracruz;2026;Jun;4
MEX;NO;Mayor a 5;74679679;CDMX;Yucatán;Mérida;Mérida;2026;Jun;4
MEX;NO;Mayor a 5;74679898;CDMX;Veracruz;San Andrés Tuxtla;San Andrés Tuxtla;2026;Jun;10
MEX;NO;Mayor a 5;74679899;CDMX;Veracruz;San Andrés Tuxtla;San Andrés Tuxtla;2026;Jun;5
MEX;NO;Mayor a 5;74680028;CDMX;Hidalgo;Ciudad Sahagún;Mineral d/l Reforma;2026;Jun;4
MEX;NO;Mayor a 5;74680028;CDMX;Hidalgo;Pachuca;Pachuca;2026;Jun;4
MEX;NO;Mayor a 5;74680480;CDMX;Veracruz;Minatitlán;MINATITLAN;2026;Jun;12
MEX;NO;Mayor a 5;74681721;CDMX;Oaxaca;Puerto Escondido;Puerto Escondido;2026;Jun;10
MEX;NO;Mayor a 5;74681721;CDMX;Oaxaca;Santiago Pinotepa Nacional;Stgo. Pinotepa Nal.;2026;Jun;10
MEX;NO;Mayor a 5;74681733;CDMX;Veracruz;Coatzacoalcos;Coatzacoalcos;2026;Jun;11
MEX;NO;Mayor a 5;74682276;CDMX;Veracruz;Acayucan;Acayucan;2026;Jun;9
MEX;NO;Mayor a 5;74683726;CDMX;Puebla;Teziutlán;Teziutlan;2026;Jun;5
MEX;NO;Mayor a 5;74686743;CDMX;Yucatán;Uman;Uman;2026;Jun;6
MEX;NO;Mayor a 5;74687487;CDMX;Veracruz;Veracruz;Veracruz;2026;Jun;6
MEX;NO;Mayor a 5;74687506;CDMX;Veracruz;Veracruz;Veracruz;2026;Jun;6
MEX;NO;Mayor a 5;74687531;CDMX;Veracruz;Veracruz;Veracruz;2026;Jun;8
MEX;NO;Mayor a 5;74687556;CDMX;Veracruz;Veracruz;Veracruz;2026;Jun;6
MEX;NO;Mayor a 5;74688915;CDMX;Guerrero;Ciudad Altamirano;Cd. Altamirano;2026;Jun;9
MEX;NO;Mayor a 5;74689380;CDMX;Oaxaca;Tuxtepec;Tuxtepec;2026;Jun;10
MEX;NO;Mayor a 5;74689388;CDMX;Oaxaca;Tuxtepec;Tuxtepec;2026;Jun;8
MEX;NO;Mayor a 5;74690052;CDMX;Puebla;Atlixco;Atlixco;2026;Jun;6
MEX;NO;Mayor a 5;74690965;CDMX;Guerrero;Chilpancilgo;Chilpancingo;2026;Jun;17
MEX;NO;Mayor a 5;74695183;CDMX;Veracruz;Martínez de la Torre;Martínez de la Torre;2026;Jun;8
MEX;NO;Mayor a 5;74705450;CDMX;Chiapas;Yajalón;Yajalon;2026;Jun;8
MEX;NO;Mayor a 5;74705522;CDMX;Chiapas;Chiapa de Corzo;Chiapa de Corzo;2026;Jun;9
MEX;NO;Mayor a 5;74705522;CDMX;Chiapas;Tuxtla Gutiérrez;Tuxtla Gutiérrez;2026;Jun;9
MEX;NO;Mayor a 5;74705973;CDMX;Hidalgo;Pachuca;Pachuca;2026;Jun;11
MEX;NO;Mayor a 5;74706039;CDMX;Puebla;Zacapoaxtla;Zacapoaxtla;2026;Jun;10
MEX;NO;Mayor a 5;74706660;CDMX;Veracruz;Orizaba;Orizaba;2026;Jun;10
MEX;NO;Mayor a 5;74707461;CDMX;Veracruz;Coatzintla;Coatzintla;2026;Jun;9
MEX;NO;Mayor a 5;74713737;CDMX;Quintana Roo;Isla Cancun;Isla Cancún;2026;Jun;10
MEX;NO;Mayor a 5;74713739;CDMX;Chiapas;S Crist de las Casas;S.Crist.de las Casas;2026;Jun;11
MEX;NO;Mayor a 5;74715476;CDMX;Puebla;Santiago Mihuatlán;Santiago Miahuatlan;2026;Jun;9
MEX;NO;Mayor a 5;74715476;CDMX;Puebla;Tehuacan;Tehuacan;2026;Jun;9
MEX;NO;Mayor a 5;74715482;CDMX;Guerrero;Arcelia;Arcelia;2026;Jun;15
MEX;NO;Mayor a 5;74715482;CDMX;Guerrero;Ciudad Altamirano;Cd. Altamirano;2026;Jun;15
MEX;NO;Mayor a 5;74716445;CDMX;Oaxaca;Matías Romero;Matias Romero;2026;Jun;12
MEX;NO;Mayor a 5;74716803;CDMX;Michoacán;Riva Palacio;Riva Palacio;2026;Jun;11
MEX;NO;Mayor a 5;74720812;CDMX;Chiapas;Huitiupan;Huitiupan;2026;Jun;12
MEX;NO;Mayor a 5;74720968;CDMX;Tabasco;Villahermosa;Villahermosa;2026;Jun;11
MEX;NO;Mayor a 5;74721043;CDMX;Campeche;Campeche;Campeche;2026;Jun;17
MEX;NO;Mayor a 5;74721043;CDMX;Campeche;Candelaria;Candelaria;2026;Jun;17
MEX;NO;Mayor a 5;74721072;CDMX;Chiapas;Tapachula;Tapachula;2026;Jun;11
MEX;NO;Mayor a 5;74721093;CDMX;Chiapas;Palenque;Palenque;2026;Jun;11
MEX;NO;Mayor a 5;74722477;CDMX;Veracruz;Acayucan;Acayucan;2026;Jun;23
MEX;NO;Mayor a 5;74722477;CDMX;Veracruz;Minatitlán;MINATITLAN;2026;Jun;23
MEX;NO;Mayor a 5;74723653;CDMX;Chiapas;Ocotzingo;Ocotzingo;2026;Jun;12
MEX;NO;Mayor a 5;74723653;CDMX;Chiapas;S Crist de las Casas;S.Crist.de las Casas;2026;Jun;12
MEX;NO;Mayor a 5;74723786;CDMX;Hidalgo;Ciudad Sahagún;Mineral d/l Reforma;2026;Jun;12
MEX;NO;Mayor a 5;74723851;CDMX;Hidalgo;Ciudad Sahagún;Mineral d/l Reforma;2026;Jun;23
MEX;NO;Mayor a 5;74723851;CDMX;Hidalgo;Tulancingo;Tulancingo;2026;Jun;23
MEX;NO;Mayor a 5;74726213;CDMX;Guerrero;Tlapa;Tlapa;2026;Jun;13
MEX;NO;Mayor a 5;74729645;CDMX;Chiapas;Tuxtla Gutiérrez;Tuxtla Gutiérrez;2026;Jun;13
MEX;NO;Mayor a 5;74729657;CDMX;Chiapas;Angel Albino Corzo;Angel Albino Corzo;2026;Jun;13
MEX;NO;Mayor a 5;74729671;CDMX;Chiapas;Arriaga;Arriaga;2026;Jun;13
MEX;NO;Mayor a 5;74729704;CDMX;Oaxaca;Tuxtepec;Tuxtepec;2026;Jun;18
MEX;NO;Mayor a 5;74729704;CDMX;Veracruz;Playa Vicente;PLAYA VICENTE, VER.;2026;Jun;18
MEX;NO;Mayor a 5;74730265;CDMX;Yucatán;Mérida;Mérida;2026;Jun;12
MEX;NO;Mayor a 5;74731248;CDMX;Oaxaca;Juchitán;Juchitan;2026;Jun;13
MEX;NO;Mayor a 5;74731248;CDMX;Oaxaca;Matías Romero;Matias Romero;2026;Jun;13
MEX;NO;Mayor a 5;74731644;CDMX;Michoacán;Riva Palacio;Riva Palacio;2026;Jun;15
MEX;NO;Mayor a 5;74732528;CDMX;Chiapas;Palenque;Palenque;2026;Jun;16
MEX;NO;Mayor a 5;74733070;CDMX;Chiapas;Tuxtla Gutiérrez;Tuxtla Gutiérrez;2026;Jun;15
MEX;NO;Mayor a 5;74734277;CDMX;Tabasco;Villahermosa;Villahermosa;2026;Jun;13
MEX;NO;Mayor a 5;74742485;CDMX;Chiapas;S Crist de las Casas;S.Crist.de las Casas;2026;Jun;15
MEX;NO;Mayor a 5;74742818;CDMX;Chiapas;S Crist de las Casas;S.Crist.de las Casas;2026;Jun;16
MEX;NO;Mayor a 5;74743114;CDMX;Tabasco;Centro;Centro;2026;Jun;16
MEX;NO;Mayor a 5;74743114;CDMX;Tabasco;Villahermosa;Villahermosa;2026;Jun;16
MEX;NO;Mayor a 5;74744147;CDMX;Chiapas;Tapachula;Tapachula;2026;Jun;16
MEX;NO;Mayor a 5;74744153;CDMX;Chiapas;Comitán;Comitán Domínguez;2026;Jun;20
MEX;NO;Mayor a 5;74744157;CDMX;Chiapas;Chilon;Chilon;2026;Jun;26
MEX;NO;Mayor a 5;74744157;CDMX;Chiapas;Tila;TILA, CHS;2026;Jun;26
MEX;NO;Mayor a 5;74744265;CDMX;Puebla;Puebla;Puebla;2026;Jun;16
MEX;NO;Mayor a 5;74746854;CDMX;Tabasco;Villahermosa;Villahermosa;2026;Jun;16
MEX;NO;Mayor a 5;74746925;CDMX;Hidalgo;Ciudad Sahagún;Mineral d/l Reforma;2026;Jun;17
MEX;NO;Mayor a 5;74746925;CDMX;Hidalgo;Zempoala;;2026;Jun;17
MEX;NO;Mayor a 5;74747165;CDMX;Oaxaca;Santiago Pinotepa Nacional;Stgo. Pinotepa Nal.;2026;Jun;18
MEX;NO;Mayor a 5;74748732;CDMX;Guerrero;Tlapa;Tlapa;2026;Jun;26
MEX;NO;Mayor a 5;74751643;CDMX;Michoacán;Riva Palacio;Riva Palacio;2026;Jun;17
MEX;NO;Mayor a 5;74752188;CDMX;Chiapas;Tuxtla Gutiérrez;Tuxtla Gutiérrez;2026;Jun;17
MEX;NO;Mayor a 5;74752246;CDMX;Chiapas;Chicomuselo;Chicomuselo;2026;Jun;23
MEX;NO;Mayor a 5;74752246;CDMX;Chiapas;Comalapan;Cd. Front. Comalapa;2026;Jun;23
MEX;NO;Mayor a 5;74752700;CDMX;Puebla;Izuca de Matamoros;Izuca de Matamoros;2026;Jun;18
MEX;NO;Mayor a 5;74752790;CDMX;Puebla;Teziutlán;Teziutlan;2026;Jun;18
MEX;NO;Mayor a 5;74753596;CDMX;Yucatán;Mérida;Mérida;2026;Jun;18
MEX;NO;Mayor a 5;74754417;CDMX;Guerrero;Arcelia;Arcelia;2026;Jun;22
MEX;NO;Mayor a 5;74754417;CDMX;Guerrero;Ciudad Altamirano;Cd. Altamirano;2026;Jun;22
MEX;NO;Mayor a 5;74756033;CDMX;Chiapas;Tapachula;Tapachula;2026;Jun;18
MEX;NO;Mayor a 5;74756448;CDMX;Quintana Roo;Chetumal;Chetumal;2026;Jun;18
MEX;NO;Mayor a 5;74756613;CDMX;Aguascalientes;Aguascalientes;Aguascalientes;2026;Jun;18
MEX;NO;Mayor a 5;74757622;CDMX;Chiapas;Tuxtla Gutiérrez;Tuxtla Gutiérrez;2026;Jun;19
MEX;NO;Mayor a 5;74757629;CDMX;Chiapas;Tuxtla Gutiérrez;Tuxtla Gutiérrez;2026;Jun;18
MEX;NO;Mayor a 5;74757676;CDMX;Chiapas;Tuxtla Gutiérrez;Tuxtla Gutiérrez;2026;Jun;19
MEX;NO;Mayor a 5;74758147;CDMX;Chiapas;Tonalá;Tonalá;2026;Jun;18
MEX;NO;Mayor a 5;74758149;CDMX;Chiapas;Tonalá;Tonalá;2026;Jun;25
MEX;NO;Mayor a 5;74758165;CDMX;Chiapas;San Fernando;San Fernando;2026;Jun;19
MEX;NO;Mayor a 5;74758189;CDMX;Chiapas;Comitán;Comitán Domínguez;2026;Jun;22
MEX;NO;Mayor a 5;74759688;CDMX;Campeche;Campeche;Campeche;2026;Jun;19
MEX;NO;Mayor a 5;74759872;CDMX;Chiapas;Comitán;Comitán Domínguez;2026;Jun;20
MEX;NO;Mayor a 5;74761683;CDMX;Chiapas;S Crist de las Casas;S.Crist.de las Casas;2026;Jun;20
MEX;NO;Mayor a 5;74761718;CDMX;Michoacán;Riva Palacio;Riva Palacio;2026;Jun;19
MEX;NO;Mayor a 5;74762923;CDMX;Guerrero;Acapulco;Acapulco de Juarez;2026;Jun;20
MEX;NO;Mayor a 5;74764278;CDMX;Chiapas;Tapachula;Tapachula;2026;Jun;20
MEX;NO;Mayor a 5;74764956;CDMX;Veracruz;Tuxpan;Tuxpan;2026;Jun;19
MEX;NO;Mayor a 5;74765058;CDMX;Oaxaca;Tlalixtac de Cabrera;;2026;Jun;19
MEX;NO;Mayor a 5;74766281;CDMX;Chiapas;Simojovel;Simojovel;2026;Jun;23
MEX;NO;Mayor a 5;74766425;CDMX;Chiapas;Tuxtla Gutiérrez;Tuxtla Gutiérrez;2026;Jun;22
MEX;NO;Mayor a 5;74766874;CDMX;Chiapas;Tapachula;Tapachula;2026;Jun;23
MEX;NO;Mayor a 5;74767086;CDMX;Tabasco;Cunduacan;Cunduacan;2026;Jun;20
MEX;NO;Mayor a 5;74767534;CDMX;Hidalgo;Atotonilco el Grande;Atotonilco el Alto;2026;Jun;19
MEX;NO;Mayor a 5;74769984;CDMX;Oaxaca;Cd Ixtepec, Oax;IXTEPEC, OAX.;2026;Jun;20
MEX;NO;Mayor a 5;74769984;CDMX;Oaxaca;Matías Romero;Matias Romero;2026;Jun;20
MEX;NO;Mayor a 5;74770074;CDMX;Chiapas;Yajalón;Yajalon;2026;Jun;22
MEX;NO;Mayor a 5;74770477;CDMX;Chiapas;Tuxtla Gutiérrez;Tuxtla Gutiérrez;2026;Jun;22
MEX;NO;Mayor a 5;74772460;CDMX;Guerrero;Arcelia;Arcelia;2026;Jun;24
MEX;NO;Mayor a 5;74777840;CDMX;Chiapas;Tonalá;Tonalá;2026;Jun;22
MEX;NO;Mayor a 5;74779669;CDMX;Guanajuato;Celaya;Celaya;2026;Jun;23
MEX;NO;Mayor a 5;74779669;CDMX;Guanajuato;Irapuato;Irapuato;2026;Jun;23
MEX;NO;Mayor a 5;74779669;CDMX;Guanajuato;Salvatierra;Salvatierra;2026;Jun;23
MEX;NO;Mayor a 5;74783086;CDMX;Nayarit;Tepic;Tepic;2026;Jun;23
MEX;NO;Mayor a 5;74784119;CDMX;Chiapas;Ocotzingo;Ocotzingo;2026;Jun;23
MEX;NO;Mayor a 5;74784465;CDMX;Veracruz;Jesus Carranza;JESUS CARRANZA, VER.;2026;Jun;23
MEX;NO;Mayor a 5;74785293;CDMX;Chiapas;Cacahuatan;Cacahuatán;2026;Jun;27
MEX;NO;Mayor a 5;74785293;CDMX;Chiapas;Tapachula;Tapachula;2026;Jun;27
MEX;NO;Mayor a 5;74785368;CDMX;Veracruz;Jesus Carranza;JESUS CARRANZA, VER.;2026;Jun;26
MEX;NO;Mayor a 5;74785403;CDMX;Tabasco;Comalcalco;Comalcalco;2026;Jun;26
MEX;NO;Mayor a 5;74785403;CDMX;Tabasco;Huimanguillo;Huimanguillo;2026;Jun;26
MEX;NO;Mayor a 5;74785797;CDMX;Puebla;Teziutlán;Teziutlan;2026;Jun;23
MEX;NO;Mayor a 5;74785797;CDMX;Puebla;Zacapoaxtla;Zacapoaxtla;2026;Jun;23
MEX;NO;Mayor a 5;74786851;CDMX;Chiapas;Tuxtla Gutiérrez;Tuxtla Gutiérrez;2026;Jun;25
MEX;NO;Mayor a 5;74786864;CDMX;Chiapas;Tuxtla Gutiérrez;Tuxtla Gutiérrez;2026;Jun;26
MEX;NO;Mayor a 5;74787639;CDMX;Chiapas;Huixtla;Huixtla;2026;Jun;24
MEX;NO;Mayor a 5;74789214;CDMX;Michoacán;Riva Palacio;Riva Palacio;2026;Jun;24
MEX;NO;Mayor a 5;74789353;CDMX;Michoacán;Riva Palacio;Riva Palacio;2026;Jun;24
MEX;NO;Mayor a 5;74791496;CDMX;Chiapas;Huixtla;Huixtla;2026;Jun;27
MEX;NO;Mayor a 5;74791496;CDMX;Chiapas;Mapastepec;Mapastepec;2026;Jun;27
MEX;NO;Mayor a 5;74791562;CDMX;Chiapas;S Crist de las Casas;S.Crist.de las Casas;2026;Jun;26
MEX;NO;Mayor a 5;74791592;CDMX;Oaxaca;Tuxtepec;Tuxtepec;2026;Jun;25
MEX;NO;Mayor a 5;74792259;CDMX;Chiapas;Tuxtla Gutiérrez;Tuxtla Gutiérrez;2026;Jun;25
MEX;NO;Mayor a 5;74792283;CDMX;Chiapas;Tuxtla Gutiérrez;Tuxtla Gutiérrez;2026;Jun;26
MEX;NO;Mayor a 5;74792775;CDMX;Chiapas;Ocotzingo;Ocotzingo;2026;Jun;29
MEX;NO;Mayor a 5;74793258;CDMX;Quintana Roo;Solidaridad;Solidaridad;2026;Jun;25
MEX;NO;Mayor a 5;74793258;CDMX;Yucatán;Uman;Uman;2026;Jun;25
MEX;NO;Mayor a 5;74794062;CDMX;Guerrero;Acapulco;Acapulco de Juarez;2026;Jun;25
MEX;NO;Mayor a 5;74794062;CDMX;Guerrero;Juan R Escudero;Juan R Escudero;2026;Jun;25
MEX;NO;Mayor a 5;74794400;CDMX;Chiapas;Tapachula;Tapachula;2026;Jun;29
MEX;NO;Mayor a 5;74798570;CDMX;Guerrero;Arcelia;Arcelia;2026;Jun;29
MEX;NO;Mayor a 5;74798570;CDMX;Guerrero;Ciudad Altamirano;Cd. Altamirano;2026;Jun;29
MEX;NO;Mayor a 5;74798570;CDMX;Michoacán;Riva Palacio;Riva Palacio;2026;Jun;29
MEX;NO;Mayor a 5;74802747;CDMX;Tabasco;Villahermosa;Villahermosa;2026;Jun;27
MEX;NO;Mayor a 5;74802948;CDMX;Chiapas;Comitán;Comitán Domínguez;2026;Jun;29
MEX;NO;Mayor a 5;74802948;CDMX;Chiapas;Teopisca;Teopisca;2026;Jun;29
MEX;NO;Mayor a 5;74803436;CDMX;Guerrero;Juan R Escudero;Juan R Escudero;2026;Jun;27
MEX;NO;Mayor a 5;74804821;CDMX;Guerrero;Acapulco;Acapulco de Juarez;2026;Jun;27
MEX;NO;Mayor a 5;74816020;CDMX;Chiapas;Oxchuc Chs;OXCHUC, CHIS.;2026;Jun;29
MEX;NO;Mayor a 5;74817415;CDMX;Hidalgo;Acatlán;Acatlan;2026;Jun;30
MEX;NO;Mayor a 5;74817791;CDMX;Chiapas;S Crist de las Casas;S.Crist.de las Casas;2026;Jul;1
MEX;NO;Mayor a 5;74817791;CDMX;Chiapas;San Fernando;San Fernando;2026;Jul;1
MEX;NO;Mayor a 5;74818187;CDMX;Hidalgo;Zempoala;;2026;Jul;6
MEX;NO;Mayor a 5;74818912;CDMX;Sonora;Benito Juarez;Benito Juarez;2026;Jun;30
MEX;NO;Mayor a 5;74819243;CDMX;Jalisco;Ocotlán;Ocotlán;2026;Jun;30
MEX;NO;Mayor a 5;74820303;CDMX;Chiapas;Comitán;Comitán Domínguez;2026;Jun;30
MEX;NO;Mayor a 5;74820400;CDMX;Tabasco;Centro;Centro;2026;Jun;30
MEX;NO;Mayor a 5;74820400;CDMX;Tabasco;Comalcalco;Comalcalco;2026;Jun;30
MEX;NO;Mayor a 5;74823806;CDMX;Oaxaca;Tlalixtac de Cabrera;;2026;Jul;1
MEX;NO;Mayor a 5;74824321;CDMX;Michoacán;Riva Palacio;Riva Palacio;2026;Jul;2
MEX;NO;Mayor a 5;74824563;CDMX;Hidalgo;Tulancingo;Tulancingo;2026;Jul;2
MEX;NO;Mayor a 5;74825416;CDMX;Veracruz;Poza Rica;Poza Rica;2026;Jul;1
MEX;NO;Mayor a 5;74826733;CDMX;Veracruz;Tantoyuca;Tantoyuca;2026;Jul;1
MEX;NO;Mayor a 5;74826733;CDMX;Veracruz;Tuxpan;Tuxpan;2026;Jul;1
MEX;NO;Mayor a 5;74826792;CDMX;Veracruz;Emiliano Zapata;EMILIANO ZAPATA, VER;2026;Jul;1
MEX;NO;Mayor a 5;74826792;CDMX;Veracruz;Jalapa;Jalapa;2026;Jul;1
MEX;NO;Mayor a 5;74826853;CDMX;Campeche;Campeche;Campeche;2026;Jul;2
MEX;NO;Mayor a 5;74827579;CDMX;Tlaxcala;Apizaco;Apizaco;2026;Jul;2
MEX;NO;Mayor a 5;74827579;CDMX;Tlaxcala;Tetla;Tetla;2026;Jul;2
MEX;NO;Mayor a 5;74829850;CDMX;Veracruz;Coatzintla;Coatzintla;2026;Jul;2
MEX;NO;Mayor a 5;74831560;CDMX;Aguascalientes;Aguascalientes;Aguascalientes;2026;Jul;2
MEX;NO;Mayor a 5;74831560;CDMX;Guanajuato;León;León;2026;Jul;2
MEX;NO;Mayor a 5;74833036;CDMX;Puebla;Atlixco;Atlixco;2026;Jul;3
MEX;NO;Mayor a 5;74833037;CDMX;Hidalgo;Ciudad Sahagún;Ciudad Sahagun;2026;Jul;4
MEX;NO;Mayor a 5;74835528;CDMX;Guerrero;Ciudad Altamirano;Cd. Altamirano;2026;Jul;3
MEX;NO;Mayor a 5;74839097;CDMX;CDMX+EDOMEX;Metepec;Metepec;2026;Jul;4
MEX;NO;Mayor a 5;74839097;CDMX;Hidalgo;Acatlán;Acatlan;2026;Jul;4
MEX;NO;Mayor a 5;74841587;CDMX;Veracruz;Veracruz;Veracruz;2026;Jul;4
MEX;NO;Mayor a 5;74842304;CDMX;Guerrero;Ciudad Altamirano;Cd. Altamirano;2026;Jul;4
MEX;NO;Mayor a 5;74846650;CDMX;Puebla;Puebla;Puebla;2026;Jul;6
MEX;NO;Mayor a 5;74853144;CDMX;Chiapas;Huixtla;Huixtla;2026;Jul;6
MEX;NO;Mayor a 5;74853144;CDMX;Chiapas;Tapachula;Tapachula;2026;Jul;6
MEX;NO;Mayor a 5;74853182;CDMX;Oaxaca;Sta Cruz Xoxocotlan;STA.CRUZ XOXOCOTLAN;2026;Jul;6
MEX;NO;Mayor a 5;74857063;CDMX;Jalisco;Ocotlán;Ocotlán;2026;Jul;7
MEX;NO;Mayor a 5;74857164;CDMX;Veracruz;Coatzintla;Coatzintla;2026;Jul;7
MEX;NO;Mayor a 5;74860210;CDMX;Puebla;Chachapa;Chachapa;2026;Jul;8
MEX;NO;Mayor a 5;74860210;CDMX;Puebla;Tehuacan;Tehuacan;2026;Jul;8
MEX;NO;Mayor a 5;74860221;CDMX;Tabasco;Teapa;Teapa;2026;Jul;10
MEX;NO;Mayor a 5;74860229;CDMX;Guerrero;Chilpancilgo;Chilpancingo;2026;Jul;9
MEX;NO;Mayor a 5;74860325;CDMX;Hidalgo;Tulancingo;Tulancingo;2026;Jul;8
MEX;NO;Mayor a 5;74861081;CDMX;Veracruz;Tuxpan;Tuxpan;2026;Jul;9
MEX;NO;Mayor a 5;74861172;CDMX;Chiapas;Yajalón;Yajalon;2026;Jul;9
MEX;NO;Mayor a 5;74861510;CDMX;Tabasco;Villahermosa;Villahermosa;2026;Jul;8
MEX;NO;Mayor a 5;74861516;CDMX;Tabasco;Villahermosa;Villahermosa;2026;Jul;13
MEX;NO;Mayor a 5;74861519;CDMX;Tabasco;Villahermosa;Villahermosa;2026;Jul;11
MEX;NO;Mayor a 5;74861527;CDMX;Tabasco;Villahermosa;Villahermosa;2026;Jul;11
MEX;NO;Mayor a 5;74861554;CDMX;Tabasco;Villahermosa;Villahermosa;2026;Jul;10
MEX;NO;Mayor a 5;74862166;CDMX;Yucatán;Mérida;Mérida;2026;Jul;8
MEX;NO;Mayor a 5;74862188;CDMX;Tabasco;Villahermosa;Villahermosa;2026;Jul;8
MEX;NO;Mayor a 5;74863876;CDMX;Veracruz;Coatzacoalcos;Coatzacoalcos;2026;Jul;8
MEX;NO;Mayor a 5;74863905;CDMX;Chiapas;Arriaga;Arriaga;2026;Jul;9
MEX;NO;Mayor a 5;74864127;CDMX;Veracruz;Acayucan;Acayucan;2026;Jul;8
MEX;NO;Mayor a 5;74864972;CDMX;Veracruz;Coatzacoalcos;Coatzacoalcos;2026;Jul;17
MEX;NO;Mayor a 5;74864972;CDMX;Veracruz;Minatitlán;MINATITLAN;2026;Jul;17
MEX;NO;Mayor a 5;74865373;CDMX;Chiapas;Tonalá;Tonalá;2026;Jul;12
MEX;NO;Mayor a 5;74865513;CDMX;Chiapas;Comalapan;Cd. Front. Comalapa;2026;Jul;9
MEX;NO;Mayor a 5;74867212;CDMX;Guerrero;Acapulco;Acapulco de Juarez;2026;Jul;9
MEX;NO;Mayor a 5;74867275;CDMX;Chiapas;Palenque;Palenque;2026;Jul;9
MEX;NO;Mayor a 5;74869866;CDMX;Tabasco;Villahermosa;Villahermosa;2026;Jul;10
MEX;NO;Mayor a 5;74870111;CDMX;Puebla;Amozoc;Amozoc;2026;Jul;9
MEX;NO;Mayor a 5;74870111;CDMX;Puebla;San Martin Texmelucan;S. Martín Texmelucan;2026;Jul;9
MEX;NO;Mayor a 5;74870950;CDMX;Yucatán;Mérida;Mérida;2026;Jul;10
MEX;NO;Mayor a 5;74871213;CDMX;Guanajuato;Uriangato;Uriangato;2026;Jul;15
MEX;NO;Mayor a 5;74871778;CDMX;Chiapas;Tapachula;Tapachula;2026;Jul;10
MEX;NO;Mayor a 5;74872401;CDMX;Chiapas;Huitiupan;Huitiupan;2026;Jul;17
MEX;NO;Mayor a 5;74872827;CDMX;Veracruz;Veracruz;Veracruz;2026;Jul;10
MEX;NO;Mayor a 5;74872848;CDMX;Veracruz;Veracruz;Veracruz;2026;Jul;10
MEX;NO;Mayor a 5;74872850;CDMX;Veracruz;Veracruz;Veracruz;2026;Jul;10
MEX;NO;Mayor a 5;74873028;CDMX;Tlaxcala;Apizaco;Apizaco;2026;Jul;10
MEX;NO;Mayor a 5;74874505;CDMX;Tabasco;Villahermosa;Villahermosa;2026;Jul;10
MEX;NO;Mayor a 5;74876055;CDMX;Nayarit;Tepic;Tepic;2026;Jul;14
MEX;NO;Mayor a 5;74876089;CDMX;Veracruz;Tuxpan;Tuxpan;2026;Jul;11
MEX;NO;Mayor a 5;74877181;CDMX;Hidalgo;Acatlán;Acatlan;2026;Jul;14
MEX;NO;Mayor a 5;74877736;CDMX;Chiapas;S Crist de las Casas;S.Crist.de las Casas;2026;Jul;13
MEX;NO;Mayor a 5;74877740;CDMX;Chiapas;Tapachula;Tapachula;2026;Jul;11
MEX;NO;Mayor a 5;74877749;CDMX;Veracruz;Emiliano Zapata;EMILIANO ZAPATA, VER;2026;Jul;14
MEX;NO;Mayor a 5;74877749;CDMX;Veracruz;Jalapa;Jalapa;2026;Jul;14
MEX;NO;Mayor a 5;74877782;CDMX;Guerrero;Benito Juarez;Benito Juarez;2026;Jul;11
MEX;NO;Mayor a 5;74877799;CDMX;Puebla;Tehuacan;Tehuacan;2026;Jul;13
MEX;NO;Mayor a 5;74879282;CDMX;Tabasco;Villahermosa;Villahermosa;2026;Jul;14
MEX;NO;Mayor a 5;74879597;CDMX;Chiapas;Chilon;Chilon;2026;Jul;20
MEX;NO;Mayor a 5;74879597;CDMX;Chiapas;Yajalón;Yajalon;2026;Jul;20
MEX;NO;Mayor a 5;74882408;CDMX;Chiapas;Tapachula;Tapachula;2026;Jul;15
MEX;NO;Mayor a 5;74882415;CDMX;Chiapas;Tuxtla Gutiérrez;Tuxtla Gutiérrez;2026;Jul;16
MEX;NO;Mayor a 5;74882423;CDMX;Veracruz;Acayucan;Acayucan;2026;Jul;13
MEX;NO;Mayor a 5;74882749;CDMX;Oaxaca;Tuxtepec;Tuxtepec;2026;Jul;13
MEX;NO;Mayor a 5;74883525;CDMX;Chiapas;Huixtla;Huixtla;2026;Jul;13
MEX;NO;Mayor a 5;74887511;CDMX;Chiapas;Tapachula;Tapachula;2026;Jul;13
MEX;NO;Mayor a 5;74887591;CDMX;Chiapas;Tuxtla Gutiérrez;Tuxtla Gutiérrez;2026;Jul;14
MEX;NO;Mayor a 5;74887603;CDMX;Chiapas;Tuxtla Gutiérrez;Tuxtla Gutiérrez;2026;Jul;14
MEX;NO;Mayor a 5;74889447;CDMX;Chiapas;Tapachula;Tapachula;2026;Jul;15
MEX;NO;Mayor a 5;74890387;CDMX;Veracruz;Acayucan;Acayucan;2026;Jul;14
MEX;NO;Mayor a 5;74891012;CDMX;Yucatán;Mérida;Mérida;2026;Jul;15
MEX;NO;Mayor a 5;74891157;CDMX;Tabasco;Teapa;Teapa;2026;Jul;25
MEX;NO;Mayor a 5;74891796;CDMX;Veracruz;Jalacingo;Jalacingo;2026;Jul;14
MEX;NO;Mayor a 5;74891878;CDMX;Chiapas;Palenque;Palenque;2026;Jul;17
MEX;NO;Mayor a 5;74892054;CDMX;Chiapas;Tapachula;Tapachula;2026;Jul;14
MEX;NO;Mayor a 5;74892069;CDMX;Chiapas;Tapachula;Tapachula;2026;Jul;14
MEX;NO;Mayor a 5;74892291;CDMX;Chiapas;Tuxtla Gutiérrez;Tuxtla Gutiérrez;2026;Jul;14
MEX;NO;Mayor a 5;74892400;CDMX;Chiapas;Comitán;Comitán Domínguez;2026;Jul;17
MEX;NO;Mayor a 5;74892437;CDMX;Nayarit;Tepic;Tepic;2026;Jul;15
MEX;NO;Mayor a 5;74895374;CDMX;Tabasco;Cárdenas;Cárdenas;2026;Jul;16
MEX;NO;Mayor a 5;74895376;CDMX;Yucatán;Mérida;Mérida;2026;Jul;15
MEX;NO;Mayor a 5;74895379;CDMX;Tabasco;Comalcalco;Comalcalco;2026;Jul;20
MEX;NO;Mayor a 5;74895424;CDMX;Veracruz;Minatitlán;MINATITLAN;2026;Jul;17
MEX;NO;Mayor a 5;74895438;CDMX;Chiapas;Tuxtla Gutiérrez;Tuxtla Gutiérrez;2026;Jul;16
MEX;NO;Mayor a 5;74895463;CDMX;Chiapas;Tuxtla Gutiérrez;Tuxtla Gutiérrez;2026;Jul;16
MEX;NO;Mayor a 5;74895483;CDMX;Chiapas;Tapachula;Tapachula;2026;Jul;16
MEX;NO;Mayor a 5;74895486;CDMX;Chiapas;Ocotzingo;Ocotzingo;2026;Jul;22
MEX;NO;Mayor a 5;74895486;CDMX;Chiapas;S Crist de las Casas;S.Crist.de las Casas;2026;Jul;22
MEX;NO;Mayor a 5;74896568;CDMX;Chiapas;Tuxtla Gutiérrez;Tuxtla Gutiérrez;2026;Jul;22
MEX;NO;Mayor a 5;74896578;CDMX;Puebla;Puebla;Puebla;2026;Jul;14
MEX;NO;Mayor a 5;74897325;CDMX;Tabasco;Villahermosa;Villahermosa;2026;Jul;19
MEX;NO;Mayor a 5;74897467;CDMX;Campeche;Campeche;Campeche;2026;Jul;17
MEX;NO;Mayor a 5;74897470;CDMX;Campeche;Campeche;Campeche;2026;Jul;15
MEX;NO;Mayor a 5;74897492;CDMX;Campeche;Campeche;Campeche;2026;Jul;16
MEX;NO;Mayor a 5;74897495;CDMX;Campeche;Campeche;Campeche;2026;Jul;14
MEX;NO;Mayor a 5;74897823;CDMX;Oaxaca;Matías Romero;Matias Romero;2026;Jul;21
MEX;NO;Mayor a 5;74900202;CDMX;Chiapas;Tapachula;Tapachula;2026;Jul;15
MEX;NO;Mayor a 5;74901047;CDMX;Chiapas;Pijijiapan;Pijijiapan;2026;Jul;21
MEX;NO;Mayor a 5;74901047;CDMX;Chiapas;Tonalá;Tonalá;2026;Jul;21
MEX;NO;Mayor a 5;74901450;CDMX;Michoacán;Riva Palacio;Riva Palacio;2026;Jul;20
MEX;NO;Mayor a 5;74901454;CDMX;Guerrero;Arcelia;Arcelia;2026;Jul;20
MEX;NO;Mayor a 5;74901454;CDMX;Guerrero;Ciudad Altamirano;Cd. Altamirano;2026;Jul;20
MEX;NO;Mayor a 5;74902279;CDMX;Puebla;Tepeaca;Tepeaca;2026;Jul;16
MEX;NO;Mayor a 5;74902486;CDMX;Tabasco;Villahermosa;Villahermosa;2026;Jul;16
MEX;NO;Mayor a 5;74902489;CDMX;Tabasco;Villahermosa;Villahermosa;2026;Jul;16
MEX;NO;Mayor a 5;74903983;CDMX;Chiapas;Tuxtla Gutiérrez;Tuxtla Gutiérrez;2026;Jul;17
MEX;NO;Mayor a 5;74904036;CDMX;Oaxaca;Asunción;ASUNCION N., OAX.;2026;Jul;17
MEX;NO;Mayor a 5;74904036;CDMX;Oaxaca;Nochixtlán;Nochixtlan;2026;Jul;17
MEX;NO;Mayor a 5;74904581;CDMX;Veracruz;Veracruz;Veracruz;2026;Jul;18
MEX;NO;Mayor a 5;74904617;CDMX;Veracruz;Veracruz;Veracruz;2026;Jul;22
MEX;NO;Mayor a 5;74904619;CDMX;Veracruz;Veracruz;Veracruz;2026;Jul;18
MEX;NO;Mayor a 5;74904627;CDMX;Veracruz;Veracruz;Veracruz;2026;Jul;21
MEX;NO;Mayor a 5;74904660;CDMX;Veracruz;Veracruz;Veracruz;2026;Jul;18
MEX;NO;Mayor a 5;74904800;CDMX;Veracruz;Veracruz;Veracruz;2026;Jul;22
MEX;NO;Mayor a 5;74904846;CDMX;Veracruz;Veracruz;Veracruz;2026;Jul;20
MEX;NO;Mayor a 5;74904910;CDMX;Veracruz;Veracruz;Veracruz;2026;Jul;20
MEX;NO;Mayor a 5;74905404;CDMX;Michoacán;Riva Palacio;Riva Palacio;2026;Jul;18
MEX;NO;Mayor a 5;74905874;CDMX;Oaxaca;Tuxtepec;Tuxtepec;2026;Jul;17
MEX;NO;Mayor a 5;74905950;CDMX;Chiapas;Tapachula;Tapachula;2026;Jul;18
MEX;NO;Mayor a 5;74905961;CDMX;Guanajuato;León;León;2026;Jul;22
MEX;NO;Mayor a 5;74906524;CDMX;Veracruz;Tierra Blanca;Tierra Blanca;2026;Jul;21
MEX;NO;Mayor a 5;74906686;CDMX;Chiapas;Tapachula;Tapachula;2026;Jul;17
MEX;NO;Mayor a 5;74907329;CDMX;Veracruz;Veracruz;Veracruz;2026;Jul;21
MEX;NO;Mayor a 5;74907330;CDMX;Veracruz;Veracruz;Veracruz;2026;Jul;20
MEX;NO;Mayor a 5;74908929;CDMX;Guerrero;Ciudad Altamirano;Cd. Altamirano;2026;Jul;20
MEX;NO;Mayor a 5;74911666;CDMX;Guanajuato;Celaya;Celaya;2026;Jul;20
MEX;NO;Mayor a 5;74911761;CDMX;Michoacán;Riva Palacio;Riva Palacio;2026;Jul;20
MEX;NO;Mayor a 5;74911762;CDMX;Michoacán;Riva Palacio;Riva Palacio;2026;Jul;20
MEX;NO;Mayor a 5;74913345;CDMX;Campeche;Escarcega;Escárcega;2026;Jul;20
MEX;NO;Mayor a 5;74913345;CDMX;Campeche;Hopelchen;Holpechen;2026;Jul;20
MEX;NO;Mayor a 5;74920315;CDMX;Hidalgo;Pachuca;Pachuca;2026;Jul;28
MEX;NO;Mayor a 5;74920315;CDMX;Hidalgo;Zempoala;;2026;Jul;28
MEX;NO;Mayor a 5;74920327;CDMX;Guerrero;Acapulco;Acapulco de Juarez;2026;Jul;21
MEX;NO;Mayor a 5;74920330;CDMX;Tabasco;Centro;Centro;2026;Jul;21
MEX;NO;Mayor a 5;74920357;CDMX;Puebla;Puebla;Puebla;2026;Jul;21
MEX;NO;Mayor a 5;74920366;CDMX;Puebla;Zacapoaxtla;Zacapoaxtla;2026;Jul;21
MEX;NO;Mayor a 5;74920498;CDMX;Veracruz;Veracruz;Veracruz;2026;Jul;22
MEX;NO;Mayor a 5;74920507;CDMX;Chiapas;Simojovel;Simojovel;2026;Jul;22
MEX;NO;Mayor a 5;74920509;CDMX;Chiapas;S Crist de las Casas;S.Crist.de las Casas;2026;Jul;21
MEX;NO;Mayor a 5;74921885;CDMX;Veracruz;San Andrés Tuxtla;San Andrés Tuxtla;2026;Jul;23
MEX;NO;Mayor a 5;74924617;CDMX;Puebla;Acajete;Acajete;2026;Jul;27
MEX;NO;Mayor a 5;74924617;CDMX;Puebla;Amozoc;Amozoc;2026;Jul;27
MEX;NO;Mayor a 5;74924797;CDMX;Chiapas;Simojovel;Simojovel;2026;Jul;21
MEX;NO;Mayor a 5;74924797;CDMX;Chiapas;Tapilula;Tapilula;2026;Jul;21
MEX;NO;Mayor a 5;74924881;CDMX;Hidalgo;Atotonilco el Grande;Atotonilco el Alto;2026;Jul;24
MEX;NO;Mayor a 5;74931633;CDMX;Puebla;Tepeaca;Tepeaca;2026;Jul;25
MEX;NO;Mayor a 5;74931672;CDMX;Tabasco;Villahermosa;Villahermosa;2026;Jul;24
MEX;NO;Mayor a 5;74932439;CDMX;Chiapas;Tapachula;Tapachula;2026;Jul;24
MEX;NO;Mayor a 5;74932699;CDMX;Chiapas;Comalapan;Comalapan;2026;Ago;5
MEX;NO;Mayor a 5;74932699;CDMX;Chiapas;La Trinitaria;La Trinitaria;2026;Ago;5
MEX;NO;Mayor a 5;74932736;CDMX;Chiapas;Chiapa de Corzo;Chiapa de Corzo;2026;Jul;25
MEX;NO;Mayor a 5;74934520;CDMX;Puebla;Tepeaca;Tepeaca;2026;Jul;24
MEX;NO;Mayor a 5;74934843;CDMX;Puebla;Tepeaca;Tepeaca;2026;Jul;27
MEX;NO;Mayor a 5;74936570;CDMX;Chiapas;Comitán;Comitán Domínguez;2026;Jul;24
MEX;NO;Mayor a 5;74936571;CDMX;Chiapas;Comitán;Comitán Domínguez;2026;Jul;23
MEX;NO;Mayor a 5;74936613;CDMX;Chiapas;San Fernando;San Fernando;2026;Jul;30
MEX;NO;Mayor a 5;74937468;CDMX;Michoacán;Riva Palacio;Riva Palacio;2026;Jul;27
MEX;NO;Mayor a 5;74937625;CDMX;Chiapas;Berriozabal;Berriozabal;2026;Ago;10
MEX;NO;Mayor a 5;74937625;CDMX;Chiapas;Tuxtla Gutiérrez;Tuxtla Gutiérrez;2026;Ago;10
MEX;NO;Mayor a 5;74939257;CDMX;Veracruz;Cosoleacaque;Cosoleacaque;2026;Jul;28
MEX;NO;Mayor a 5;74939290;CDMX;Veracruz;Cosoleacaque;Cosoleacaque;2026;Jul;28
MEX;NO;Mayor a 5;74939622;CDMX;Tabasco;Centro;Centro;2026;Jul;27
MEX;NO;Mayor a 5;74939871;CDMX;Veracruz;Acayucan;Acayucan;2026;Jul;25
MEX;NO;Mayor a 5;74939874;CDMX;Veracruz;Coatzacoalcos;Coatzacoalcos;2026;Jul;25
MEX;NO;Mayor a 5;74939875;CDMX;Veracruz;Acayucan;Acayucan;2026;Jul;25
MEX;NO;Mayor a 5;74940630;CDMX;Tabasco;Centro;Centro;2026;Jul;31
MEX;NO;Mayor a 5;74940968;CDMX;Puebla;Tepeaca;Tepeaca;2026;Jul;27
MEX;NO;Mayor a 5;74943381;CDMX;Veracruz;Coatzacoalcos;Coatzacoalcos;2026;Jul;28
MEX;NO;Mayor a 5;74944380;CDMX;Veracruz;Veracruz;Veracruz;2026;Jul;27
MEX;NO;Mayor a 5;74944421;CDMX;Jalisco;Guadalajara;Guadalajara S. Hgo.;2026;Jul;27
MEX;NO;Mayor a 5;74944421;CDMX;Jalisco;Ocotlán;Ocotlán;2026;Jul;27
MEX;NO;Mayor a 5;74944471;CDMX;Chiapas;Comitán;Comitán Domínguez;2026;Jul;27
MEX;NO;Mayor a 5;74945116;CDMX;Hidalgo;Acatlán;Acatlan;2026;Jul;27
MEX;NO;Mayor a 5;74945400;CDMX;Jalisco;Tlajomulco de Zúñiga;Tlajomulco de Zuñiga;2026;Jul;27
MEX;NO;Mayor a 5;74948814;CDMX;Chiapas;Tila;TILA, CHS;2026;Jul;27
MEX;NO;Mayor a 5;74948902;CDMX;Chiapas;Cacahuatan;Cacahuatán;2026;Jul;28
MEX;NO;Mayor a 5;74948902;CDMX;Chiapas;Tapachula;Tapachula;2026;Jul;28
MEX;NO;Mayor a 5;74948986;CDMX;Veracruz;Acayucan;Acayucan;2026;Jul;27
MEX;NO;Mayor a 5;74949155;CDMX;Veracruz;Tuxpan;Tuxpan;2026;Jul;28
MEX;NO;Mayor a 5;74952443;CDMX;Veracruz;Cosoleacaque;Cosoleacaque;2026;Jul;29
MEX;NO;Mayor a 5;74955795;CDMX;Veracruz;Medellín de Bravo;Medellin de Bravo;2026;Jul;29
MEX;NO;Mayor a 5;74955813;CDMX;Puebla;Atlixco;Atlixco;2026;Jul;29
MEX;NO;Mayor a 5;74955815;CDMX;Puebla;Atlixco;Atlixco;2026;Jul;29
MEX;NO;Mayor a 5;74955898;CDMX;Puebla;Amozoc;Amozoc;2026;Jul;29
MEX;NO;Mayor a 5;74956454;CDMX;Chiapas;Tuxtla Gutiérrez;Tuxtla Gutiérrez;2026;Jul;31
MEX;NO;Mayor a 5;74956460;CDMX;Veracruz;Veracruz;Veracruz;2026;Jul;29
MEX;NO;Mayor a 5;74958193;CDMX;Chiapas;Tapilula;Bochil;2026;Jul;31
MEX;NO;Mayor a 5;74958448;CDMX;Veracruz;Orizaba;HUILOAPAN DE CUAUHT;2026;Jul;29
MEX;NO;Mayor a 5;74958448;CDMX;Veracruz;Orizaba;Orizaba;2026;Jul;29
MEX;NO;Mayor a 5;74962947;CDMX;Chiapas;S Crist de las Casas;S.Crist.de las Casas;2026;Ago;5
MEX;NO;Mayor a 5;74963012;CDMX;Nayarit;Tepic;Tepic;2026;Jul;31
MEX;NO;Mayor a 5;74963556;CDMX;Quintana Roo;Playa del Carmen;Playa del Carmen;2026;Jul;30
MEX;NO;Mayor a 5;74963556;CDMX;Sonora;Benito Juarez;Benito Juarez;2026;Jul;30
MEX;NO;Mayor a 5;74965122;CDMX;Oaxaca;Juchitán;Juchitan;2026;Ago;3
MEX;NO;Mayor a 5;74965917;CDMX;Chiapas;Cacahuatan;Cacahuatán;2026;Jul;31
MEX;NO;Mayor a 5;74965917;CDMX;Chiapas;Tapachula;Tapachula;2026;Jul;31
MEX;NO;Mayor a 5;74966444;CDMX;Veracruz;Acayucan;Acayucan;2026;Jul;31
MEX;NO;Mayor a 5;74966444;CDMX;Veracruz;Coatzacoalcos;Coatzacoalcos;2026;Jul;31
MEX;NO;Mayor a 5;74966493;CDMX;Veracruz;Medellín de Bravo;Medellin de Bravo;2026;Jul;31
MEX;NO;Mayor a 5;74966493;CDMX;Veracruz;Veracruz;Veracruz;2026;Jul;31
MEX;NO;Mayor a 5;74966508;CDMX;Veracruz;Altotonga;Altotonga;2026;Ago;1
MEX;NO;Mayor a 5;74966508;CDMX;Veracruz;Jalacingo;Jalacingo;2026;Ago;1
MEX;NO;Mayor a 5;74966549;CDMX;Chiapas;Tuxtla Gutiérrez;Tuxtla Gutiérrez;2026;Jul;31
MEX;NO;Mayor a 5;74967910;CDMX;Guerrero;Acapulco;Acapulco de Juarez;2026;Jul;31
MEX;NO;Mayor a 5;74970142;CDMX;Guerrero;Ciudad Altamirano;Cd. Altamirano;2026;Ago;3
MEX;NO;Mayor a 5;74970148;CDMX;Chiapas;Yajalón;Yajalon;2026;Ago;8
MEX;NO;Mayor a 5;74970302;CDMX;Tabasco;Centro;Centro;2026;Ago;3
MEX;NO;Mayor a 5;74972240;CDMX;Tabasco;Comalcalco;Comalcalco;2026;Ago;1
MEX;NO;Mayor a 5;74972248;CDMX;Tabasco;Cunduacan;Cunduacan;2026;Ago;1
MEX;NO;Mayor a 5;74972348;CDMX;Chiapas;S Crist de las Casas;S.Crist.de las Casas;2026;Ago;1
MEX;NO;Mayor a 5;74972352;CDMX;Chiapas;S Crist de las Casas;S.Crist.de las Casas;2026;Ago;1
MEX;NO;Mayor a 5;74972419;CDMX;Jalisco;Ocotlán;Ocotlán;2026;Ago;1
MEX;NO;Mayor a 5;74972560;CDMX;Chiapas;S Crist de las Casas;S.Crist.de las Casas;2026;Ago;2
MEX;NO;Mayor a 5;74972936;CDMX;Campeche;Campeche;Campeche;2026;Ago;3
MEX;NO;Mayor a 5;74973050;CDMX;Chiapas;Comitán;Comitán Domínguez;2026;Ago;4
MEX;NO;Mayor a 5;74978076;CDMX;Guanajuato;Celaya;Celaya;2026;Ago;3
MEX;NO;Mayor a 5;74979902;CDMX;Veracruz;Veracruz;Veracruz;2026;Ago;3
MEX;NO;Mayor a 5;74979938;CDMX;Nayarit;Tepic;Tepic;2026;Ago;4
MEX;NO;Mayor a 5;74981417;CDMX;Chiapas;Tuxtla Gutiérrez;Tuxtla Gutiérrez;2026;Ago;6
MEX;NO;Mayor a 5;74981450;CDMX;Oaxaca;Cd Ixtepec, Oax;IXTEPEC, OAX.;2026;Ago;7
MEX;NO;Mayor a 5;74983623;CDMX;Michoacán;Riva Palacio;Riva Palacio;2026;Ago;4
MEX;NO;Mayor a 5;74984350;CDMX;Chiapas;Tuxtla Gutiérrez;Tuxtla Gutiérrez;2026;Ago;4
MEX;NO;Mayor a 5;74985007;CDMX;Yucatán;Mérida;Mérida;2026;Ago;7
MEX;NO;Mayor a 5;74986897;CDMX;Chiapas;Tuxtla Gutiérrez;Tuxtla Gutiérrez;2026;Ago;5
MEX;NO;Mayor a 5;74986901;CDMX;Chiapas;San Fernando;San Fernando;2026;Ago;7
MEX;NO;Mayor a 5;74986901;CDMX;Chiapas;Tuxtla Gutiérrez;Tuxtla Gutiérrez;2026;Ago;7
MEX;NO;Mayor a 5;74986909;CDMX;Tabasco;Centro;Centro;2026;Ago;6
MEX;NO;Mayor a 5;74986909;CDMX;Tabasco;Villahermosa;Villahermosa;2026;Ago;6
MEX;NO;Mayor a 5;74986939;CDMX;Veracruz;Tantoyuca;Tantoyuca;2026;Ago;5
MEX;NO;Mayor a 5;74986967;CDMX;Chiapas;Ocotzingo;Ocotzingo;2026;Ago;7
MEX;NO;Mayor a 5;74986967;CDMX;Chiapas;S Crist de las Casas;S.Crist.de las Casas;2026;Ago;7
MEX;NO;Mayor a 5;74989954;CDMX;Veracruz;San Andrés Tuxtla;San Andrés Tuxtla;2026;Ago;6
MEX;NO;Mayor a 5;74989981;CDMX;Oaxaca;Santiago Pinotepa Nacional;Stgo. Pinotepa Nal.;2026;Ago;6
MEX;NO;Mayor a 5;74991442;CDMX;Chiapas;Palenque;Palenque;2026;Ago;6
MEX;NO;Mayor a 5;74991645;CDMX;Tabasco;Comalcalco;Comalcalco;2026;Ago;7
MEX;NO;Mayor a 5;74992140;CDMX;Oaxaca;Juchitán;Juchitan;2026;Ago;7
MEX;NO;Mayor a 5;74992370;CDMX;Chiapas;Palenque;Palenque;2026;Ago;10
MEX;NO;Mayor a 5;74993528;CDMX;Puebla;Atzitzihuacan;;2026;Ago;8
MEX;NO;Mayor a 5;74995473;CDMX;Veracruz;Acayucan;Acayucan;2026;Ago;10
MEX;NO;Mayor a 5;74995473;CDMX;Veracruz;Sayula;Sayula;2026;Ago;10
MEX;NO;Mayor a 5;74995838;CDMX;Veracruz;San Andrés Tuxtla;San Andrés Tuxtla;2026;Ago;12
MEX;NO;Mayor a 5;74998136;CDMX;Chiapas;Tapachula;Tapachula;2026;Ago;7
MEX;NO;Mayor a 5;74998163;CDMX;Hidalgo;Tulancingo;Tulancingo;2026;Ago;7
MEX;NO;Mayor a 5;75000952;CDMX;Chiapas;Comitán;Comitán Domínguez;2026;Ago;10
MEX;NO;Mayor a 5;75000952;CDMX;Chiapas;La Trinitaria;La Trinitaria;2026;Ago;10
MEX;NO;Mayor a 5;75006385;CDMX;Guerrero;Ciudad Altamirano;Cd. Altamirano;2026;Ago;10
MEX;NO;Mayor a 5;75006385;CDMX;Michoacán;Riva Palacio;Riva Palacio;2026;Ago;10
MEX;NO;Mayor a 5;75007088;CDMX;Chiapas;Ocotzingo;Ocotzingo;2026;Ago;10
MEX;NO;Mayor a 5;75013785;CDMX;Puebla;Puebla;Puebla;2026;Ago;10
MEX;NO;Mayor a 5;75013834;CDMX;Veracruz;Emiliano Zapata;EMILIANO ZAPATA, VER;2026;Ago;11
MEX;NO;Mayor a 5;75013834;CDMX;Veracruz;Jalapa;Jalapa;2026;Ago;11
MEX;NO;Mayor a 5;75015721;CDMX;Aguascalientes;Aguascalientes;Aguascalientes;2026;Ago;11
MEX;NO;Mayor a 5;75017319;CDMX;Tabasco;Villahermosa;Villahermosa;2026;Ago;11
MEX;NO;Mayor a 5;75018878;CDMX;Campeche;Champotón;Champoton;2026;Ago;11
MEX;NO;Mayor a 5;75019273;CDMX;;Puebla,S Maria Zacatepec*NU;Sta. Maria Zacatepec;2026;Ago;12
MEX;NO;Mayor a 5;75019273;CDMX;Puebla;Puebla;Puebla;2026;Ago;12
MEX;NO;Mayor a 5;75019308;CDMX;Chiapas;Mapastepec;Mapastepec;2026;Ago;12
MEX;NO;Mayor a 5;75019308;CDMX;Chiapas;Pijijiapan;Pijijiapan;2026;Ago;12
MEX;NO;Mayor a 5;75021111;CDMX;Jalisco;Guadalajara;Guadalajara;2026;Ago;12
MEX;NO;Mayor a 5;75021111;CDMX;Jalisco;Tlajomulco de Zúñiga;Tlajomulco de Zuñiga;2026;Ago;12
MEX;NO;Mayor a 5;75021207;CDMX;Tabasco;Villahermosa;Villahermosa;2026;Ago;12
MEX;NO;Mayor a 5;75021300;CDMX;Puebla;Tepeaca;Tepeaca;2026;Ago;12
MEX;NO;Mayor a 5;75021370;CDMX;Oaxaca;Oaxaca;Oaxaca;2026;Ago;12
MEX;NO;Mayor a 5;75021370;CDMX;Oaxaca;Sta Cruz Xoxocotlan;STA.CRUZ XOXOCOTLAN;2026;Ago;12
MEX;NO;Mayor a 5;75023977;CDMX;Chiapas;Tuxtla Gutiérrez;Tuxtla Gutiérrez;2026;Ago;12
MEX;NO;Mayor a 5;75024116;CDMX;Chiapas;Motozintla;Motozintla;2026;Ago;31
MEX;NO;Mayor a 5;75026022;CDMX;Puebla;Tepeaca;Tepeaca;2026;Ago;13
MEX;NO;Mayor a 5;75027135;CDMX;Puebla;Teziutlán;Teziutlan;2026;Ago;13
MEX;NO;Mayor a 5;75027136;CDMX;Puebla;Teziutlán;Teziutlan;2026;Ago;13
MEX;NO;Mayor a 5;75030660;CDMX;Chiapas;Tila;TILA, CHS;2026;Ago;13
MEX;NO;Mayor a 5;75032447;CDMX;Michoacán;Riva Palacio;Riva Palacio;2026;Ago;14
MEX;NO;Mayor a 5;75032470;CDMX;Michoacán;Riva Palacio;Riva Palacio;2026;Ago;17
MEX;NO;Mayor a 5;75032694;CDMX;Chiapas;S Crist de las Casas;S.Crist.de las Casas;2026;Ago;14
MEX;NO;Mayor a 5;75033580;CDMX;Michoacán;Riva Palacio;Riva Palacio;2026;Ago;21
MEX;NO;Mayor a 5;75034675;CDMX;Hidalgo;Pachuca;Pachuca;2026;Ago;15
MEX;NO;Mayor a 5;75034753;CDMX;Hidalgo;Tulancingo;Tulancingo;2026;Ago;18
MEX;NO;Mayor a 5;75034893;CDMX;Veracruz;Orizaba;HUILOAPAN DE CUAUHT;2026;Ago;17
MEX;NO;Mayor a 5;75034893;CDMX;Veracruz;Orizaba;Orizaba;2026;Ago;17
MEX;NO;Mayor a 5;75036903;CDMX;Chiapas;Palenque;Palenque;2026;Ago;14
MEX;NO;Mayor a 5;75037279;CDMX;Chiapas;Ocotzingo;Ocotzingo;2026;Ago;18
MEX;NO;Mayor a 5;75037898;CDMX;Tabasco;Teapa;Teapa;2026;Ago;24
MEX;NO;Mayor a 5;75038001;CDMX;Guanajuato;Cerano;CERANO, GTO.;2026;Ago;24
MEX;NO;Mayor a 5;75038524;CDMX;Veracruz;Medellín de Bravo;Medellin de Bravo;2026;Ago;15
MEX;NO;Mayor a 5;75038890;CDMX;Jalisco;Tlaquepaque;Sn Pedro Tlaquepaque-JALISCO;2026;Ago;15
MEX;NO;Mayor a 5;75038892;CDMX;Jalisco;Tlaquepaque;Sn Pedro Tlaquepaque-JALISCO;2026;Ago;17
MEX;NO;Mayor a 5;75039933;CDMX;Chiapas;Tapachula;Tapachula;2026;Ago;17
MEX;NO;Mayor a 5;75039933;CDMX;Chiapas;Tonalá;Tonalá;2026;Ago;17
MEX;NO;Mayor a 5;75039941;CDMX;Chiapas;Huixtla;Huixtla;2026;Ago;15
MEX;NO;Mayor a 5;75039941;CDMX;Chiapas;Tapachula;Tapachula;2026;Ago;15
MEX;NO;Mayor a 5;75042648;CDMX;Quintana Roo;Isla Cancun;Isla Cancún;2026;Ago;16
MEX;NO;Mayor a 5;75042648;CDMX;Sonora;Benito Juarez;Benito Juarez;2026;Ago;16
MEX;NO;Mayor a 5;75043174;CDMX;Puebla;Teziutlán;Teziutlan;2026;Ago;17
MEX;NO;Mayor a 5;75043174;CDMX;Veracruz;Jalacingo;Jalacingo;2026;Ago;17
MEX;NO;Mayor a 5;75049374;CDMX;Hidalgo;Acatlán;Acatlan;2026;Ago;18
MEX;NO;Mayor a 5;75049386;CDMX;Veracruz;Acayucan;Acayucan;2026;Sep;7
MEX;NO;Mayor a 5;75049386;CDMX;Veracruz;Cosoleacaque;Cosoleacaque;2026;Sep;7
MEX;NO;Mayor a 5;75053237;CDMX;Chiapas;Tila;TILA, CHS;2026;Ago;18
MEX;NO;Mayor a 5;75053237;CDMX;Chiapas;Yajalón;Yajalon;2026;Ago;18
MEX;NO;Mayor a 5;75053547;CDMX;Veracruz;Tantoyuca;Tantoyuca;2026;Ago;20
MEX;NO;Mayor a 5;75053801;CDMX;Guerrero;Arcelia;Arcelia;2026;Ago;19
MEX;NO;Mayor a 5;75054348;CDMX;Veracruz;Orizaba;HUILOAPAN DE CUAUHT;2026;Ago;21
MEX;NO;Mayor a 5;75054556;CDMX;Puebla;Acajete;Acajete;2026;Ago;20
MEX;NO;Mayor a 5;75054556;CDMX;Puebla;Atlixco;Atlixco;2026;Ago;20
MEX;NO;Mayor a 5;75054685;CDMX;Tabasco;Cárdenas;Cárdenas;2026;Ago;28
MEX;NO;Mayor a 5;75054685;CDMX;Tabasco;Huimanguillo;Huimanguillo;2026;Ago;28
MEX;NO;Mayor a 5;75055257;CDMX;Puebla;Izuca de Matamoros;Izuca de Matamoros;2026;Ago;19
MEX;NO;Mayor a 5;75055920;CDMX;Hidalgo;Acatlán;Acatlan;2026;Ago;19
MEX;NO;Mayor a 5;75056212;CDMX;Guerrero;Acapulco;Acapulco de Juarez;2026;Ago;20
MEX;NO;Mayor a 5;75058557;CDMX;Chiapas;Comitán;Comitán Domínguez;2026;Ago;20
MEX;NO;Mayor a 5;75058638;CDMX;Chiapas;Tapilula;Bochil;2026;Ago;25
MEX;NO;Mayor a 5;75059281;CDMX;Chiapas;Tapachula;Tapachula;2026;Ago;19
MEX;NO;Mayor a 5;75062032;CDMX;Yucatán;Uman;Uman;2026;Ago;20
MEX;NO;Mayor a 5;75062831;CDMX;Chiapas;Comitán;Comitán Domínguez;2026;Ago;28
MEX;NO;Mayor a 5;75064389;CDMX;Veracruz;Emiliano Zapata;EMILIANO ZAPATA, VER;2026;Ago;24
MEX;NO;Mayor a 5;75064389;CDMX;Veracruz;Jalapa;Jalapa;2026;Ago;24
MEX;NO;Mayor a 5;75064416;CDMX;Chiapas;Ocotzingo;Ocotzingo;2026;Ago;21
MEX;NO;Mayor a 5;75064500;CDMX;Tabasco;Teapa;Teapa;2026;Ago;22
MEX;NO;Mayor a 5;75065791;CDMX;Michoacán;Riva Palacio;Riva Palacio;2026;Ago;21
MEX;NO;Mayor a 5;75066300;CDMX;Guerrero;Juan R Escudero;Juan R Escudero;2026;Ago;21
MEX;NO;Mayor a 5;75066683;CDMX;Chiapas;San Fernando;San Fernando;2026;Ago;26
MEX;NO;Mayor a 5;75066692;CDMX;Chiapas;S Crist de las Casas;S.Crist.de las Casas;2026;Ago;21
MEX;NO;Mayor a 5;75066699;CDMX;Chiapas;Comitán;Comitán Domínguez;2026;Ago;24
MEX;NO;Mayor a 5;75067067;CDMX;Chiapas;Ocotzingo;Ocotzingo;2026;Ago;26
MEX;NO;Mayor a 5;75067236;CDMX;Chiapas;Ocotzingo;Ocotzingo;2026;Ago;27
MEX;NO;Mayor a 5;75067288;CDMX;Chiapas;Tuxtla Gutiérrez;Tuxtla Gutiérrez;2026;Ago;21
MEX;NO;Mayor a 5;75067291;CDMX;Chiapas;Tuxtla Gutiérrez;Tuxtla Gutiérrez;2026;Ago;24
MEX;NO;Mayor a 5;75067331;CDMX;Chiapas;Chiapa de Corzo;Chiapa de Corzo;2026;Ago;21
MEX;NO;Mayor a 5;75067331;CDMX;Chiapas;Tuxtla Gutiérrez;Tuxtla Gutiérrez;2026;Ago;21
MEX;NO;Mayor a 5;75068092;CDMX;Chiapas;Chilon;Chilon;2026;Sep;4
MEX;NO;Mayor a 5;75068921;CDMX;Tlaxcala;Sta Ana Chautempan;Sta.Ana Chautempan;2026;Ago;24
MEX;NO;Mayor a 5;75068921;CDMX;Tlaxcala;Tetla;Tetla;2026;Ago;24
MEX;NO;Mayor a 5;75068928;CDMX;Campeche;Campeche;Campeche;2026;Ago;24
MEX;NO;Mayor a 5;75069062;CDMX;Chiapas;Ocotzingo;Ocotzingo;2026;Ago;31
MEX;NO;Mayor a 5;75070085;CDMX;Chiapas;Ocotzingo;Ocotzingo;2026;Ago;25
MEX;NO;Mayor a 5;75070522;CDMX;Tabasco;Comalcalco;Comalcalco;2026;Ago;24
MEX;NO;Mayor a 5;75071180;CDMX;Tabasco;Cunduacan;Cunduacan;2026;Ago;27
MEX;NO;Mayor a 5;75072332;CDMX;Chiapas;Tuxtla Gutiérrez;Tuxtla Gutiérrez;2026;Sep;8
MEX;NO;Mayor a 5;75072453;CDMX;Yucatán;Mérida;Mérida;2026;Ago;24
MEX;NO;Mayor a 5;75072602;CDMX;Veracruz;Orizaba;Orizaba;2026;Ago;24
MEX;NO;Mayor a 5;75072602;CDMX;Veracruz;Río Blanco;Rio Blanco;2026;Ago;24
MEX;NO;Mayor a 5;75083387;CDMX;Hidalgo;Atotonilco de Tula;Atotonilco de Tula;2026;Ago;25
MEX;NO;Mayor a 5;75083398;CDMX;Michoacán;Riva Palacio;Riva Palacio;2026;Ago;25
MEX;NO;Mayor a 5;75085411;CDMX;Chiapas;S Crist de las Casas;S.Crist.de las Casas;2026;Ago;28
MEX;NO;Mayor a 5;75085551;CDMX;Sonora;Benito Juarez;Benito Juarez;2026;Ago;25
MEX;NO;Mayor a 5;75085910;CDMX;Hidalgo;Tulancingo;Tulancingo;2026;Ago;25
MEX;NO;Mayor a 5;75087816;CDMX;Puebla;Puebla;Puebla;2026;Ago;26
MEX;NO;Mayor a 5;75088822;CDMX;Tabasco;Huimanguillo;Huimanguillo;2026;Ago;27
MEX;NO;Mayor a 5;75089572;CDMX;Tabasco;Villahermosa;Villahermosa;2026;Ago;26
MEX;NO;Mayor a 5;75090789;CDMX;Veracruz;Tuxpan;Tuxpan;2026;Ago;27
MEX;NO;Mayor a 5;75091594;CDMX;Veracruz;Coactepec;Coactepec;2026;Ago;27
MEX;NO;Mayor a 5;75091763;CDMX;Chiapas;Comitán;Comitán Domínguez;2026;Ago;27
MEX;NO;Mayor a 5;75092697;CDMX;Oaxaca;Santiago Pinotepa Nacional;Stgo. Pinotepa Nal.;2026;Ago;27
MEX;NO;Mayor a 5;75094577;CDMX;Hidalgo;Atotonilco de Tula;Atotonilco de Tula;2026;Ago;27
MEX;NO;Mayor a 5;75095777;CDMX;Chiapas;Ocotzingo;Ocotzingo;2026;Ago;27
MEX;NO;Mayor a 5;75098103;CDMX;Veracruz;San Andrés Tuxtla;San Andrés Tuxtla;2026;Ago;31
MEX;NO;Mayor a 5;75098207;CDMX;Chiapas;Tapilula;Bochil;2026;Sep;7
MEX;NO;Mayor a 5;75099090;CDMX;Chiapas;Tuxtla Gutiérrez;Tuxtla Gutiérrez;2026;Ago;31
MEX;NO;Mayor a 5;75099452;CDMX;Chiapas;Tapachula;Tapachula;2026;Ago;29
MEX;NO;Mayor a 5;75100386;CDMX;Veracruz;Veracruz;Veracruz;2026;Ago;28
MEX;NO;Mayor a 5;75100679;CDMX;Veracruz;Orizaba;HUILOAPAN DE CUAUHT;2026;Ago;28
MEX;NO;Mayor a 5;75100686;CDMX;Chiapas;Yajalón;Yajalon;2026;Ago;28
MEX;NO;Mayor a 5;75100688;CDMX;Veracruz;Veracruz;Veracruz;2026;Ago;28
MEX;NO;Mayor a 5;75100835;CDMX;Veracruz;Medellín de Bravo;Medellin de Bravo;2026;Ago;28
MEX;NO;Mayor a 5;75100847;CDMX;Veracruz;Medellín de Bravo;Medellin de Bravo;2026;Ago;28
MEX;NO;Mayor a 5;75101201;CDMX;Veracruz;Orizaba;Orizaba;2026;Ago;29
MEX;NO;Mayor a 5;75101222;CDMX;Veracruz;Orizaba;HUILOAPAN DE CUAUHT;2026;Ago;31
MEX;NO;Mayor a 5;75101222;CDMX;Veracruz;Orizaba;Orizaba;2026;Ago;31
MEX;NO;Mayor a 5;75101332;CDMX;Veracruz;Veracruz;Veracruz;2026;Ago;28
MEX;NO;Mayor a 5;75101378;CDMX;Veracruz;Córdoba;Cordoba;2026;Ago;31
MEX;NO;Mayor a 5;75101397;CDMX;Chiapas;Huixtla;Huixtla;2026;Sep;1
MEX;NO;Mayor a 5;75101402;CDMX;Veracruz;Tantoyuca;Tantoyuca;2026;Ago;29
MEX;NO;Mayor a 5;75101782;CDMX;Oaxaca;Sta Cruz Xoxocotlan;STA.CRUZ XOXOCOTLAN;2026;Ago;31
MEX;NO;Mayor a 5;75101804;CDMX;Chiapas;Tuxtla Gutiérrez;Tuxtla Gutiérrez;2026;Ago;28
MEX;NO;Mayor a 5;75102000;CDMX;Oaxaca;Huajuapan de León;Huajuapan de León;2026;Ago;31
MEX;NO;Mayor a 5;75103613;CDMX;Veracruz;Jalapa;Jalapa;2026;Ago;29
MEX;NO;Mayor a 5;75104204;CDMX;Aguascalientes;Aguascalientes;Aguascalientes;2026;Ago;28
MEX;NO;Mayor a 5;75104227;CDMX;Chiapas;Tapachula;Tapachula;2026;Ago;31
MEX;NO;Mayor a 5;75104314;CDMX;Chiapas;Ocotzingo;Ocotzingo;2026;Sep;1
MEX;NO;Mayor a 5;75104357;CDMX;Chiapas;S Crist de las Casas;S.Crist.de las Casas;2026;Ago;31
MEX;NO;Mayor a 5;75104381;CDMX;Tabasco;Teapa;Teapa;2026;Sep;1
MEX;NO;Mayor a 5;75104919;CDMX;Veracruz;Veracruz;Veracruz;2026;Ago;29
MEX;NO;Mayor a 5;75105297;CDMX;Chiapas;Mitontic;Mitontic;2026;Ago;29
MEX;NO;Mayor a 5;75106400;CDMX;Yucatán;Mérida;Mérida;2026;Ago;29
MEX;NO;Mayor a 5;75107298;CDMX;Chiapas;Ocotzingo;Ocotzingo;2026;Sep;1
MEX;NO;Mayor a 5;75107319;CDMX;Tabasco;Cárdenas;Cárdenas;2026;Ago;31
MEX;NO;Mayor a 5;75107319;CDMX;Tabasco;Comalcalco;Comalcalco;2026;Ago;31
MEX;NO;Mayor a 5;75107362;CDMX;Puebla;Chachapa;Chachapa;2026;Ago;31
MEX;NO;Mayor a 5;75107362;CDMX;Puebla;Puebla;Puebla;2026;Ago;31
MEX;NO;Mayor a 5;75107554;CDMX;Chiapas;Tapachula;Tapachula;2026;Ago;31
MEX;NO;Mayor a 5;75107850;CDMX;Chiapas;Tapachula;Tapachula;2026;Ago;31
MEX;NO;Mayor a 5;75107852;CDMX;Chiapas;Tapachula;Tapachula;2026;Ago;31
MEX;NO;Mayor a 5;75107859;CDMX;Oaxaca;Sta Cruz Xoxocotlan;STA.CRUZ XOXOCOTLAN;2026;Ago;31
MEX;NO;Mayor a 5;75110115;CDMX;Aguascalientes;Aguascalientes;Aguascalientes;2026;Ago;31
MEX;NO;Mayor a 5;75110144;CDMX;Veracruz;Medellín de Bravo;Medellin de Bravo;2026;Ago;31
MEX;NO;Mayor a 5;75110144;CDMX;Veracruz;Veracruz;Veracruz;2026;Ago;31
MEX;NO;Mayor a 5;75110430;CDMX;Veracruz;Acayucan;Acayucan;2026;Sep;5
MEX;NO;Mayor a 5;75110430;CDMX;Veracruz;Coatzacoalcos;Coatzacoalcos;2026;Sep;5
MEX;NO;Mayor a 5;75110783;CDMX;Tabasco;Centro;Centro;2026;Sep;2
MEX;NO;Mayor a 5;75110969;CDMX;Chiapas;S Crist de las Casas;S.Crist.de las Casas;2026;Sep;1
MEX;NO;Mayor a 5;75110969;CDMX;Chiapas;Tuxtla Gutiérrez;Tuxtla Gutiérrez;2026;Sep;1
MEX;NO;Mayor a 5;75117525;CDMX; ;Alamo Temapache*NU,Tantoyuca;Temapache;2026;Sep;1
MEX;NO;Mayor a 5;75117525;CDMX;Veracruz;Tantoyuca;Tantoyuca;2026;Sep;1
MEX;NO;Mayor a 5;75119059;CDMX;Chiapas;Ocotzingo;Ocotzingo;2026;Sep;2
MEX;NO;Mayor a 5;75119243;CDMX;Puebla;Puebla;Puebla;2026;Sep;1
MEX;NO;Mayor a 5;75119332;CDMX;Chiapas;Tapachula;Tapachula;2026;Sep;2
MEX;NO;Mayor a 5;75119350;CDMX;Puebla;Puebla;Puebla;2026;Sep;1
MEX;NO;Mayor a 5;75119375;CDMX;Oaxaca;Ocotlán;Ocotlan;2026;Sep;1
MEX;NO;Mayor a 5;75121829;CDMX;Chiapas;Tuxtla Gutiérrez;Tuxtla Gutiérrez;2026;Sep;1
MEX;NO;Mayor a 5;75131939;CDMX;Chiapas;Chilon;Chilon;2026;Sep;4
MEX;NO;Mayor a 5;75132242;CDMX;Chiapas;Tuxtla Gutiérrez;Tuxtla Gutiérrez;2026;Sep;4
MEX;NO;Mayor a 5;75132255;CDMX;Chiapas;Comitán;Comitán Domínguez;2026;Sep;8
MEX;NO;Mayor a 5;75132255;CDMX;Chiapas;Margaritas;Margaritas;2026;Sep;8
MEX;NO;Mayor a 5;75133130;CDMX;Tabasco;Comalcalco;Comalcalco;2026;Sep;4
MEX;NO;Mayor a 5;75134205;CDMX;Guerrero;Arcelia;Arcelia;2026;Sep;4
MEX;NO;Mayor a 5;75134546;CDMX;Chiapas;Tapachula;Tapachula;2026;Sep;4
MEX;NO;Mayor a 5;75135691;CDMX;Hidalgo;Tulancingo;Tulancingo;2026;Sep;4
MEX;NO;Mayor a 5;75137397;CDMX;Puebla;Tehuacan;Tehuacan;2026;Sep;5
MEX;NO;Mayor a 5;75137463;CDMX;Guerrero;Acapulco;Acapulco de Juarez;2026;Sep;5
MEX;NO;Mayor a 5;75138261;CDMX;Tabasco;Centro;Centro;2026;Sep;5
MEX;NO;Mayor a 5;75150700;CDMX;Puebla;Puebla;Puebla;2026;Sep;8
MEX;NO;Mayor a 5;75152383;CDMX;Tabasco;Centro;Centro;2026;Sep;8
MEX;NO;Mayor a 5;75152383;CDMX;Tabasco;Huimanguillo;Huimanguillo;2026;Sep;8
MEX;SI;1;74051659;CDMX;Hidalgo;Atotonilco de Tula;Atotonilco de Tula;2026;Feb;11
MEX;SI;1;74157571;CDMX;Hidalgo;Atotonilco de Tula;Atotonilco de Tula;2026;Feb;27
MEX;SI;1;74407145;CDMX;Puebla;Puebla;Puebla;2026;Abr;15
MEX;SI;1;74407145;CDMX;Tlaxcala;Zacatelco;Zacatelco;2026;Abr;15
MEX;SI;1;74513389;CDMX;Oaxaca;Sta Cruz Xoxocotlan;STA.CRUZ XOXOCOTLAN;2026;May;5
MEX;SI;1;74513389;CDMX;Oaxaca;Tlalixtac de Cabrera;;2026;May;5
MEX;SI;1;74520795;CDMX;Chiapas;Tuxtla Gutiérrez;Tuxtla Gutiérrez;2026;May;7
MEX;SI;1;74521133;CDMX;Veracruz;Veracruz;Veracruz;2026;May;5
MEX;SI;1;74555047;CDMX;Veracruz;Veracruz;Veracruz;2026;May;12
MEX;SI;1;74555059;CDMX;Veracruz;Veracruz;Veracruz;2026;May;13
MEX;SI;1;74602872;CDMX;Puebla;Puebla;Puebla;2026;May;21
MEX;SI;1;74707514;CDMX;CDMX+EDOMEX;Metepec;Metepec;2026;Jun;9
MEX;SI;1;74707514;CDMX;Hidalgo;Tulancingo;Tulancingo;2026;Jun;9
MEX;SI;1;74743630;CDMX;Veracruz;Veracruz;Veracruz;2026;Jun;15
MEX;SI;1;74750083;CDMX;Oaxaca;Sta Cruz Xoxocotlan;STA.CRUZ XOXOCOTLAN;2026;Jun;16
MEX;SI;1;74750083;CDMX;Oaxaca;Zaachila;Zaachila;2026;Jun;16
MEX;SI;1;74752147;CDMX;Tabasco;Cunduacan;Cunduacan;2026;Jun;17
MEX;SI;1;74781587;CDMX;Puebla;Izuca de Matamoros;Izuca de Matamoros;2026;Jun;23
MEX;SI;1;74786382;CDMX;Oaxaca;Sta Cruz Xoxocotlan;STA.CRUZ XOXOCOTLAN;2026;Jun;23
MEX;SI;1;74808108;CDMX;Tabasco;Villahermosa;Villahermosa;2026;Jun;27
MEX;SI;1;74818119;CDMX;Chiapas;Ocotzingo;Ocotzingo;2026;Jun;29
MEX;SI;1;74824595;CDMX;Guerrero;Juan R Escudero;Juan R Escudero;2026;Jun;30
MEX;SI;1;74833289;CDMX;Chiapas;Tuxtla Gutiérrez;Tuxtla Gutiérrez;2026;Jul;7
MEX;SI;1;74861104;CDMX;Veracruz;Veracruz;Veracruz;2026;Jul;7
MEX;SI;1;74861110;CDMX;Veracruz;Veracruz;Veracruz;2026;Jul;7
MEX;SI;1;74861158;CDMX;Veracruz;Veracruz;Veracruz;2026;Jul;7
MEX;SI;1;74897240;CDMX;Tabasco;Villahermosa;Villahermosa;2026;Jul;14
MEX;SI;1;74970110;CDMX;Veracruz;Veracruz;Veracruz;2026;Jul;31
MEX;SI;2;74520786;CDMX;Jalisco;Guadalajara;Guadalajara;2026;May;5
MEX;SI;2;74721206;CDMX;Oaxaca;Huajuapan de León;Huajuapan de León;2026;Jun;11
MEX;SI;2;74798655;CDMX;;Sta Maria Coyotepec,Villa de Zaachila;;2026;Jun;27
MEX;SI;2;74798655;CDMX;Oaxaca;Zaachila;Zaachila;2026;Jun;27
MEX;SI;2;74861147;CDMX;Veracruz;Veracruz;Veracruz;2026;Jul;7
MEX;SI;2;74897817;CDMX;Veracruz;Veracruz;Veracruz;2026;Jul;15
MEX;SI;2;74970089;CDMX;Tabasco;Villahermosa;Villahermosa;2026;Jul;31
MEX;SI;3;74790167;CDMX;Guerrero;Ciudad Altamirano;Cd. Altamirano;2026;Jun;24
MEX;SI;3;74832290;CDMX;Chiapas;Mapastepec;Mapastepec;2026;Jul;2
MEX;SI;3;74832290;CDMX;Chiapas;Tapachula;Tapachula;2026;Jul;2
MEX;SI;3;74897254;CDMX;Tabasco;Villahermosa;Villahermosa;2026;Jul;15
MEX;SI;3;75107913;CDMX;Guerrero;Tlapa;Tlapa;2026;Ago;29
MEX;SI;4;74572659;CDMX;Veracruz;Veracruz;Veracruz;2026;May;16
MEX;SI;4;74819309;CDMX;Veracruz;Orizaba;HUILOAPAN DE CUAUHT;2026;Jun;30
MEX;SI;Asignación Manual;74676887;CDMX;Oaxaca;Asunción;ASUNCION N., OAX.;2026;Jun;3
MEX;SI;Mayor a 5;74048865;CDMX;Hidalgo;Atotonilco de Tula;Atotonilco de Tula;2026;Feb;13
MEX;SI;Mayor a 5;74110080;CDMX;Hidalgo;Atotonilco de Tula;Atotonilco de Tula;2026;Feb;23
MEX;SI;Mayor a 5;74114450;CDMX;Hidalgo;Atotonilco de Tula;Atotonilco de Tula;2026;Feb;23
MEX;SI;Mayor a 5;74132948;CDMX;Hidalgo;Atotonilco de Tula;Atotonilco de Tula;2026;Feb;26
MEX;SI;Mayor a 5;74132958;CDMX;Hidalgo;Atotonilco de Tula;Atotonilco de Tula;2026;Feb;27
MEX;SI;Mayor a 5;74132958;CDMX;Hidalgo;Villa de Tezontepec;Villa de Tezontepec;2026;Feb;27
MEX;SI;Mayor a 5;74158033;CDMX;Hidalgo;Atotonilco de Tula;Atotonilco de Tula;2026;Mar;5
MEX;SI;Mayor a 5;74192835;CDMX;Hidalgo;Atotonilco de Tula;Atotonilco de Tula;2026;Mar;9
MEX;SI;Mayor a 5;74197143;CDMX;Hidalgo;Atotonilco de Tula;Atotonilco de Tula;2026;Mar;10
MEX;SI;Mayor a 5;74270452;CDMX;Hidalgo;Atotonilco de Tula;Atotonilco de Tula;2026;Mar;24
MEX;SI;Mayor a 5;74332534;CDMX;Hidalgo;Atotonilco de Tula;Atotonilco de Tula;2026;Abr;2
MEX;SI;Mayor a 5;74403753;CDMX;CDMX+EDOMEX;Metepec;Metepec;2026;Abr;14
MEX;SI;Mayor a 5;74413659;CDMX;Guerrero;Juan R Escudero;Juan R Escudero;2026;Abr;22
MEX;SI;Mayor a 5;74447022;CDMX;Guerrero;Acapulco;Acapulco de Juarez;2026;Abr;24
MEX;SI;Mayor a 5;74450846;CDMX;Tabasco;Villahermosa;Villahermosa;2026;Abr;23
MEX;SI;Mayor a 5;74471671;CDMX;Guerrero;Benito Juarez;Benito Juarez;2026;May;5
MEX;SI;Mayor a 5;74471671;CDMX;Guerrero;Juan R Escudero;Juan R Escudero;2026;May;5
MEX;SI;Mayor a 5;74498763;CDMX;Guerrero;Acapulco;Acapulco de Juarez;2026;May;7
MEX;SI;Mayor a 5;74512037;CDMX;Chiapas;Tuxtla Gutiérrez;Tuxtla Gutiérrez;2026;May;6
MEX;SI;Mayor a 5;74521187;CDMX;Tabasco;Villahermosa;Villahermosa;2026;May;7
MEX;SI;Mayor a 5;74529299;CDMX;Guerrero;Acapulco;Acapulco de Juarez;2026;May;8
MEX;SI;Mayor a 5;74534106;CDMX;Yucatán;Mérida;Mérida;2026;May;13
MEX;SI;Mayor a 5;74535480;CDMX;Hidalgo;Tulancingo;Tulancingo;2026;May;9
MEX;SI;Mayor a 5;74535683;CDMX;Veracruz;Poza Rica;Poza Rica;2026;May;9
MEX;SI;Mayor a 5;74548281;CDMX;Veracruz;Medellín de Bravo;Medellin de Bravo;2026;May;11
MEX;SI;Mayor a 5;74548281;CDMX;Veracruz;Veracruz;Veracruz;2026;May;11
MEX;SI;Mayor a 5;74580126;CDMX;Guerrero;Acapulco;Acapulco de Juarez;2026;May;18
MEX;SI;Mayor a 5;74592556;CDMX;Michoacán;Riva Palacio;Riva Palacio;2026;May;25
MEX;SI;Mayor a 5;74593409;CDMX;Veracruz;Poza Rica;Poza Rica;2026;May;20
MEX;SI;Mayor a 5;74594139;CDMX;Guerrero;Benito Juarez;Benito Juarez;2026;May;25
MEX;SI;Mayor a 5;74600935;CDMX;Puebla;Atlixco;Atlixco;2026;May;21
MEX;SI;Mayor a 5;74603973;CDMX;Puebla;Puebla;Puebla;2026;May;22
MEX;SI;Mayor a 5;74627371;CDMX;Guerrero;Arcelia;Arcelia;2026;May;25
MEX;SI;Mayor a 5;74654753;CDMX;Guerrero;Arcelia;Arcelia;2026;Jun;5
MEX;SI;Mayor a 5;74654753;CDMX;Guerrero;Ciudad Altamirano;Cd. Altamirano;2026;Jun;5
MEX;SI;Mayor a 5;74714331;CDMX;Puebla;Atzitzihuacan;;2026;Jun;11
MEX;SI;Mayor a 5;74714331;CDMX;Puebla;Puebla;Puebla;2026;Jun;11
MEX;SI;Mayor a 5;74729797;CDMX;Tabasco;Comalcalco;Comalcalco;2026;Jun;22
MEX;SI;Mayor a 5;74744124;CDMX;Chiapas;Tapilula;Bochil;2026;Jun;24
MEX;SI;Mayor a 5;74754387;CDMX;Tabasco;Comalcalco;Comalcalco;2026;Jun;18
MEX;SI;Mayor a 5;74759957;CDMX;Chiapas;Tuxtla Gutiérrez;Tuxtla Gutiérrez;2026;Jun;22
MEX;SI;Mayor a 5;74789191;CDMX;Michoacán;Riva Palacio;Riva Palacio;2026;Jun;24
MEX;SI;Mayor a 5;74789433;CDMX;Chiapas;San Fernando;San Fernando;2026;Jun;24
MEX;SI;Mayor a 5;74789433;CDMX;Chiapas;Tuxtla Gutiérrez;Tuxtla Gutiérrez;2026;Jun;24
MEX;SI;Mayor a 5;74791582;CDMX;Chiapas;S Crist de las Casas;S.Crist.de las Casas;2026;Jun;25
MEX;SI;Mayor a 5;74793185;CDMX;;San Sebastian Tutla,Sta Cruz Xoxocotlan;San Sebastian Tutla;2026;Jun;25
MEX;SI;Mayor a 5;74793185;CDMX;Oaxaca;Sta Cruz Xoxocotlan;STA.CRUZ XOXOCOTLAN;2026;Jun;25
MEX;SI;Mayor a 5;74794374;CDMX;Chiapas;Tuxtla Gutiérrez;Tuxtla Gutiérrez;2026;Jun;26
MEX;SI;Mayor a 5;74795597;CDMX;Chiapas;San Fernando;San Fernando;2026;Jun;25
MEX;SI;Mayor a 5;74820791;CDMX;Chiapas;Ocotzingo;Ocotzingo;2026;Jun;30
MEX;SI;Mayor a 5;74860377;CDMX;Chiapas;Tuxtla Gutiérrez;Tuxtla Gutiérrez;2026;Jul;9
MEX;SI;Mayor a 5;74861157;CDMX;Veracruz;Veracruz;Veracruz;2026;Jul;8
MEX;SI;Mayor a 5;74861530;CDMX;Tabasco;Villahermosa;Villahermosa;2026;Jul;10
MEX;SI;Mayor a 5;74862480;CDMX;Yucatán;Mérida;Mérida;2026;Jul;8
MEX;SI;Mayor a 5;74863938;CDMX;Guerrero;Benito Juarez;Benito Juarez;2026;Jul;8
MEX;SI;Mayor a 5;74863941;CDMX;Guerrero;Benito Juarez;Benito Juarez;2026;Jul;10
MEX;SI;Mayor a 5;74872853;CDMX;Veracruz;Veracruz;Veracruz;2026;Jul;10
MEX;SI;Mayor a 5;74877806;CDMX;Oaxaca;Matías Romero;Matias Romero;2026;Jul;15
MEX;SI;Mayor a 5;74897286;CDMX;Tabasco;Villahermosa;Villahermosa;2026;Jul;15
MEX;SI;Mayor a 5;74944515;CDMX;Tabasco;Villahermosa;Villahermosa;2026;Jul;28
MEX;SI;Mayor a 5;74970103;CDMX;Tabasco;Villahermosa;Villahermosa;2026;Ago;1
MEX;SI;Mayor a 5;74981928;CDMX;Tabasco;Emiliano Zapata;Emiliano Zapata;2026;Ago;8
MEX;SI;Mayor a 5;74981928;CDMX;Tabasco;Villahermosa;Villahermosa;2026;Ago;8
MEX;SI;Mayor a 5;75095992;CDMX;Guerrero;Arcelia;Arcelia;2026;Ago;31
MEX;SI;Mayor a 5;75095992;CDMX;Michoacán;Riva Palacio;Riva Palacio;2026;Ago;31
NRT;NO;1;73845425;NL;Jalisco;Tlajomulco de Zúñiga;Tlajomulco de Zuñiga;2026;Ene;9
NRT;NO;1;73859435;NL;Nuevo León;Allende;Allende;2026;Ene;14
NRT;NO;1;73936769;NL;Jalisco;Guadalajara;Guadalajara;2026;Ene;22
NRT;NO;1;73939417;NL;CDMX+EDOMEX;Tultitlán;Tultitlan;2026;Ene;27
NRT;NO;1;73950517;NL;Querétaro;Querétaro;Queretaro;2026;Ene;23
NRT;NO;1;73971586;NL;Veracruz;Orizaba;HUILOAPAN DE CUAUHT;2026;Ene;28
NRT;NO;1;73979564;NL;Tamaulipas;Tampico;Tampico;2026;Ene;30
NRT;NO;1;74008101;NL;Coahuila;Torreón;Torreón;2026;Feb;3
NRT;NO;1;74009373;NL;Yucatán;Mérida;Mérida;2026;Feb;4
NRT;NO;1;74009375;NL;Yucatán;Mérida;Mérida;2026;Feb;4
NRT;NO;1;74009377;NL;Yucatán;Mérida;Mérida;2026;Feb;4
NRT;NO;1;74009378;NL;Yucatán;Mérida;Mérida;2026;Feb;4
NRT;NO;1;74016688;NL;CDMX+EDOMEX;Iztapalapa;Iztapalapa;2026;Feb;6
NRT;NO;1;74054354;NL;Querétaro;Querétaro;Queretaro;2026;Feb;10
NRT;NO;1;74054618;NL;Querétaro;Querétaro;Queretaro;2026;Feb;11
NRT;NO;1;74059699;NL;Jalisco;Tlajomulco de Zúñiga;Tlajomulco de Zuñiga;2026;Feb;11
NRT;NO;1;74106306;NL;Jalisco;Tlajomulco de Zúñiga;Tlajomulco de Zuñiga;2026;Feb;19
NRT;NO;1;74109798;NL;Tabasco;Teapa;Teapa;2026;Feb;23
NRT;NO;1;74146214;NL;Nuevo León;Allende;Allende;2026;Mar;6
NRT;NO;1;74173884;NL;Jalisco;Guadalajara;Guadalajara;2026;Mar;2
NRT;NO;1;74191332;NL;Guanajuato;León;León;2026;Mar;6
NRT;NO;1;74201366;NL;Guanajuato;León;León;2026;Mar;7
NRT;NO;1;74201367;NL;Guanajuato;León;León;2026;Mar;7
NRT;NO;1;74215826;NL;Tamaulipas;Altamira;Altamira;2026;Mar;10
NRT;NO;1;74217241;NL;CDMX+EDOMEX;CDMX+EDOMEX;Z.P Atzcapotzalco;2026;Mar;11
NRT;NO;1;74217241;NL;CDMX+EDOMEX;Nextlalpan;;2026;Mar;11
NRT;NO;1;74218462;NL;CDMX+EDOMEX;Nextlalpan;;2026;Mar;11
NRT;NO;1;74227285;NL;Coahuila;Torreón;Torreón;2026;Mar;12
NRT;NO;1;74231337;NL;Coahuila;Torreón;Torreón;2026;Mar;14
NRT;NO;1;74231339;NL;San Luis Potosí;San Luis Potosí;San Luis Potosí;2026;Mar;13
NRT;NO;1;74234324;NL;Tamaulipas;Altamira;Altamira;2026;Mar;18
NRT;NO;1;74234330;NL;Querétaro;San Juan del Río;San Juan del Rio;2026;Mar;14
NRT;NO;1;74268349;NL;Querétaro;San Juan del Río;San Juan del Rio;2026;Mar;20
NRT;NO;1;74298130;NL;Coahuila;Torreón;Torreón;2026;Mar;27
NRT;NO;1;74320456;NL;San Luis Potosí;San Luis Potosí;San Luis Potosí;2026;Mar;30
NRT;NO;1;74346220;NL;Coahuila;Torreón;Torreón;2026;Abr;7
NRT;NO;1;74383407;NL;Jalisco;Tlajomulco de Zúñiga;Tlajomulco de Zuñiga;2026;Abr;10
NRT;NO;1;74440516;NL;Coahuila;Torreón;Torreón;2026;Abr;21
NRT;NO;1;74460047;NL;Coahuila;Torreón;Torreón;2026;Abr;25
NRT;NO;1;74483895;NL;San Luis Potosí;San Luis Potosí;San Luis Potosí;2026;May;7
NRT;NO;1;74483908;NL;Coahuila;Torreón;Torreón;2026;May;5
NRT;NO;1;74535717;NL;Durango;Gómez Palacios;Gómez Palacios;2026;May;11
NRT;NO;1;74609491;NL;Coahuila;Monclova;Monclova;2026;May;20
NRT;NO;1;74665616;NL;Coahuila;Torreón;Torreón;2026;Jun;4
NRT;NO;1;74665616;NL;Durango;Gómez Palacios;Gómez Palacios;2026;Jun;4
NRT;NO;1;74743980;NL;Coahuila;Piedras Negras;Piedras Negras;2026;Jun;15
NRT;NO;1;74771125;NL;Durango;Nueva Ideal;Nueva Ideal;2026;Jun;22
NRT;NO;1;74876637;NL;Jalisco;Tlaquepaque;Sn Pedro Tlaquepaque-JALISCO;2026;Jul;10
NRT;NO;1;74889305;NL;Baja California Norte;Tijuana;Tijuana;2026;Jul;15
NRT;NO;1;74896221;NL;Zacatecas;Guadalupe;Guadalupe;2026;Jul;17
NRT;NO;1;74896221;NL;Zacatecas;Zacatecas;Zacatecas;2026;Jul;17
NRT;NO;1;74899790;NL;Tamaulipas;Altamira;Altamira;2026;Jul;17
NRT;NO;1;75053994;NL;Durango;Gómez Palacios;Gómez Palacios;2026;Ago;31
NRT;NO;1;75053994;NL;Durango;Nueva Ideal;Nueva Ideal;2026;Ago;31
NRT;NO;1;75059321;NL;Oaxaca;San Juan B Tuxtepec;;2026;Ago;21
NRT;NO;1;75059485;NL;Nayarit;Tepic;Tepic;2026;Ago;22
NRT;NO;1;75069436;NL;Oaxaca;Loma Bonita;Loma Bonita;2026;Ago;27
NRT;NO;2;73899037;NL;Chihuahua;Chihuahua;Chihuahua;2026;Ene;16
NRT;NO;2;73968976;NL;Zacatecas;Miguel Auza;MIGUEL AUZA, ZAC.;2026;Ene;27
NRT;NO;2;73984943;NL;Sinaloa;Culiacán;Culiacán;2026;Feb;4
NRT;NO;2;73991667;NL;Tamaulipas;Altamira;Altamira;2026;Feb;3
NRT;NO;2;74059458;NL;San Luis Potosí;San Luis Potosí;San Luis Potosí;2026;Feb;11
NRT;NO;2;74185111;NL;Coahuila;Torreón;Torreón;2026;Mar;5
NRT;NO;2;74250780;NL;San Luis Potosí;San Luis Potosí;San Luis Potosí;2026;Mar;18
NRT;NO;2;74250780;NL;San Luis Potosí;Soledad de Graciano Sánchez;Soledad de G.Sanchez;2026;Mar;18
NRT;NO;2;74257442;NL;Veracruz;Córdoba;Cordoba;2026;Mar;20
NRT;NO;2;74261834;NL;CDMX+EDOMEX;Toluca;Toluca;2026;Mar;19
NRT;NO;2;74261834;NL;Querétaro;Querétaro;Queretaro;2026;Mar;19
NRT;NO;2;74267121;NL;Coahuila;Torreón;Torreón;2026;Mar;21
NRT;NO;2;74267121;NL;Durango;Gómez Palacios;Gómez Palacios;2026;Mar;21
NRT;NO;2;74272554;NL;Tamaulipas;Altamira;Altamira;2026;Mar;23
NRT;NO;2;74272554;NL;Tamaulipas;Tampico;Tampico;2026;Mar;23
NRT;NO;2;74298118;NL;Durango;Nueva Ideal;Nueva Ideal;2026;Mar;26
NRT;NO;2;74313187;NL;Guanajuato;León;León;2026;Mar;30
NRT;NO;2;74322322;NL;;Acuamanala;;2026;Abr;9
NRT;NO;2;74375990;NL;Jalisco;Tlajomulco de Zúñiga;Tlajomulco de Zuñiga;2026;Abr;8
NRT;NO;2;74404251;NL;Oaxaca;San Juan B Tuxtepec;;2026;Abr;17
NRT;NO;2;74442997;NL;San Luis Potosí;San Luis Potosí;San Luis Potosí;2026;Abr;22
NRT;NO;2;74509717;NL;Zacatecas;Miguel Auza;MIGUEL AUZA, ZAC.;2026;May;4
NRT;NO;2;74515957;NL;San Luis Potosí;San Luis Potosí;San Luis Potosí;2026;May;5
NRT;NO;2;74549754;NL;Coahuila;Ciudad Acuña;Ciudad Acuña;2026;May;13
NRT;NO;2;74549754;NL;Coahuila;Sabinas;Sabinas;2026;May;13
NRT;NO;2;74574961;NL;Tamaulipas;Reynosa;Reynosa;2026;May;16
NRT;NO;2;74730499;NL;Coahuila;Piedras Negras;Piedras Negras;2026;Jun;16
NRT;NO;2;74730514;NL;Coahuila;Piedras Negras;Piedras Negras;2026;Jun;16
NRT;NO;2;74763975;NL;Coahuila;Torreón;Torreón;2026;Jun;19
NRT;NO;2;74763977;NL;Coahuila;Torreón;Torreón;2026;Jun;20
NRT;NO;2;74875928;NL;Guanajuato;León;León;2026;Jul;10
NRT;NO;3;73828293;NL;Jalisco;Tlajomulco de Zúñiga;Tlajomulco de Zuñiga;2026;Ene;6
NRT;NO;3;73836894;NL;Baja California Norte;Tijuana;Tijuana;2026;Ene;8
NRT;NO;3;73947958;NL;San Luis Potosí;San Luis Potosí;San Luis Potosí;2026;Ene;23
NRT;NO;3;74094663;NL;Sinaloa;Culiacán;Culiacán;2026;Feb;17
NRT;NO;3;74135061;NL;Coahuila;Saltillo;Saltillo;2026;Feb;24
NRT;NO;3;74135061;NL;Durango;Gómez Palacios;Gómez Palacios;2026;Feb;24
NRT;NO;3;74219342;NL;CDMX+EDOMEX;Nextlalpan;;2026;Mar;12
NRT;NO;3;74381505;NL;Coahuila;Torreón;Torreón;2026;Abr;10
NRT;NO;3;74516854;NL;Tamaulipas;Altamira;Altamira;2026;May;6
NRT;NO;3;74573849;NL;Tamaulipas;Reynosa;Reynosa;2026;May;16
NRT;NO;3;74653146;NL;Tamaulipas;Ciudad Victoria;Ciudad Victoria;2026;May;30
NRT;NO;3;74743981;NL;Coahuila;Piedras Negras;Piedras Negras;2026;Jun;15
NRT;NO;3;74803921;NL;Veracruz;Orizaba;HUILOAPAN DE CUAUHT;2026;Jun;30
NRT;NO;4;73873964;NL;Jalisco;Tlaquepaque;Sn Pedro Tlaquepaque-JALISCO;2026;Ene;13
NRT;NO;4;74055498;NL;Chihuahua;Chihuahua;Chihuahua;2026;Feb;11
NRT;NO;4;74159696;NL;Veracruz;Orizaba;HUILOAPAN DE CUAUHT;2026;Feb;28
NRT;NO;4;74182732;NL;Coahuila;Saltillo;Saltillo;2026;Mar;4
NRT;NO;4;74250940;NL;Durango;Gómez Palacios;Gómez Palacios;2026;Mar;19
NRT;NO;4;74258822;NL;Nuevo León;Allende;Allende;2026;Mar;19
NRT;NO;4;74346151;NL;Nuevo León;Allende;Allende;2026;Abr;13
NRT;NO;4;74415157;NL;Coahuila;Torreón;Torreón;2026;Abr;17
NRT;NO;4;74467269;NL;Coahuila;Monclova;Monclova;2026;Abr;28
NRT;NO;4;74476865;NL;Coahuila;Torreón;Torreón;2026;Abr;28
NRT;NO;4;74655937;NL;Tamaulipas;Tampico;Tampico;2026;Jun;6
NRT;NO;4;74899798;NL;Nuevo León;Allende;Allende;2026;Jul;17
NRT;NO;Asignación Manual;73822654;NL;Nuevo León;Allende;Allende;2026;Ene;5
NRT;NO;Asignación Manual;73822676;NL;Tamaulipas;Reynosa;Reynosa;2026;Ene;5
NRT;NO;Asignación Manual;73849972;NL;San Luis Potosí;San Luis Potosí;San Luis Potosí;2026;Ene;9
NRT;NO;Asignación Manual;73889775;NL;San Luis Potosí;San Luis Potosí;San Luis Potosí;2026;Ene;14
NRT;NO;Asignación Manual;73932967;NL;Tamaulipas;Altamira;Altamira;2026;Ene;20
NRT;NO;Asignación Manual;73932967;NL;Tamaulipas;Ciudad Victoria;Ciudad Victoria;2026;Ene;20
NRT;NO;Asignación Manual;73949609;NL;Nuevo León;Allende;Allende;2026;Ene;29
NRT;NO;Asignación Manual;73964368;NL;Coahuila;Torreón;Torreón;2026;Ene;26
NRT;NO;Asignación Manual;73965380;NL;Coahuila;Monclova;Monclova;2026;Ene;26
NRT;NO;Asignación Manual;73980473;NL;Coahuila;Piedras Negras;Piedras Negras;2026;Ene;29
NRT;NO;Asignación Manual;74015638;NL;Durango;Durango;Durango;2026;Feb;4
NRT;NO;Asignación Manual;74015638;NL;Durango;Gómez Palacios;Gómez Palacios;2026;Feb;4
NRT;NO;Asignación Manual;74022151;NL;Zacatecas;Fresnillo;Fresnillo;2026;Feb;12
NRT;NO;Asignación Manual;74022151;NL;Zacatecas;Miguel Auza;MIGUEL AUZA, ZAC.;2026;Feb;12
NRT;NO;Asignación Manual;74054360;NL;Querétaro;Querétaro;Queretaro;2026;Feb;10
NRT;NO;Asignación Manual;74054360;NL;Querétaro;San Juan del Río;San Juan del Rio;2026;Feb;10
NRT;NO;Asignación Manual;74056421;NL;Coahuila;Saltillo;Saltillo;2026;Feb;10
NRT;NO;Asignación Manual;74062591;NL;Coahuila;Sabinas;Sabinas;2026;Feb;12
NRT;NO;Asignación Manual;74132665;NL;Tamaulipas;Matamoros;Matamoros;2026;Feb;23
NRT;NO;Asignación Manual;74132665;NL;Tamaulipas;Río Bravo;Rio Bravo;2026;Feb;23
NRT;NO;Asignación Manual;74132669;NL;San Luis Potosí;San Luis Potosí;San Luis Potosí;2026;Feb;23
NRT;NO;Asignación Manual;74153142;NL;Coahuila;Piedras Negras;Piedras Negras;2026;Feb;27
NRT;NO;Asignación Manual;74174728;NL;Coahuila;Saltillo;Saltillo;2026;Mar;6
NRT;NO;Asignación Manual;74186182;NL;Zacatecas;Fresnillo;Fresnillo;2026;Mar;11
NRT;NO;Asignación Manual;74186182;NL;Zacatecas;Miguel Auza;MIGUEL AUZA, ZAC.;2026;Mar;11
NRT;NO;Asignación Manual;74261871;NL;Tamaulipas;Altamira;Altamira;2026;Mar;21
NRT;NO;Asignación Manual;74268371;NL;San Luis Potosí;Matehuala;Matehuala;2026;Mar;26
NRT;NO;Asignación Manual;74268371;NL;San Luis Potosí;Río Verde;Rio Verde;2026;Mar;26
NRT;NO;Asignación Manual;74291097;NL;San Luis Potosí;San Luis Potosí;San Luis Potosí;2026;Mar;26
NRT;NO;Asignación Manual;74298893;NL;Tamaulipas;Reynosa;Reynosa;2026;Abr;1
NRT;NO;Asignación Manual;74298893;NL;Tamaulipas;Río Bravo;Rio Bravo;2026;Abr;1
NRT;NO;Asignación Manual;74306951;NL;Tamaulipas;Altamira;Altamira;2026;Abr;1
NRT;NO;Asignación Manual;74324185;NL;Guanajuato;León;León;2026;Mar;30
NRT;NO;Asignación Manual;74346174;NL;Tamaulipas;Tampico;Tampico;2026;Abr;7
NRT;NO;Asignación Manual;74365448;NL;Tamaulipas;Tampico;Tampico;2026;Abr;7
NRT;NO;Asignación Manual;74369184;NL;Chihuahua;Chihuahua;Chihuahua;2026;Abr;7
NRT;NO;Asignación Manual;74376082;NL;Tamaulipas;Matamoros;Matamoros;2026;Abr;14
NRT;NO;Asignación Manual;74413450;NL;Coahuila;Monclova;Monclova;2026;Abr;17
NRT;NO;Asignación Manual;74417869;NL;Guanajuato;León;León;2026;Abr;17
NRT;NO;Asignación Manual;74422858;NL;;Sgo Sochiapan;;2026;Abr;17
NRT;NO;Asignación Manual;74430192;NL;Coahuila;Torreón;Torreón;2026;Abr;18
NRT;NO;Asignación Manual;74439183;NL;Tamaulipas;Altamira;Altamira;2026;Abr;21
NRT;NO;Asignación Manual;74439222;NL;San Luis Potosí;Soledad de Graciano Sánchez;Soledad de G.Sanchez;2026;Abr;24
NRT;NO;Asignación Manual;74443778;NL;Tamaulipas;Matamoros;Matamoros;2026;Abr;24
NRT;NO;Asignación Manual;74443786;NL;Tamaulipas;San Fernando;San Fernando;2026;May;5
NRT;NO;Asignación Manual;74443792;NL;Coahuila;Saltillo;Saltillo;2026;Abr;24
NRT;NO;Asignación Manual;74527710;NL;Coahuila;Ciudad Acuña;Ciudad Acuña;2026;May;18
NRT;NO;Asignación Manual;74556251;NL;Coahuila;Torreón;Torreón;2026;May;21
NRT;NO;Asignación Manual;74556267;NL;Zacatecas;Fresnillo;Fresnillo;2026;May;20
NRT;NO;Asignación Manual;74556267;NL;Zacatecas;Miguel Auza;MIGUEL AUZA, ZAC.;2026;May;20
NRT;NO;Asignación Manual;74559733;NL;San Luis Potosí;San Luis Potosí;San Luis Potosí;2026;May;22
NRT;NO;Asignación Manual;74597153;NL;Tamaulipas;Ciudad Victoria;Ciudad Victoria;2026;May;20
NRT;NO;Asignación Manual;74606330;NL;Tamaulipas;Altamira;Altamira;2026;May;21
NRT;NO;Asignación Manual;74606330;NL;Tamaulipas;Tampico;Tampico;2026;May;21
NRT;NO;Asignación Manual;74607293;NL;Coahuila;Saltillo;Saltillo;2026;May;27
NRT;NO;Asignación Manual;74615715;NL;Tamaulipas;Altamira;Altamira;2026;May;26
NRT;NO;Asignación Manual;74619242;NL;San Luis Potosí;San Luis Potosí;San Luis Potosí;2026;May;23
NRT;NO;Asignación Manual;74627805;NL;Nuevo León;Allende;Allende;2026;May;28
NRT;NO;Asignación Manual;74627825;NL;Guanajuato;León;León;2026;May;29
NRT;NO;Asignación Manual;74634106;NL;Nuevo León;Allende;Allende;2026;May;28
NRT;NO;Asignación Manual;74655973;NL;Coahuila;Saltillo;Saltillo;2026;Jun;5
NRT;NO;Asignación Manual;74665729;NL;Tamaulipas;Matamoros;Matamoros;2026;Jun;18
NRT;NO;Asignación Manual;74672780;NL;Durango;Gómez Palacios;Gómez Palacios;2026;Jun;2
NRT;NO;Asignación Manual;74681997;NL;San Luis Potosí;San Luis Potosí;San Luis Potosí;2026;Jun;4
NRT;NO;Asignación Manual;74735632;NL;Coahuila;Saltillo;Saltillo;2026;Jun;23
NRT;NO;Asignación Manual;74792892;NL;Tamaulipas;Reynosa;Reynosa;2026;Jul;8
NRT;NO;Asignación Manual;74792960;NL;Coahuila;Piedras Negras;Piedras Negras;2026;Jul;8
NRT;NO;Asignación Manual;74798513;NL;Coahuila;Saltillo;Saltillo;2026;Jun;25
NRT;NO;Asignación Manual;74798521;NL;Coahuila;Saltillo;Saltillo;2026;Jun;27
NRT;NO;Asignación Manual;74798569;NL;Coahuila;Sabinas;Sabinas;2026;Jul;6
NRT;NO;Asignación Manual;74805235;NL;Tamaulipas;Matamoros;Matamoros;2026;Jul;16
NRT;NO;Asignación Manual;74805239;NL;Coahuila;M. Muzquiz;M. Muzquiz;2026;Jul;11
NRT;NO;Asignación Manual;74805245;NL;Coahuila;Piedras Negras;Piedras Negras;2026;Jul;15
NRT;NO;Asignación Manual;74822418;NL;Coahuila;Monclova;Monclova;2026;Jun;30
NRT;NO;Asignación Manual;74835855;NL;Yucatán;Mérida;Mérida;2026;Jul;2
NRT;NO;Asignación Manual;74875866;NL;Durango;Nueva Ideal;Nueva Ideal;2026;Jul;10
NRT;NO;Asignación Manual;74875894;NL;Coahuila;Saltillo;Saltillo;2026;Jul;14
NRT;NO;Asignación Manual;74892169;NL;Tamaulipas;Altamira;Altamira;2026;Jul;13
NRT;NO;Asignación Manual;74892180;NL;Coahuila;Saltillo;Saltillo;2026;Jul;14
NRT;NO;Asignación Manual;74897054;NL;Coahuila;Saltillo;Saltillo;2026;Jul;14
NRT;NO;Asignación Manual;74904575;NL;Coahuila;Torreón;Torreón;2026;Jul;21
NRT;NO;Asignación Manual;74906157;NL;Coahuila;M. Muzquiz;M. Muzquiz;2026;Jul;16
NRT;NO;Asignación Manual;74906157;NL;Coahuila;Piedras Negras;Piedras Negras;2026;Jul;16
NRT;NO;Asignación Manual;74906157;NL;Coahuila;Sabinas;Sabinas;2026;Jul;16
NRT;NO;Asignación Manual;74908325;NL;Tamaulipas;Altamira;Altamira;2026;Jul;21
NRT;NO;Asignación Manual;74909856;NL;Tamaulipas;Ciudad Victoria;Ciudad Victoria;2026;Jul;24
NRT;NO;Asignación Manual;74924270;NL;San Luis Potosí;Ciudad Valles;Ciudad Valles;2026;Jul;27
NRT;NO;Asignación Manual;74924347;NL;Jalisco;Tlaquepaque;Sn Pedro Tlaquepaque-JALISCO;2026;Jul;24
NRT;NO;Asignación Manual;74926595;NL;Coahuila;Piedras Negras;Piedras Negras;2026;Jul;21
NRT;NO;Asignación Manual;74929458;NL;Tamaulipas;Matamoros;Matamoros;2026;Jul;25
NRT;NO;Asignación Manual;74938707;NL;Coahuila;Saltillo;Saltillo;2026;Jul;23
NRT;NO;Asignación Manual;74950303;NL;Tamaulipas;Altamira;Altamira;2026;Jul;29
NRT;NO;Asignación Manual;74950331;NL;Durango;Nueva Ideal;Nueva Ideal;2026;Ago;7
NRT;NO;Asignación Manual;74955400;NL;Tamaulipas;Altamira;Altamira;2026;Ago;5
NRT;NO;Asignación Manual;74959765;NL;Coahuila;Saltillo;Saltillo;2026;Ago;6
NRT;NO;Asignación Manual;74959769;NL;Coahuila;M. Muzquiz;M. Muzquiz;2026;Ago;12
NRT;NO;Asignación Manual;74962054;NL;CDMX+EDOMEX;Atzcapotzalco;Atzcapotzalco;2026;Jul;29
NRT;NO;Asignación Manual;74962054;NL;CDMX+EDOMEX;San Mateo Atenco;S.Mateo Atenco;2026;Jul;29
NRT;NO;Asignación Manual;74996506;NL;Coahuila;Torreón;Torreón;2026;Ago;8
NRT;NO;Asignación Manual;74996510;NL;Coahuila;Saltillo;Saltillo;2026;Ago;10
NRT;NO;Asignación Manual;75021349;NL;Tamaulipas;Matamoros;Matamoros;2026;Ago;11
NRT;NO;Asignación Manual;75031641;NL;Coahuila;Saltillo;Saltillo;2026;Ago;14
NRT;NO;Asignación Manual;75041527;NL;Coahuila;Saltillo;Saltillo;2026;Ago;15
NRT;NO;Asignación Manual;75053996;NL;Tamaulipas;Altamira;Altamira;2026;Ago;26
NRT;NO;Asignación Manual;75065570;NL;Tamaulipas;Ciudad Madero;Ciudad Madero;2026;Ago;21
NRT;NO;Asignación Manual;75065570;NL;Tamaulipas;Tampico;Tampico;2026;Ago;21
NRT;NO;Asignación Manual;75132529;NL;Coahuila;Piedras Negras;Piedras Negras;2026;Sep;4
NRT;NO;Mayor a 5;73782122;NL;CDMX+EDOMEX;San Mateo Atenco;S.Mateo Atenco;2026;Ene;5
NRT;NO;Mayor a 5;73782122;NL;Querétaro;Querétaro;Queretaro;2026;Ene;5
NRT;NO;Mayor a 5;73785198;NL;San Luis Potosí;San Luis Potosí;San Luis Potosí;2026;Ene;5
NRT;NO;Mayor a 5;73787617;NL;CDMX+EDOMEX;CDMX+EDOMEX;Z.P Atzcapotzalco;2026;Ene;14
NRT;NO;Mayor a 5;73787617;NL;CDMX+EDOMEX;Lerma;Lerma;2026;Ene;14
NRT;NO;Mayor a 5;73790858;NL;Jalisco;Tlajomulco de Zúñiga;Tlajomulco de Zuñiga;2026;Ene;8
NRT;NO;Mayor a 5;73799703;NL;Yucatán;Mérida;Mérida;2026;Ene;2
NRT;NO;Mayor a 5;73803390;NL;Jalisco;Tlajomulco de Zúñiga;Tlajomulco de Zuñiga;2026;Ene;6
NRT;NO;Mayor a 5;73805264;NL;Coahuila;Monclova;Monclova;2026;Ene;8
NRT;NO;Mayor a 5;73805264;NL;Coahuila;Piedras Negras;Piedras Negras;2026;Ene;8
NRT;NO;Mayor a 5;73805285;NL;Coahuila;Piedras Negras;Piedras Negras;2026;Ene;8
NRT;NO;Mayor a 5;73805285;NL;Coahuila;Sabinas;Sabinas;2026;Ene;8
NRT;NO;Mayor a 5;73825073;NL;Coahuila;Torreón;Torreón;2026;Ene;8
NRT;NO;Mayor a 5;73828296;NL;Tamaulipas;Reynosa;Reynosa;2026;Ene;16
NRT;NO;Mayor a 5;73838046;NL;Jalisco;San Juan de los Lagos;S. Juan de los Lagos;2026;Ene;10
NRT;NO;Mayor a 5;73839941;NL;Tamaulipas;Altamira;Altamira;2026;Ene;14
NRT;NO;Mayor a 5;73839941;NL;Tamaulipas;Ciudad Victoria;Ciudad Victoria;2026;Ene;14
NRT;NO;Mayor a 5;73845432;NL;Jalisco;Tlajomulco de Zúñiga;Tlajomulco de Zuñiga;2026;Ene;16
NRT;NO;Mayor a 5;73866528;NL;Querétaro;El Marques;El Marquez;2026;Ene;12
NRT;NO;Mayor a 5;73866528;NL;Querétaro;Querétaro;Queretaro;2026;Ene;12
NRT;NO;Mayor a 5;73871514;NL;Coahuila;Saltillo;Saltillo;2026;Ene;27
NRT;NO;Mayor a 5;73907366;NL;Tamaulipas;Altamira;Altamira;2026;Ene;27
NRT;NO;Mayor a 5;73916018;NL;San Luis Potosí;San Luis Potosí;San Luis Potosí;2026;Ene;22
NRT;NO;Mayor a 5;73924671;NL;San Luis Potosí;San Luis Potosí;San Luis Potosí;2026;Ene;20
NRT;NO;Mayor a 5;73924723;NL;Coahuila;Torreón;Torreón;2026;Ene;20
NRT;NO;Mayor a 5;73926441;NL;CDMX+EDOMEX;Tultitlán;Tultitlan;2026;Ene;20
NRT;NO;Mayor a 5;73927265;NL;Querétaro;Querétaro;Queretaro;2026;Ene;20
NRT;NO;Mayor a 5;73927267;NL;Querétaro;Querétaro;Queretaro;2026;Ene;20
NRT;NO;Mayor a 5;73927268;NL;Querétaro;Querétaro;Queretaro;2026;Ene;20
NRT;NO;Mayor a 5;73932110;NL;Jalisco;Guadalajara;Guadalajara;2026;Ene;23
NRT;NO;Mayor a 5;73933000;NL;Guanajuato;Apaseo el Alto;Apaseo el Alto;2026;Ene;22
NRT;NO;Mayor a 5;73936768;NL;Jalisco;Guadalajara;Guadalajara;2026;Ene;29
NRT;NO;Mayor a 5;73936770;NL;Jalisco;Guadalajara;Guadalajara;2026;Ene;22
NRT;NO;Mayor a 5;73937468;NL;Sinaloa;Culiacán;Culiacán;2026;Ene;23
NRT;NO;Mayor a 5;73938840;NL;CDMX+EDOMEX;Tultitlán;Tultitlan;2026;Ene;28
NRT;NO;Mayor a 5;73945151;NL;Querétaro;Colon;Municipio de Colón;2026;Ene;23
NRT;NO;Mayor a 5;73945151;NL;Querétaro;Querétaro;Queretaro;2026;Ene;23
NRT;NO;Mayor a 5;73945300;NL;Querétaro;Colon;Municipio de Colón;2026;Ene;26
NRT;NO;Mayor a 5;73945490;NL;Jalisco;Guadalajara;Guadalajara;2026;Ene;27
NRT;NO;Mayor a 5;73945490;NL;Jalisco;Tlajomulco de Zúñiga;Tlajomulco de Zuñiga;2026;Ene;27
NRT;NO;Mayor a 5;73954310;NL;Jalisco;Tlajomulco de Zúñiga;Tlajomulco de Zuñiga;2026;Ene;26
NRT;NO;Mayor a 5;73954310;NL;Jalisco;Tlaquepaque;Sn Pedro Tlaquepaque-JALISCO;2026;Ene;26
NRT;NO;Mayor a 5;73977461;NL;Tamaulipas;Altamira;Altamira;2026;Ene;29
NRT;NO;Mayor a 5;73984939;NL;Tamaulipas;Altamira;Altamira;2026;Feb;3
NRT;NO;Mayor a 5;74021797;NL;San Luis Potosí;San Luis Potosí;San Luis Potosí;2026;Feb;5
NRT;NO;Mayor a 5;74022586;NL;Tamaulipas;Altamira;Altamira;2026;Feb;12
NRT;NO;Mayor a 5;74022586;NL;Tamaulipas;Ciudad Victoria;Ciudad Victoria;2026;Feb;12
NRT;NO;Mayor a 5;74030960;NL;Sinaloa;Culiacán;Culiacán;2026;Feb;7
NRT;NO;Mayor a 5;74068437;NL;Coahuila;Monclova;Monclova;2026;Feb;16
NRT;NO;Mayor a 5;74068437;NL;Coahuila;Piedras Negras;Piedras Negras;2026;Feb;16
NRT;NO;Mayor a 5;74068437;NL;Coahuila;Sabinas;Sabinas;2026;Feb;16
NRT;NO;Mayor a 5;74072520;NL;Coahuila;Saltillo;Saltillo;2026;Feb;14
NRT;NO;Mayor a 5;74072520;NL;Coahuila;Torreón;Torreón;2026;Feb;14
NRT;NO;Mayor a 5;74075313;NL;Tamaulipas;Altamira;Altamira;2026;Feb;16
NRT;NO;Mayor a 5;74075313;NL;Tamaulipas;Estacion Manuel;Estación Manuel;2026;Feb;16
NRT;NO;Mayor a 5;74079094;NL;Coahuila;Torreón;Torreón;2026;Feb;16
NRT;NO;Mayor a 5;74094778;NL;Coahuila;Torreón;Torreón;2026;Feb;18
NRT;NO;Mayor a 5;74094778;NL;Durango;Gómez Palacios;Gómez Palacios;2026;Feb;18
NRT;NO;Mayor a 5;74101281;NL;Coahuila;Saltillo;Saltillo;2026;Feb;26
NRT;NO;Mayor a 5;74102343;NL;Coahuila;Saltillo;Saltillo;2026;Feb;19
NRT;NO;Mayor a 5;74115703;NL;Sinaloa;Culiacán;Culiacán;2026;Feb;21
NRT;NO;Mayor a 5;74121621;NL;Coahuila;Torreón;Torreón;2026;Feb;23
NRT;NO;Mayor a 5;74121621;NL;Durango;Gómez Palacios;Gómez Palacios;2026;Feb;23
NRT;NO;Mayor a 5;74141545;NL;Tamaulipas;Altamira;Altamira;2026;Feb;26
NRT;NO;Mayor a 5;74141545;NL;Tamaulipas;Tampico;Tampico;2026;Feb;26
NRT;NO;Mayor a 5;74147812;NL;Tamaulipas;Altamira;Altamira;2026;Feb;27
NRT;NO;Mayor a 5;74147812;NL;Tamaulipas;Ciudad Madero;Ciudad Madero;2026;Feb;27
NRT;NO;Mayor a 5;74151301;NL;Tamaulipas;Altamira;Altamira;2026;Mar;2
NRT;NO;Mayor a 5;74162799;NL;Tamaulipas;Altamira;Altamira;2026;Mar;4
NRT;NO;Mayor a 5;74173831;NL;Coahuila;Saltillo;Saltillo;2026;Mar;6
NRT;NO;Mayor a 5;74175151;NL;Coahuila;Saltillo;Saltillo;2026;Mar;6
NRT;NO;Mayor a 5;74175401;NL;Coahuila;Saltillo;Saltillo;2026;Mar;6
NRT;NO;Mayor a 5;74176195;NL;Coahuila;Saltillo;Saltillo;2026;Mar;10
NRT;NO;Mayor a 5;74180726;NL;Coahuila;Saltillo;Saltillo;2026;Mar;6
NRT;NO;Mayor a 5;74182419;NL;Coahuila;Piedras Negras;Piedras Negras;2026;Mar;5
NRT;NO;Mayor a 5;74182419;NL;Coahuila;Sabinas;Sabinas;2026;Mar;5
NRT;NO;Mayor a 5;74191363;NL;Tamaulipas;Altamira;Altamira;2026;Mar;17
NRT;NO;Mayor a 5;74191363;NL;Tamaulipas;Ciudad Victoria;Ciudad Victoria;2026;Mar;17
NRT;NO;Mayor a 5;74196412;NL;Coahuila;Torreón;Torreón;2026;Mar;10
NRT;NO;Mayor a 5;74196412;NL;Durango;Gómez Palacios;Gómez Palacios;2026;Mar;10
NRT;NO;Mayor a 5;74198344;NL;Coahuila;Saltillo;Saltillo;2026;Mar;10
NRT;NO;Mayor a 5;74222741;NL;Coahuila;Allende;Allende, Coa;2026;Mar;13
NRT;NO;Mayor a 5;74222741;NL;Coahuila;Ciudad Acuña;Ciudad Acuña;2026;Mar;13
NRT;NO;Mayor a 5;74223105;NL;Coahuila;Piedras Negras;Piedras Negras;2026;Mar;17
NRT;NO;Mayor a 5;74223105;NL;Coahuila;Sabinas;Sabinas;2026;Mar;17
NRT;NO;Mayor a 5;74228968;NL;San Luis Potosí;San Luis Potosí;San Luis Potosí;2026;Mar;13
NRT;NO;Mayor a 5;74233512;NL;Coahuila;Saltillo;Saltillo;2026;Mar;21
NRT;NO;Mayor a 5;74234322;NL;Tamaulipas;Altamira;Altamira;2026;Mar;18
NRT;NO;Mayor a 5;74234322;NL;Tamaulipas;Tampico;Tampico;2026;Mar;18
NRT;NO;Mayor a 5;74234331;NL;Querétaro;San Juan del Río;San Juan del Rio;2026;Mar;17
NRT;NO;Mayor a 5;74264674;NL;Coahuila;Piedras Negras;Piedras Negras;2026;Mar;25
NRT;NO;Mayor a 5;74268880;NL;Querétaro;San Juan del Río;San Juan del Rio;2026;Mar;21
NRT;NO;Mayor a 5;74268956;NL;Querétaro;San Juan del Río;San Juan del Rio;2026;Mar;21
NRT;NO;Mayor a 5;74285698;NL;Tamaulipas;Matamoros;Matamoros;2026;Mar;26
NRT;NO;Mayor a 5;74285698;NL;Tamaulipas;San Fernando;San Fernando;2026;Mar;26
NRT;NO;Mayor a 5;74291703;NL;Coahuila;Saltillo;Saltillo;2026;Mar;27
NRT;NO;Mayor a 5;74301949;NL;Yucatán;Mérida;Mérida;2026;Abr;1
NRT;NO;Mayor a 5;74307605;NL;Coahuila;Monclova;Monclova;2026;Mar;31
NRT;NO;Mayor a 5;74307605;NL;Coahuila;Piedras Negras;Piedras Negras;2026;Mar;31
NRT;NO;Mayor a 5;74308534;NL;Tamaulipas;Altamira;Altamira;2026;Mar;28
NRT;NO;Mayor a 5;74308534;NL;Tamaulipas;Ciudad Victoria;Ciudad Victoria;2026;Mar;28
NRT;NO;Mayor a 5;74322565;NL;San Luis Potosí;San Luis Potosí;San Luis Potosí;2026;Mar;31
NRT;NO;Mayor a 5;74322678;NL;San Luis Potosí;San Luis Potosí;San Luis Potosí;2026;Mar;31
NRT;NO;Mayor a 5;74327287;NL;Coahuila;Ciudad Acuña;Ciudad Acuña;2026;Abr;7
NRT;NO;Mayor a 5;74327287;NL;Coahuila;Sabinas;Sabinas;2026;Abr;7
NRT;NO;Mayor a 5;74334092;NL;CDMX+EDOMEX;Nextlalpan;;2026;Abr;3
NRT;NO;Mayor a 5;74334170;NL;CDMX+EDOMEX;Nextlalpan;;2026;Abr;2
NRT;NO;Mayor a 5;74334214;NL;CDMX+EDOMEX;Nextlalpan;;2026;Abr;2
NRT;NO;Mayor a 5;74346154;NL;San Luis Potosí;San Luis Potosí;San Luis Potosí;2026;Abr;9
NRT;NO;Mayor a 5;74346154;NL;San Luis Potosí;Soledad de Graciano Sánchez;Soledad de G.Sanchez;2026;Abr;9
NRT;NO;Mayor a 5;74346158;NL;Durango;Gómez Palacios;Gómez Palacios;2026;Abr;15
NRT;NO;Mayor a 5;74346158;NL;Durango;Nueva Ideal;Nueva Ideal;2026;Abr;15
NRT;NO;Mayor a 5;74376101;NL;Coahuila;Ciudad Acuña;Ciudad Acuña;2026;Abr;15
NRT;NO;Mayor a 5;74376101;NL;Coahuila;Piedras Negras;Piedras Negras;2026;Abr;15
NRT;NO;Mayor a 5;74376101;NL;Coahuila;Sabinas;Sabinas;2026;Abr;15
NRT;NO;Mayor a 5;74377726;NL;Durango;Gómez Palacios;Gómez Palacios;2026;Abr;9
NRT;NO;Mayor a 5;74377730;NL;Coahuila;Torreón;Torreón;2026;Abr;9
NRT;NO;Mayor a 5;74383405;NL;Jalisco;Tlajomulco de Zúñiga;Tlajomulco de Zuñiga;2026;Abr;15
NRT;NO;Mayor a 5;74384171;NL;Coahuila;Torreón;Torreón;2026;Abr;15
NRT;NO;Mayor a 5;74387270;NL;Coahuila;Torreón;Torreón;2026;Abr;16
NRT;NO;Mayor a 5;74387270;NL;Durango;Gómez Palacios;Gómez Palacios;2026;Abr;16
NRT;NO;Mayor a 5;74387766;NL;Yucatán;Mérida;Mérida;2026;Abr;11
NRT;NO;Mayor a 5;74396228;NL;Tamaulipas;Altamira;Altamira;2026;Abr;16
NRT;NO;Mayor a 5;74396228;NL;Tamaulipas;Ciudad Victoria;Ciudad Victoria;2026;Abr;16
NRT;NO;Mayor a 5;74401393;NL;Tamaulipas;Altamira;Altamira;2026;Abr;15
NRT;NO;Mayor a 5;74404392;NL;Tamaulipas;Altamira;Altamira;2026;Abr;16
NRT;NO;Mayor a 5;74404392;NL;Tamaulipas;Estacion Manuel;Estación Manuel;2026;Abr;16
NRT;NO;Mayor a 5;74413530;NL;CDMX+EDOMEX;Nextlalpan;;2026;Abr;18
NRT;NO;Mayor a 5;74413530;NL;CDMX+EDOMEX;Tlalnepantla;Tlalnepantla;2026;Abr;18
NRT;NO;Mayor a 5;74439155;NL;Zacatecas;Fresnillo;Fresnillo;2026;Abr;22
NRT;NO;Mayor a 5;74443801;NL;Coahuila;Torreón;Torreón;2026;Abr;24
NRT;NO;Mayor a 5;74443801;NL;Durango;Gómez Palacios;Gómez Palacios;2026;Abr;24
NRT;NO;Mayor a 5;74452248;NL;Tamaulipas;Altamira;Altamira;2026;Abr;25
NRT;NO;Mayor a 5;74452248;NL;Tamaulipas;Ciudad Victoria;Ciudad Victoria;2026;Abr;25
NRT;NO;Mayor a 5;74454741;NL;Tamaulipas;Altamira;Altamira;2026;Abr;25
NRT;NO;Mayor a 5;74454741;NL;Tamaulipas;Tampico;Tampico;2026;Abr;25
NRT;NO;Mayor a 5;74455609;NL;San Luis Potosí;San Luis Potosí;San Luis Potosí;2026;Abr;28
NRT;NO;Mayor a 5;74456024;NL;Tamaulipas;Altamira;Altamira;2026;Abr;25
NRT;NO;Mayor a 5;74457115;NL;CDMX+EDOMEX;Cuautitlán;Cuautitlan de Romero;2026;Abr;29
NRT;NO;Mayor a 5;74457115;NL;CDMX+EDOMEX;Tlalnepantla;Tlalnepantla;2026;Abr;29
NRT;NO;Mayor a 5;74457115;NL;CDMX+EDOMEX;Tultitlán;Tultitlan;2026;Abr;29
NRT;NO;Mayor a 5;74460822;NL;San Luis Potosí;San Luis Potosí;San Luis Potosí;2026;Abr;29
NRT;NO;Mayor a 5;74462169;NL;Tabasco;Villahermosa;Villahermosa;2026;Abr;27
NRT;NO;Mayor a 5;74464390;NL;San Luis Potosí;San Luis Potosí;San Luis Potosí;2026;Abr;27
NRT;NO;Mayor a 5;74466463;NL;San Luis Potosí;San Luis Potosí;San Luis Potosí;2026;Abr;28
NRT;NO;Mayor a 5;74474225;NL;CDMX+EDOMEX;Tlalnepantla;Tlalnepantla;2026;May;6
NRT;NO;Mayor a 5;74475242;NL;Coahuila;Saltillo;Saltillo;2026;Abr;29
NRT;NO;Mayor a 5;74476673;NL;CDMX+EDOMEX;Tlalnepantla;Tlalnepantla;2026;Abr;30
NRT;NO;Mayor a 5;74476864;NL;San Luis Potosí;San Luis Potosí;San Luis Potosí;2026;May;5
NRT;NO;Mayor a 5;74494398;NL;Coahuila;Torreón;Torreón;2026;May;4
NRT;NO;Mayor a 5;74509808;NL;Yucatán;Mérida;Mérida;2026;May;6
NRT;NO;Mayor a 5;74516868;NL;Zacatecas;Fresnillo;Fresnillo;2026;May;7
NRT;NO;Mayor a 5;74522600;NL;Coahuila;Derramadero;Derramadero;2026;May;13
NRT;NO;Mayor a 5;74524317;NL;Tamaulipas;Altamira;Altamira;2026;May;8
NRT;NO;Mayor a 5;74524317;NL;Tamaulipas;Tampico;Tampico;2026;May;8
NRT;NO;Mayor a 5;74527711;NL;Coahuila;Saltillo;Saltillo;2026;May;11
NRT;NO;Mayor a 5;74527711;NL;Coahuila;Torreón;Torreón;2026;May;11
NRT;NO;Mayor a 5;74532980;NL;San Luis Potosí;San Luis Potosí;San Luis Potosí;2026;May;12
NRT;NO;Mayor a 5;74550268;NL;San Luis Potosí;San Luis Potosí;San Luis Potosí;2026;May;14
NRT;NO;Mayor a 5;74550270;NL;San Luis Potosí;San Luis Potosí;San Luis Potosí;2026;May;14
NRT;NO;Mayor a 5;74563862;NL;Tamaulipas;Altamira;Altamira;2026;May;21
NRT;NO;Mayor a 5;74567001;NL;Tamaulipas;Altamira;Altamira;2026;May;15
NRT;NO;Mayor a 5;74568408;NL;Tamaulipas;Altamira;Altamira;2026;May;19
NRT;NO;Mayor a 5;74568408;NL;Tamaulipas;Ciudad Victoria;Ciudad Victoria;2026;May;19
NRT;NO;Mayor a 5;74574957;NL;Tamaulipas;Reynosa;Reynosa;2026;May;18
NRT;NO;Mayor a 5;74576816;NL;Coahuila;Torreón;Torreón;2026;May;18
NRT;NO;Mayor a 5;74587883;NL;Coahuila;Piedras Negras;Piedras Negras;2026;May;22
NRT;NO;Mayor a 5;74590400;NL;Tamaulipas;Ciudad Madero;Ciudad Madero;2026;May;23
NRT;NO;Mayor a 5;74590400;NL;Tamaulipas;Estacion Manuel;Estación Manuel;2026;May;23
NRT;NO;Mayor a 5;74593538;NL;Coahuila;Torreón;Torreón;2026;May;19
NRT;NO;Mayor a 5;74597405;NL;Sinaloa;Culiacán;Culiacán;2026;Jun;2
NRT;NO;Mayor a 5;74602437;NL;Tamaulipas;Reynosa;Reynosa;2026;May;22
NRT;NO;Mayor a 5;74607319;NL;Yucatán;Mérida;Mérida;2026;May;22
NRT;NO;Mayor a 5;74613953;NL;Aguascalientes;Aguascalientes;Aguascalientes;2026;May;26
NRT;NO;Mayor a 5;74613953;NL;San Luis Potosí;San Luis Potosí;San Luis Potosí;2026;May;26
NRT;NO;Mayor a 5;74613953;NL;San Luis Potosí;Soledad de Graciano Sánchez;Soledad de G.Sanchez;2026;May;26
NRT;NO;Mayor a 5;74615225;NL;Tamaulipas;Altamira;Altamira;2026;May;25
NRT;NO;Mayor a 5;74615299;NL;Tamaulipas;Altamira;Altamira;2026;May;28
NRT;NO;Mayor a 5;74619488;NL;Tamaulipas;Altamira;Altamira;2026;May;28
NRT;NO;Mayor a 5;74627459;NL;Querétaro;Querétaro;Queretaro;2026;May;28
NRT;NO;Mayor a 5;74640583;NL;Coahuila;Torreón;Torreón;2026;May;29
NRT;NO;Mayor a 5;74640583;NL;Durango;Gómez Palacios;Gómez Palacios;2026;May;29
NRT;NO;Mayor a 5;74647026;NL;Tamaulipas;Matamoros;Matamoros;2026;Jun;4
NRT;NO;Mayor a 5;74647026;NL;Tamaulipas;Río Bravo;Rio Bravo;2026;Jun;4
NRT;NO;Mayor a 5;74650075;NL;Tamaulipas;Altamira;Altamira;2026;May;30
NRT;NO;Mayor a 5;74665615;NL;Coahuila;Monclova;Monclova;2026;Jun;4
NRT;NO;Mayor a 5;74665615;NL;Coahuila;Piedras Negras;Piedras Negras;2026;Jun;4
NRT;NO;Mayor a 5;74667446;NL;Coahuila;Saltillo;Saltillo;2026;Jun;9
NRT;NO;Mayor a 5;74667480;NL;Coahuila;Torreón;Torreón;2026;Jun;2
NRT;NO;Mayor a 5;74678180;NL;Tamaulipas;Altamira;Altamira;2026;Jun;10
NRT;NO;Mayor a 5;74678180;NL;Tamaulipas;Tampico;Tampico;2026;Jun;10
NRT;NO;Mayor a 5;74687331;NL;Coahuila;Saltillo;Saltillo;2026;Jun;11
NRT;NO;Mayor a 5;74704969;NL;Coahuila;Torreón;Torreón;2026;Jun;11
NRT;NO;Mayor a 5;74704969;NL;Durango;Gómez Palacios;Gómez Palacios;2026;Jun;11
NRT;NO;Mayor a 5;74706255;NL;Tamaulipas;Reynosa;Reynosa;2026;Jun;9
NRT;NO;Mayor a 5;74706257;NL;Tamaulipas;Reynosa;Reynosa;2026;Jun;9
NRT;NO;Mayor a 5;74723652;NL;Sinaloa;Culiacán;Culiacán;2026;Jun;20
NRT;NO;Mayor a 5;74723652;NL;Sinaloa;Mazatlán;Mazatlán;2026;Jun;20
NRT;NO;Mayor a 5;74731111;NL;Coahuila;Torreón;Torreón;2026;Jun;17
NRT;NO;Mayor a 5;74731625;NL;Tamaulipas;Altamira;Altamira;2026;Jun;22
NRT;NO;Mayor a 5;74731625;NL;Tamaulipas;Ciudad Victoria;Ciudad Victoria;2026;Jun;22
NRT;NO;Mayor a 5;74736357;NL;Jalisco;Guadalajara;Guadalajara;2026;Jun;15
NRT;NO;Mayor a 5;74750396;NL;Coahuila;Torreón;Torreón;2026;Jun;26
NRT;NO;Mayor a 5;74750396;NL;Durango;Gómez Palacios;Gómez Palacios;2026;Jun;26
NRT;NO;Mayor a 5;74752228;NL;Coahuila;Saltillo;Saltillo;2026;Jun;25
NRT;NO;Mayor a 5;74759287;NL;Veracruz;Veracruz;Veracruz;2026;Jun;30
NRT;NO;Mayor a 5;74768239;NL;Jalisco;Tlajomulco de Zúñiga;Tlajomulco de Zuñiga;2026;Jun;23
NRT;NO;Mayor a 5;74769039;NL;Yucatán;Mérida;Mérida;2026;Jun;23
NRT;NO;Mayor a 5;74772470;NL;Coahuila;Torreón;Torreón;2026;Jun;24
NRT;NO;Mayor a 5;74779136;NL;San Luis Potosí;San Luis Potosí;San Luis Potosí;2026;Jul;9
NRT;NO;Mayor a 5;74779136;NL;San Luis Potosí;Soledad de Graciano Sánchez;Soledad de G.Sanchez;2026;Jul;9
NRT;NO;Mayor a 5;74795031;NL;Yucatán;Mérida;Mérida;2026;Jun;30
NRT;NO;Mayor a 5;74798522;NL;Yucatán;Mérida;Mérida;2026;Jun;25
NRT;NO;Mayor a 5;74798553;NL;Coahuila;Torreón;Torreón;2026;Jul;6
NRT;NO;Mayor a 5;74798553;NL;Durango;Gómez Palacios;Gómez Palacios;2026;Jul;6
NRT;NO;Mayor a 5;74802331;NL;Querétaro;San Juan del Río;San Juan del Rio;2026;Jun;29
NRT;NO;Mayor a 5;74805188;NL;Tamaulipas;Altamira;Altamira;2026;Jul;4
NRT;NO;Mayor a 5;74805188;NL;Tamaulipas;Tampico;Tampico;2026;Jul;4
NRT;NO;Mayor a 5;74805240;NL;Coahuila;Saltillo;Saltillo;2026;Jun;29
NRT;NO;Mayor a 5;74828636;NL;San Luis Potosí;San Luis Potosí;San Luis Potosí;2026;Jul;2
NRT;NO;Mayor a 5;74840464;NL;Coahuila;Torreón;Torreón;2026;Jul;7
NRT;NO;Mayor a 5;74844517;NL;Querétaro;San Juan del Río;San Juan del Rio;2026;Jul;8
NRT;NO;Mayor a 5;74871581;NL;Coahuila;Torreón;Torreón;2026;Jul;13
NRT;NO;Mayor a 5;74873129;NL;Zacatecas;Guadalupe;Guadalupe;2026;Jul;13
NRT;NO;Mayor a 5;74875850;NL;Durango;Durango;Durango;2026;Jul;11
NRT;NO;Mayor a 5;74875850;NL;Durango;Gómez Palacios;Gómez Palacios;2026;Jul;11
NRT;NO;Mayor a 5;74875891;NL;San Luis Potosí;San Luis Potosí;San Luis Potosí;2026;Jul;21
NRT;NO;Mayor a 5;74890212;NL;Jalisco;Tlajomulco de Zúñiga;Tlajomulco de Zuñiga;2026;Jul;14
NRT;NO;Mayor a 5;74896004;NL;Jalisco;Tlajomulco de Zúñiga;Tlajomulco de Zuñiga;2026;Jul;15
NRT;NO;Mayor a 5;74896750;NL;Sonora;Hermosillo;Hermosillo;2026;Jul;20
NRT;NO;Mayor a 5;74904743;NL;Jalisco;Tepatitlán de Morelos;Tepatitlán d Morelos;2026;Jul;18
NRT;NO;Mayor a 5;74919341;NL;Querétaro;San Juan del Río;San Juan del Rio;2026;Ago;14
NRT;NO;Mayor a 5;74920225;NL;San Luis Potosí;Matehuala;Matehuala;2026;Jul;25
NRT;NO;Mayor a 5;74920225;NL;San Luis Potosí;San Luis Potosí;San Luis Potosí;2026;Jul;25
NRT;NO;Mayor a 5;74921285;NL;Tamaulipas;Altamira;Altamira;2026;Jul;21
NRT;NO;Mayor a 5;74930637;NL;Nuevo León;Allende;Allende;2026;Ago;18
NRT;NO;Mayor a 5;74934906;NL;San Luis Potosí;San Luis Potosí;San Luis Potosí;2026;Jul;25
NRT;NO;Mayor a 5;74950178;NL;Tamaulipas;Altamira;Altamira;2026;Jul;28
NRT;NO;Mayor a 5;74950179;NL;Querétaro;El Marques;El Marquez;2026;Jul;29
NRT;NO;Mayor a 5;74950327;NL;Coahuila;Saltillo;Saltillo;2026;Jul;28
NRT;NO;Mayor a 5;74950336;NL;Coahuila;Piedras Negras;Piedras Negras;2026;Ago;4
NRT;NO;Mayor a 5;74957563;NL;Yucatán;Mérida;Mérida;2026;Jul;31
NRT;NO;Mayor a 5;74965172;NL;San Luis Potosí;San Luis Potosí;San Luis Potosí;2026;Jul;31
NRT;NO;Mayor a 5;74966666;NL;San Luis Potosí;San Luis Potosí;San Luis Potosí;2026;Ago;5
NRT;NO;Mayor a 5;74973919;NL;Coahuila;Torreón;Torreón;2026;Ago;3
NRT;NO;Mayor a 5;74981683;NL;San Luis Potosí;San Luis Potosí;San Luis Potosí;2026;Ago;8
NRT;NO;Mayor a 5;74981880;NL;Guanajuato;León;León;2026;Ago;14
NRT;NO;Mayor a 5;74983136;NL;Sinaloa;Culiacán;Culiacán;2026;Ago;7
NRT;NO;Mayor a 5;74984000;NL;Coahuila;Saltillo;Saltillo;2026;Ago;6
NRT;NO;Mayor a 5;74996502;NL;Coahuila;Torreón;Torreón;2026;Ago;7
NRT;NO;Mayor a 5;74996514;NL;Coahuila;Piedras Negras;Piedras Negras;2026;Ago;7
NRT;NO;Mayor a 5;74996514;NL;Coahuila;Sabinas;Sabinas;2026;Ago;7
NRT;NO;Mayor a 5;74997312;NL;San Luis Potosí;San Luis Potosí;San Luis Potosí;2026;Ago;15
NRT;NO;Mayor a 5;74997312;NL;San Luis Potosí;Soledad de Graciano Sánchez;Soledad de G.Sanchez;2026;Ago;15
NRT;NO;Mayor a 5;74997320;NL;San Luis Potosí;Soledad de Graciano Sánchez;Soledad de G.Sanchez;2026;Ago;12
NRT;NO;Mayor a 5;74997508;NL;Veracruz;Medellín de Bravo;Medellin de Bravo;2026;Ago;11
NRT;NO;Mayor a 5;75003034;NL;Zacatecas;Fresnillo;Fresnillo;2026;Ago;12
NRT;NO;Mayor a 5;75006560;NL;Coahuila;Saltillo;Saltillo;2026;Ago;12
NRT;NO;Mayor a 5;75013449;NL;Coahuila;Torreón;Torreón;2026;Ago;12
NRT;NO;Mayor a 5;75013449;NL;Durango;Gómez Palacios;Gómez Palacios;2026;Ago;12
NRT;NO;Mayor a 5;75013795;NL;Tamaulipas;Altamira;Altamira;2026;Ago;11
NRT;NO;Mayor a 5;75013795;NL;Tamaulipas;Estacion Manuel;Estación Manuel;2026;Ago;11
NRT;NO;Mayor a 5;75015276;NL;Coahuila;Saltillo;Saltillo;2026;Ago;11
NRT;NO;Mayor a 5;75019999;NL;Coahuila;Torreón;Torreón;2026;Ago;17
NRT;NO;Mayor a 5;75024226;NL;Coahuila;Piedras Negras;Piedras Negras;2026;Ago;14
NRT;NO;Mayor a 5;75024226;NL;Coahuila;Sabinas;Sabinas;2026;Ago;14
NRT;NO;Mayor a 5;75030171;NL;Zacatecas;Fresnillo;Fresnillo;2026;Ago;20
NRT;NO;Mayor a 5;75030171;NL;Zacatecas;Jalpa;Jalpa;2026;Ago;20
NRT;NO;Mayor a 5;75030654;NL;Coahuila;Ciudad Acuña;Ciudad Acuña;2026;Ago;17
NRT;NO;Mayor a 5;75030654;NL;Coahuila;Piedras Negras;Piedras Negras;2026;Ago;17
NRT;NO;Mayor a 5;75030654;NL;Coahuila;Sabinas;Sabinas;2026;Ago;17
NRT;NO;Mayor a 5;75037130;NL;San Luis Potosí;San Luis Potosí;San Luis Potosí;2026;Ago;19
NRT;NO;Mayor a 5;75048899;NL;Coahuila;Torreón;Torreón;2026;Ago;18
NRT;NO;Mayor a 5;75051603;NL;Tamaulipas;Altamira;Altamira;2026;Ago;20
NRT;NO;Mayor a 5;75051603;NL;Tamaulipas;Ciudad Victoria;Ciudad Victoria;2026;Ago;20
NRT;NO;Mayor a 5;75056124;NL;Nayarit;Tepic;Tepic;2026;Ago;22
NRT;NO;Mayor a 5;75059341;NL;San Luis Potosí;San Luis Potosí;San Luis Potosí;2026;Ago;21
NRT;NO;Mayor a 5;75059341;NL;San Luis Potosí;Soledad de Graciano Sánchez;Soledad de G.Sanchez;2026;Ago;21
NRT;NO;Mayor a 5;75066374;NL;Veracruz;Orizaba;HUILOAPAN DE CUAUHT;2026;Ago;22
NRT;NO;Mayor a 5;75068539;NL;Veracruz;Orizaba;HUILOAPAN DE CUAUHT;2026;Ago;22
NRT;NO;Mayor a 5;75068714;NL;Coahuila;Torreón;Torreón;2026;Ago;25
NRT;NO;Mayor a 5;75068796;NL;Coahuila;Saltillo;Saltillo;2026;Ago;31
NRT;NO;Mayor a 5;75071332;NL;Coahuila;Torreón;Torreón;2026;Ago;24
NRT;NO;Mayor a 5;75083921;NL;Querétaro;San Juan del Río;San Juan del Rio;2026;Ago;27
NRT;NO;Mayor a 5;75087585;NL;Tamaulipas;Matamoros;Matamoros;2026;Ago;28
NRT;NO;Mayor a 5;75087677;NL;Querétaro;San Juan del Río;San Juan del Rio;2026;Ago;27
NRT;NO;Mayor a 5;75088702;NL;Veracruz;Medellín de Bravo;Medellin de Bravo;2026;Ago;26
NRT;NO;Mayor a 5;75089225;NL;San Luis Potosí;Ciudad Valles;Ciudad Valles;2026;Ago;29
NRT;NO;Mayor a 5;75089515;NL;Coahuila;Torreón;Torreón;2026;Ago;31
NRT;NO;Mayor a 5;75089767;NL;Coahuila;Torreón;Torreón;2026;Ago;27
NRT;NO;Mayor a 5;75103573;NL;CDMX+EDOMEX;CDMX+EDOMEX;Z.P Atzcapotzalco;2026;Ago;29
NRT;NO;Mayor a 5;75103573;NL;Querétaro;San Juan del Río;San Juan del Rio;2026;Ago;29
NRT;NO;Mayor a 5;75132364;NL;Tamaulipas;Altamira;Altamira;2026;Sep;4
NRT;NO;Mayor a 5;75132377;NL;Coahuila;Saltillo;Saltillo;2026;Sep;8
NRT;NO;Mayor a 5;75132471;NL;Coahuila;Sabinas;Sabinas;2026;Sep;4
NRT;NO;Mayor a 5;75141291;NL;Coahuila;Torreón;Torreón;2026;Sep;8
NRT;SI;3;74890355;NL;Tamaulipas;Ciudad Victoria;Ciudad Victoria;2026;Jul;14
NRT;SI;4;74670581;NL;San Luis Potosí;San Luis Potosí;San Luis Potosí;2026;Jun;2
NRT;SI;4;74720279;NL;San Luis Potosí;San Luis Potosí;San Luis Potosí;2026;Jun;11
NRT;SI;Asignación Manual;74720223;NL;San Luis Potosí;Soledad de Graciano Sánchez;Soledad de G.Sanchez;2026;Jun;10
NRT;SI;Mayor a 5;74313136;NL;Guanajuato;León;León;2026;Mar;31
NRT;SI;Mayor a 5;74530101;NL;San Luis Potosí;Soledad de Graciano Sánchez;Soledad de G.Sanchez;2026;May;12
NRT;SI;Mayor a 5;74550266;NL;San Luis Potosí;San Luis Potosí;San Luis Potosí;2026;May;14
NRT;SI;Mayor a 5;74633186;NL;Querétaro;Querétaro;Queretaro;2026;May;27
NRT;SI;Mayor a 5;74687341;NL;San Luis Potosí;San Luis Potosí;San Luis Potosí;2026;Jun;16
NRT;SI;Mayor a 5;74687341;NL;San Luis Potosí;Soledad de Graciano Sánchez;Soledad de G.Sanchez;2026;Jun;16
PUE;NO;1;74196586;PUE;Puebla;Amozoc;Amozoc;2026;Mar;9
PUE;NO;1;74196654;PUE;Puebla;Tehuacan;Tehuacan;2026;Mar;10
PUE;NO;1;74197715;PUE;Guerrero;Ciudad Altamirano;Cd. Altamirano;2026;Mar;9
PUE;NO;1;74210577;PUE;Puebla;Atlixco;Atlixco;2026;Mar;9
PUE;NO;1;74211334;PUE;Puebla;Tepeaca;Tepeaca;2026;Mar;12
PUE;NO;1;74211648;PUE;Puebla;Zacatlán;Zacatlan;2026;Mar;13
PUE;NO;1;74213588;PUE;Puebla;Zaragoza;Zaragoza;2026;Mar;10
PUE;NO;1;74213589;PUE;Puebla;Tehuacan;Tehuacan;2026;Mar;11
PUE;NO;1;74213593;PUE;Puebla;Amozoc;Amozoc;2026;Mar;12
PUE;NO;1;74216727;PUE; ;Ajalpan;Ajalpan;2026;Mar;10
PUE;NO;1;74217329;PUE;Oaxaca;Oaxaca;Oaxaca;2026;Mar;10
PUE;NO;1;74217329;PUE;Oaxaca;Sta Cruz Xoxocotlan;STA.CRUZ XOXOCOTLAN;2026;Mar;10
PUE;NO;1;74221709;PUE;Tlaxcala;Apizaco;Apizaco;2026;Mar;11
PUE;NO;1;74221748;PUE;Oaxaca;Zaachila;Zaachila;2026;Mar;12
PUE;NO;1;74222394;PUE;Puebla;Atlixco;Atlixco;2026;Mar;11
PUE;NO;1;74224244;PUE;Tlaxcala;Apizaco;Apizaco;2026;Mar;13
PUE;NO;1;74224253;PUE;Tlaxcala;Zacatelco;Zacatelco;2026;Mar;12
PUE;NO;1;74231948;PUE;Puebla;Santiago Mihuatlán;Santiago Miahuatlan;2026;Mar;13
PUE;NO;1;74233880;PUE;Tlaxcala;Zacatelco;Zacatelco;2026;Mar;14
PUE;NO;1;74248390;PUE;Puebla;Tepeaca;Tepeaca;2026;Mar;17
PUE;NO;1;74248395;PUE;Tlaxcala;San Pablo Monte;San Pablo del Monte;2026;Mar;17
PUE;NO;1;74248396;PUE;Oaxaca;Sta Cruz Xoxocotlan;STA.CRUZ XOXOCOTLAN;2026;Mar;17
PUE;NO;1;74248407;PUE;Puebla;Tehuacan;Tehuacan;2026;Mar;18
PUE;NO;1;74251328;PUE;Puebla;Zaragoza;Zaragoza;2026;Mar;17
PUE;NO;1;74252061;PUE;Puebla;Libres;Libres;2026;Mar;19
PUE;NO;1;74252105;PUE;Oaxaca;Huajuapan de León;Huajuapan de León;2026;Mar;18
PUE;NO;1;74252105;PUE;Oaxaca;Oaxaca;Oaxaca;2026;Mar;18
PUE;NO;1;74252113;PUE;Oaxaca;Santiago Juxtlahuaca;SGO.JUXTLAHUACA,OAX.;2026;Mar;18
PUE;NO;1;74252113;PUE;Oaxaca;Tlalixtac de Cabrera;;2026;Mar;18
PUE;NO;1;74252113;PUE;Oaxaca;Zaachila;Zaachila;2026;Mar;18
PUE;NO;1;74252821;PUE;Puebla;Teziutlán;Teziutlan;2026;Mar;17
PUE;NO;1;74252821;PUE;Puebla;Zacapoaxtla;Zacapoaxtla;2026;Mar;17
PUE;NO;1;74256323;PUE;Puebla;Tehuacan;Tehuacan;2026;Mar;18
PUE;NO;1;74257223;PUE;Oaxaca;Huajuapan de León;Huajuapan de León;2026;Mar;19
PUE;NO;1;74257223;PUE;Oaxaca;Oaxaca;Oaxaca;2026;Mar;19
PUE;NO;1;74257223;PUE;Oaxaca;Sta Cruz Xoxocotlan;STA.CRUZ XOXOCOTLAN;2026;Mar;19
PUE;NO;1;74258912;PUE;Oaxaca;Sta Cruz Xoxocotlan;STA.CRUZ XOXOCOTLAN;2026;Mar;19
PUE;NO;1;74266861;PUE;Puebla;Tepeaca;Tepeaca;2026;Mar;20
PUE;NO;1;74269563;PUE;Puebla;Teziutlán;Teziutlan;2026;Mar;20
PUE;NO;1;74269563;PUE;Puebla;Zacapoaxtla;Zacapoaxtla;2026;Mar;20
PUE;NO;1;74284054;PUE;;San Pedro Mixtepec;;2026;Mar;23
PUE;NO;1;74285630;PUE;;Oaxaca de Juarez,San Pedro Mixtepec,San Sebastian Tutla,Sn Juan Bautista G;;2026;Mar;24
PUE;NO;1;74285630;PUE;Oaxaca;Oaxaca;Oaxaca;2026;Mar;24
PUE;NO;1;74285630;PUE;Oaxaca;San Juan Bautista G.;;2026;Mar;24
PUE;NO;1;74291805;PUE;;S Maria Zacatepec*NU;Sta. Maria Zacatepec;2026;Mar;25
PUE;NO;1;74292256;PUE;CDMX+EDOMEX;Naucalpan de Juárez;Naucalpan de Juárez;2026;Mar;25
PUE;NO;1;74296215;PUE;Puebla;Tehuacan;Tehuacan;2026;Mar;25
PUE;NO;1;74297242;PUE;Puebla;Amozoc;Amozoc;2026;Mar;25
PUE;NO;1;74297505;PUE;Puebla;Tehuacan;Tehuacan;2026;Mar;25
PUE;NO;1;74297886;PUE;Puebla;Tepeaca;Tepeaca;2026;Mar;25
PUE;NO;1;74302967;PUE;Puebla;Tehuacan;Tehuacan;2026;Mar;26
PUE;NO;1;74302980;PUE;Puebla;Tepeaca;Tepeaca;2026;Mar;26
PUE;NO;1;74303001;PUE;Puebla;Santiago Mihuatlán;Santiago Miahuatlan;2026;Mar;26
PUE;NO;1;74307608;PUE;Puebla;Teziutlán;Teziutlan;2026;Mar;27
PUE;NO;1;74307963;PUE;Puebla;Atlixco;Atlixco;2026;Mar;28
PUE;NO;1;74307974;PUE;;S Maria Zacatepec*NU;Sta. Maria Zacatepec;2026;Mar;28
PUE;NO;1;74307976;PUE;Oaxaca;Oaxaca;Oaxaca;2026;Mar;30
PUE;NO;1;74307976;PUE;Oaxaca;San Agustin Yatareni;;2026;Mar;30
PUE;NO;1;74307976;PUE;Oaxaca;Tlalixtac de Cabrera;;2026;Mar;30
PUE;NO;1;74321165;PUE;Oaxaca;Oaxaca;Oaxaca;2026;Mar;31
PUE;NO;1;74321165;PUE;Oaxaca;Ocotlán;Ocotlan;2026;Mar;31
PUE;NO;1;74321165;PUE;Oaxaca;Sta Cruz Xoxocotlan;STA.CRUZ XOXOCOTLAN;2026;Mar;31
PUE;NO;1;74327007;PUE;Puebla;Santiago Mihuatlán;Santiago Miahuatlan;2026;Mar;31
PUE;NO;1;74327007;PUE;Puebla;Tehuacan;Tehuacan;2026;Mar;31
PUE;NO;1;74327262;PUE;Puebla;Tepeaca;Tepeaca;2026;Mar;31
PUE;NO;1;74333527;PUE;Puebla;Santiago Mihuatlán;Santiago Miahuatlan;2026;Abr;1
PUE;NO;1;74334627;PUE;Oaxaca;Huautla de Jimenez;Huautla de Jiménez;2026;Abr;1
PUE;NO;1;74334627;PUE;Puebla;Santiago Mihuatlán;Santiago Miahuatlan;2026;Abr;1
PUE;NO;1;74339445;PUE;Puebla;Zacapoaxtla;Zacapoaxtla;2026;Abr;2
PUE;NO;1;74363335;PUE;Puebla;Libres;Libres;2026;Abr;6
PUE;NO;1;74363369;PUE;;Oaxaca de Juarez,San Sebastian Tutla,Tlalixtac de Cabrera;San Sebastian Tutla;2026;Abr;6
PUE;NO;1;74363369;PUE;Oaxaca;Oaxaca;Oaxaca;2026;Abr;6
PUE;NO;1;74363369;PUE;Oaxaca;Tlalixtac de Cabrera;;2026;Abr;6
PUE;NO;1;74363516;PUE;Oaxaca;Oaxaca;Oaxaca;2026;Abr;6
PUE;NO;1;74363516;PUE;Oaxaca;San Agustin Yatareni;;2026;Abr;6
PUE;NO;1;74363516;PUE;Oaxaca;San Juan Bautista G.;;2026;Abr;6
PUE;NO;1;74365174;PUE;Puebla;Tepeaca;Tepeaca;2026;Abr;6
PUE;NO;1;74365411;PUE;Puebla;Atlixco;Atlixco;2026;Abr;6
PUE;NO;1;74366031;PUE;;S Maria Zacatepec*NU;Sta. Maria Zacatepec;2026;Abr;7
PUE;NO;1;74366035;PUE;Puebla;Tepeaca;Tepeaca;2026;Abr;7
PUE;NO;1;74369974;PUE;Puebla;Atlixco;Atlixco;2026;Abr;7
PUE;NO;1;74377205;PUE;Puebla;Chiautla de Tapia;;2026;Abr;8
PUE;NO;1;74382379;PUE;Puebla;Teziutlán;Teziutlan;2026;Abr;9
PUE;NO;1;74386193;PUE;Puebla;Zacapoaxtla;Zacapoaxtla;2026;Abr;10
PUE;NO;1;74386201;PUE;Puebla;Acajete;Acajete;2026;Abr;10
PUE;NO;1;74387800;PUE;Puebla;Tehuacan;Tehuacan;2026;Abr;10
PUE;NO;1;74387843;PUE;Puebla;Tehuacan;Tehuacan;2026;Abr;10
PUE;NO;1;74401378;PUE;Puebla;Tepeaca;Tepeaca;2026;Abr;13
PUE;NO;1;74402832;PUE;;S Maria Zacatepec*NU;Sta. Maria Zacatepec;2026;Abr;15
PUE;NO;1;74408150;PUE;Puebla;Tehuacan;Tehuacan;2026;Abr;15
PUE;NO;1;74408930;PUE;Puebla;Tehuacan;Tehuacan;2026;Abr;15
PUE;NO;1;74413445;PUE;Puebla;Zacatlán;Zacatlan;2026;Abr;15
PUE;NO;1;74417907;PUE;Puebla;Zacatlán;Zacatlan;2026;Abr;17
PUE;NO;1;74424584;PUE;Puebla;Tepeaca;Tepeaca;2026;Abr;18
PUE;NO;1;74440069;PUE;Oaxaca;Asunción;ASUNCION N., OAX.;2026;Abr;21
PUE;NO;1;74440069;PUE;Oaxaca;San Juan Bautista G.;;2026;Abr;21
PUE;NO;1;74449230;PUE; ;Ajalpan;Ajalpan;2026;Abr;22
PUE;NO;1;74449250;PUE;Puebla;Tehuacan;Tehuacan;2026;Abr;21
PUE;NO;1;74449257;PUE;Puebla;Teziutlán;Teziutlan;2026;Abr;23
PUE;NO;1;74449544;PUE;;S Maria Zacatepec*NU;Sta. Maria Zacatepec;2026;Abr;22
PUE;NO;1;74449875;PUE;Puebla;Tepeaca;Tepeaca;2026;Abr;22
PUE;NO;1;74455110;PUE; ;Ajalpan,Tepeaca;Ajalpan;2026;Abr;23
PUE;NO;1;74455110;PUE;Puebla;Tepeaca;Tepeaca;2026;Abr;23
PUE;NO;1;74456753;PUE; ;Ajalpan;Ajalpan;2026;Abr;23
PUE;NO;1;74459869;PUE;Puebla;Tlachichuca;Tlachichuca;2026;Abr;24
PUE;NO;1;74459918;PUE;Puebla;Tehuacan;Tehuacan;2026;Abr;24
PUE;NO;1;74460321;PUE;Puebla;Atlixco;Atlixco;2026;Abr;24
PUE;NO;1;74473024;PUE;Puebla;Tehuacan;Tehuacan;2026;Abr;27
PUE;NO;1;74474094;PUE;Puebla;Teziutlán;Teziutlan;2026;Abr;27
PUE;NO;1;74476096;PUE;Puebla;Amozoc;Amozoc;2026;Abr;28
PUE;NO;1;74476096;PUE;Puebla;Libres;Libres;2026;Abr;28
PUE;NO;1;74476154;PUE;Puebla;Tehuacan;Tehuacan;2026;Abr;28
PUE;NO;1;74476172;PUE;Puebla;Atlixco;Atlixco;2026;Abr;28
PUE;NO;1;74483787;PUE;Puebla;Zacatlán;Zacatlan;2026;Abr;29
PUE;NO;1;74484989;PUE;Puebla;Zacatlán;Zacatlan;2026;Abr;29
PUE;NO;1;74485628;PUE;Oaxaca;San Juan Bautista G.;;2026;Abr;30
PUE;NO;1;74486595;PUE;Puebla;Zacatlán;Zacatlan;2026;May;4
PUE;NO;1;74486607;PUE;Oaxaca;Tlaxiaco;TLAXIACO;2026;Abr;30
PUE;NO;1;74489052;PUE;;Sta Maria Colotepec,Stgo Pinotepa Nal;;2026;May;8
PUE;NO;1;74489052;PUE;Oaxaca;Santiago Pinotepa Nacional;Stgo. Pinotepa Nal.;2026;May;8
PUE;NO;1;74509093;PUE;Puebla;Tehuacan;Tehuacan;2026;May;4
PUE;NO;1;74510222;PUE;Puebla;Acajete;Acajete;2026;May;4
PUE;NO;1;74511727;PUE;Puebla;Tehuacan;Tehuacan;2026;May;5
PUE;NO;1;74514664;PUE;Oaxaca;TLACOTEPEC;Tlacotepec Benito J;2026;May;5
PUE;NO;1;74514697;PUE;Puebla;Zaragoza;Zaragoza;2026;May;5
PUE;NO;1;74514699;PUE;Puebla;Zacatlán;Zacatlan;2026;May;5
PUE;NO;1;74517666;PUE;Puebla;Santiago Mihuatlán;Santiago Miahuatlan;2026;May;6
PUE;NO;1;74520804;PUE;Puebla;Santiago Mihuatlán;Santiago Miahuatlan;2026;May;6
PUE;NO;1;74520808;PUE;Puebla;Atlixco;Atlixco;2026;May;6
PUE;NO;1;74520847;PUE;Oaxaca;Oaxaca;Oaxaca;2026;May;7
PUE;NO;1;74521296;PUE;Puebla;Santiago Mihuatlán;Santiago Miahuatlan;2026;May;6
PUE;NO;1;74523327;PUE; ;Ajalpan,Amozoc;Ajalpan;2026;May;7
PUE;NO;1;74523327;PUE;Puebla;Amozoc;Amozoc;2026;May;7
PUE;NO;1;74528765;PUE;Puebla;Amozoc;Amozoc;2026;May;7
PUE;NO;1;74529214;PUE;Puebla;Atlixco;Atlixco;2026;May;8
PUE;NO;1;74533812;PUE;Puebla;Zacapoaxtla;Zacapoaxtla;2026;May;12
PUE;NO;1;74533812;PUE;Puebla;Zaragoza;Zaragoza;2026;May;12
PUE;NO;1;74550556;PUE;;San Agustin Yatareni,San Sebastian Tutla,Sta Cruz Xoxocotlan;San Sebastian Tutla;2026;May;12
PUE;NO;1;74550556;PUE;Oaxaca;San Agustin Yatareni;;2026;May;12
PUE;NO;1;74550556;PUE;Oaxaca;Sta Cruz Xoxocotlan;STA.CRUZ XOXOCOTLAN;2026;May;12
PUE;NO;1;74554165;PUE;;Miahuatlan de P Diaz,Sta Maria Colotepec;;2026;May;12
PUE;NO;1;74554165;PUE;Oaxaca;Sta Cruz Xoxocotlan;Miahuatlán;2026;May;12
PUE;NO;1;74554465;PUE;Puebla;Atlixco;Atlixco;2026;May;12
PUE;NO;1;74559611;PUE;Puebla;Tepeaca;Tepeaca;2026;May;13
PUE;NO;1;74560048;PUE;Puebla;Tepeaca;Tepeaca;2026;May;13
PUE;NO;1;74562134;PUE;Puebla;Tepeaca;Tepeaca;2026;May;14
PUE;NO;1;74566122;PUE;Puebla;Teziutlán;Teziutlan;2026;May;15
PUE;NO;1;74566122;PUE;Puebla;Zaragoza;Zaragoza;2026;May;15
PUE;NO;1;74567161;PUE;;Huajuapan de Leon,Sta Maria Colotepec,Tlaxiaco;;2026;May;15
PUE;NO;1;74567161;PUE;Oaxaca;Huajuapan de León;Huajuapan de León;2026;May;15
PUE;NO;1;74567161;PUE;Oaxaca;Tlaxiaco;TLAXIACO;2026;May;15
PUE;NO;1;74567169;PUE;Oaxaca;Oaxaca;Oaxaca;2026;May;15
PUE;NO;1;74567169;PUE;Oaxaca;San Juan Bautista G.;;2026;May;15
PUE;NO;1;74567169;PUE;Oaxaca;Tlalixtac de Cabrera;;2026;May;15
PUE;NO;1;74572694;PUE;Puebla;Atlixco;Atlixco;2026;May;19
PUE;NO;1;74572712;PUE;Puebla;Amozoc;Amozoc;2026;May;15
PUE;NO;1;74574167;PUE;Puebla;Zacatlán;Zacatlan;2026;May;15
PUE;NO;1;74574171;PUE;Puebla;Zaragoza;Zaragoza;2026;May;15
PUE;NO;1;74587623;PUE;Puebla;S FelipeTeotlalcingo;;2026;May;18
PUE;NO;1;74587627;PUE;Puebla;Acajete;Acajete;2026;May;18
PUE;NO;1;74594371;PUE;;A Nochixtlan, Oax,Miahuatlan de P Diaz,San Sebastian Tutla,Villa de Zaachila;San Sebastian Tutla;2026;May;19
PUE;NO;1;74594371;PUE;Oaxaca;Sta Cruz Xoxocotlan;Miahuatlán;2026;May;19
PUE;NO;1;74594371;PUE;Oaxaca;Zaachila;Zaachila;2026;May;19
PUE;NO;1;74594914;PUE;Puebla;Puebla;;2026;May;19
PUE;NO;1;74601118;PUE;Oaxaca;Sta Cruz Xoxocotlan;STA.CRUZ XOXOCOTLAN;2026;May;20
PUE;NO;1;74606433;PUE;Puebla;Zaragoza;Zaragoza;2026;May;20
PUE;NO;1;74606434;PUE;Puebla;Amozoc;Amozoc;2026;May;21
PUE;NO;1;74606434;PUE;Puebla;Tlachichuca;Tlachichuca;2026;May;21
PUE;NO;1;74607949;PUE;Puebla;Teziutlán;Teziutlan;2026;May;20
PUE;NO;1;74609084;PUE;Puebla;Atlixco;Atlixco;2026;May;22
PUE;NO;1;74612406;PUE;;Santa Maria Huatulco,Sta Maria Colotepec,Stgo Pinotepa Nal,Tlalixtac de Cabrera;;2026;May;25
PUE;NO;1;74612406;PUE;Oaxaca;Santiago Pinotepa Nacional;Stgo. Pinotepa Nal.;2026;May;25
PUE;NO;1;74612406;PUE;Oaxaca;Tlalixtac de Cabrera;;2026;May;25
PUE;NO;1;74612408;PUE;Puebla;Atlixco;Atlixco;2026;May;22
PUE;NO;1;74627938;PUE; ;Ajalpan,Tecamachalco, Pue;Ajalpan;2026;May;24
PUE;NO;1;74627938;PUE;Puebla;Tecamachalco;Tecamachalco;2026;May;24
PUE;NO;1;74628206;PUE;Puebla;Tepeaca;Tepeaca;2026;May;25
PUE;NO;1;74629264;PUE;Oaxaca;Huautla de Jimenez;Huautla de Jiménez;2026;May;25
PUE;NO;1;74629664;PUE; ;Ajalpan;Ajalpan;2026;May;27
PUE;NO;1;74629667;PUE;Puebla;Tehuacan;Tehuacan;2026;May;25
PUE;NO;1;74629859;PUE;Puebla;Santiago Mihuatlán;Santiago Miahuatlan;2026;May;26
PUE;NO;1;74634637;PUE;Puebla;Tehuacan;Tehuacan;2026;May;26
PUE;NO;1;74635498;PUE;Puebla;Atlixco;Atlixco;2026;May;27
PUE;NO;1;74636598;PUE;Puebla;S FelipeTeotlalcingo;;2026;May;27
PUE;NO;1;74640320;PUE;Oaxaca;Santiago Pinotepa Nacional;Stgo. Pinotepa Nal.;2026;May;28
PUE;NO;1;74642007;PUE;Puebla;Atlixco;Atlixco;2026;May;28
PUE;NO;1;74647023;PUE;Oaxaca;Oaxaca;Oaxaca;2026;May;29
PUE;NO;1;74650154;PUE;Puebla;Teziutlán;Teziutlan;2026;May;29
PUE;NO;1;74651000;PUE;Puebla;Tehuacan;Tehuacan;2026;May;29
PUE;NO;1;74651000;PUE;Puebla;Tepeaca;Tepeaca;2026;May;29
PUE;NO;1;74651593;PUE; ;Ajalpan,Tehuacan;Ajalpan;2026;May;30
PUE;NO;1;74651593;PUE;Puebla;Tehuacan;Tehuacan;2026;May;30
PUE;NO;1;74655949;PUE;Puebla;Chiautla de Tapia;;2026;May;30
PUE;NO;1;74665098;PUE; ;Ajalpan;Ajalpan;2026;Jun;1
PUE;NO;1;74665101;PUE;Puebla;Atlixco;Atlixco;2026;Jun;1
PUE;NO;1;74665118;PUE;Puebla;Tehuacan;Tehuacan;2026;Jun;1
PUE;NO;1;74667119;PUE;Puebla;Zacatlán;Zacatlan;2026;Jun;2
PUE;NO;1;74671016;PUE;Puebla;Tehuacan;Tehuacan;2026;Jun;2
PUE;NO;1;74673216;PUE;Oaxaca;Tlaxiaco;TLAXIACO;2026;Jun;3
PUE;NO;1;74676202;PUE;Puebla;Tehuacan;Tehuacan;2026;Jun;3
PUE;NO;1;74681577;PUE;Puebla;Chiautla de Tapia;;2026;Jun;4
PUE;NO;1;74681585;PUE;;S Maria Zacatepec*NU;Sta. Maria Zacatepec;2026;Jun;3
PUE;NO;1;74683306;PUE;Puebla;Tepeaca;Tepeaca;2026;Jun;5
PUE;NO;1;74687181;PUE;Puebla;Atlixco;Atlixco;2026;Jun;5
PUE;NO;1;74689081;PUE;Puebla;Atlixco;Atlixco;2026;Jun;8
PUE;NO;1;74705073;PUE;Puebla;Tepeaca;Tepeaca;2026;Jun;8
PUE;NO;1;74705115;PUE;Puebla;Tepeaca;Tepeaca;2026;Jun;8
PUE;NO;1;74705526;PUE;Puebla;Atlixco;Atlixco;2026;Jun;8
PUE;NO;1;74706213;PUE;Puebla;Tepeaca;Tepeaca;2026;Jun;9
PUE;NO;1;74707709;PUE;Puebla;Acajete;Acajete;2026;Jun;8
PUE;NO;1;74712068;PUE;Puebla;Tepeaca;Tepeaca;2026;Jun;9
PUE;NO;1;74713489;PUE;Puebla;Tepeaca;Tepeaca;2026;Jun;9
PUE;NO;1;74713581;PUE;Puebla;Tehuacan;Tehuacan;2026;Jun;8
PUE;NO;1;74713591;PUE;Puebla;Tehuacan;Tehuacan;2026;Jun;8
PUE;NO;1;74713597;PUE;Puebla;Tehuacan;Tehuacan;2026;Jun;9
PUE;NO;1;74714305;PUE;Puebla;Santiago Mihuatlán;Santiago Miahuatlan;2026;Jun;10
PUE;NO;1;74714814;PUE;Puebla;Atlixco;Atlixco;2026;Jun;10
PUE;NO;1;74714814;PUE;Puebla;Puebla;;2026;Jun;10
PUE;NO;1;74718858;PUE;Puebla;Amozoc;Amozoc;2026;Jun;11
PUE;NO;1;74718861;PUE;Puebla;Atlixco;Atlixco;2026;Jun;10
PUE;NO;1;74723642;PUE;Puebla;Teziutlán;Teziutlan;2026;Jun;15
PUE;NO;1;74724065;PUE;;San Sebastian Tutla,Sgo Juxtlahuaca, Oax;San Sebastian Tutla;2026;Jun;12
PUE;NO;1;74724065;PUE;Oaxaca;Santiago Juxtlahuaca;SGO.JUXTLAHUACA,OAX.;2026;Jun;12
PUE;NO;1;74725557;PUE;Puebla;Chiautla de Tapia;;2026;Jun;16
PUE;NO;1;74731557;PUE;;S Maria Zacatepec*NU;Sta. Maria Zacatepec;2026;Jun;15
PUE;NO;1;74731570;PUE;Puebla;Tepeaca;Tepeaca;2026;Jun;16
PUE;NO;1;74731571;PUE;Puebla;Tepeaca;Tepeaca;2026;Jun;16
PUE;NO;1;74731624;PUE;Puebla;Tehuacan;Tehuacan;2026;Jun;17
PUE;NO;1;74744173;PUE;Puebla;Amozoc;Amozoc;2026;Jun;15
PUE;NO;1;74746905;PUE;Puebla;Tepeaca;Tepeaca;2026;Jun;16
PUE;NO;1;74747065;PUE;Puebla;Amozoc;Amozoc;2026;Jun;17
PUE;NO;1;74757008;PUE;Puebla;Amozoc;Amozoc;2026;Jun;18
PUE;NO;1;74757009;PUE; ;Ajalpan,Tepeaca;Ajalpan;2026;Jun;18
PUE;NO;1;74757009;PUE;Puebla;Tepeaca;Tepeaca;2026;Jun;18
PUE;NO;1;74758684;PUE;;S Maria Zacatepec*NU;Sta. Maria Zacatepec;2026;Jun;18
PUE;NO;1;74761864;PUE;Puebla;Teziutlán;Teziutlan;2026;Jun;18
PUE;NO;1;74761864;PUE;Puebla;Tlatlauquitepec, Pue;Tlatlauquitepec, Pue;2026;Jun;18
PUE;NO;1;74761864;PUE;Puebla;Zaragoza;Zaragoza;2026;Jun;18
PUE;NO;1;74761866;PUE;Puebla;S FelipeTeotlalcingo;;2026;Jun;23
PUE;NO;1;74761918;PUE;Puebla;Zacatlán;Zacatlan;2026;Jun;19
PUE;NO;1;74766983;PUE;Puebla;Tehuacan;Tehuacan;2026;Jun;19
PUE;NO;1;74768608;PUE;Puebla;Chiautla de Tapia;;2026;Jun;22
PUE;NO;1;74779444;PUE;Puebla;Tehuacan;Tehuacan;2026;Jun;21
PUE;NO;1;74782065;PUE;Puebla;Tepeaca;Tepeaca;2026;Jun;23
PUE;NO;1;74782071;PUE;Puebla;Tepeaca;Tepeaca;2026;Jun;23
PUE;NO;1;74782075;PUE;Puebla;Tepeaca;Tepeaca;2026;Jun;24
PUE;NO;1;74786782;PUE;Puebla;Atlixco;Atlixco;2026;Jun;24
PUE;NO;1;74786782;PUE;Puebla;Izuca de Matamoros;Izuca de Matamoros;2026;Jun;24
PUE;NO;1;74786786;PUE;Puebla;Santiago Mihuatlán;Santiago Miahuatlan;2026;Jun;24
PUE;NO;1;74791281;PUE;CDMX+EDOMEX;Atizapan;Atizapan;2026;Jun;24
PUE;NO;1;74792254;PUE; ;Ajalpan,Huautla de Jimenez;Ajalpan;2026;Jun;25
PUE;NO;1;74792254;PUE;Oaxaca;Huautla de Jimenez;Huautla de Jiménez;2026;Jun;25
PUE;NO;1;74797443;PUE;Puebla;Tepeaca;Tepeaca;2026;Jun;25
PUE;NO;1;74799824;PUE;Puebla;Amozoc;Amozoc;2026;Jun;25
PUE;NO;1;74799824;PUE;Puebla;Tehuacan;Tehuacan;2026;Jun;25
PUE;NO;1;74805551;PUE;Oaxaca;San Agustin Yatareni;;2026;Jun;27
PUE;NO;1;74805551;PUE;Oaxaca;Santa Maria Huatulco;Santa Maria Huatulco;2026;Jun;27
PUE;NO;1;74805555;PUE;;San Pedro Mixtepec,Sgo Juxtlahuaca, Oax,Sta Maria Colotepec;;2026;Jun;30
PUE;NO;1;74805555;PUE;Oaxaca;Santiago Juxtlahuaca;SGO.JUXTLAHUACA,OAX.;2026;Jun;30
PUE;NO;1;74818884;PUE;Puebla;Tlatlauquitepec, Pue;Tlatlauquitepec, Pue;2026;Jun;30
PUE;NO;1;74818884;PUE;Puebla;Zacapoaxtla;Zacapoaxtla;2026;Jun;30
PUE;NO;1;74828918;PUE;Puebla;Zaragoza;Zaragoza;2026;Jul;2
PUE;NO;1;74829870;PUE;Puebla;Tehuacan;Tehuacan;2026;Jul;2
PUE;NO;1;74829870;PUE;Puebla;Tepeaca;Tepeaca;2026;Jul;2
PUE;NO;1;74835798;PUE;Puebla;Tepeaca;Tepeaca;2026;Jul;3
PUE;NO;1;74841645;PUE;Puebla;Tepeaca;Tepeaca;2026;Jul;3
PUE;NO;1;74841724;PUE;Puebla;Tepeaca;Tepeaca;2026;Jul;6
PUE;NO;1;74854807;PUE;Puebla;Tepeaca;Tepeaca;2026;Jul;6
PUE;NO;1;74855987;PUE;;Atizapan de Zaragoza,S Maria Zacatepec*NU;Sta. Maria Zacatepec;2026;Jul;7
PUE;NO;1;74855987;PUE;CDMX+EDOMEX;Atizapan;Atizapan;2026;Jul;7
PUE;NO;1;74860312;PUE;Puebla;S FelipeTeotlalcingo;;2026;Jul;7
PUE;NO;1;74860412;PUE;Puebla;Atlixco;Atlixco;2026;Jul;7
PUE;NO;1;74860801;PUE;Puebla;Tepeaca;Tepeaca;2026;Jul;7
PUE;NO;1;74860890;PUE;Puebla;Acajete;Acajete;2026;Jul;7
PUE;NO;1;74865763;PUE;Puebla;Tepeaca;Tepeaca;2026;Jul;8
PUE;NO;1;74866322;PUE;Puebla;S FelipeTeotlalcingo;;2026;Jul;8
PUE;NO;1;74867238;PUE;Puebla;Atlixco;Atlixco;2026;Jul;9
PUE;NO;1;74872503;PUE;Puebla;Teziutlán;Teziutlan;2026;Jul;10
PUE;NO;1;74872632;PUE;Puebla;S FelipeTeotlalcingo;;2026;Jul;9
PUE;NO;1;74876086;PUE;Puebla;Tepeaca;Tepeaca;2026;Jul;10
PUE;NO;1;74876381;PUE; ;Ajalpan;Ajalpan;2026;Jul;10
PUE;NO;1;74876383;PUE;Puebla;Zaragoza;Zaragoza;2026;Jul;10
PUE;NO;1;74890852;PUE;Puebla;Tepeaca;Tepeaca;2026;Jul;13
PUE;NO;1;74899331;PUE;Oaxaca;San Jacinto Amilpas;;2026;Jul;16
PUE;NO;1;74899377;PUE;Puebla;S FelipeTeotlalcingo;;2026;Jul;15
PUE;NO;1;74900738;PUE;Puebla;Libres;Libres;2026;Jul;16
PUE;NO;1;74900865;PUE;Puebla;S FelipeTeotlalcingo;;2026;Jul;16
PUE;NO;1;74900876;PUE;Puebla;Tepeaca;Tepeaca;2026;Jul;15
PUE;NO;1;74904345;PUE;Puebla;Tepeaca;Tepeaca;2026;Jul;16
PUE;NO;1;74904514;PUE;Puebla;Atlixco;Atlixco;2026;Jul;17
PUE;NO;1;74905677;PUE;Puebla;Zacapoaxtla;Zacapoaxtla;2026;Jul;17
PUE;NO;1;74905677;PUE;Puebla;Zaragoza;Zaragoza;2026;Jul;17
PUE;NO;1;74910609;PUE;Puebla;Tehuacan;Tehuacan;2026;Jul;20
PUE;NO;1;74919678;PUE;Oaxaca;Huautla de Jimenez;Huautla de Jiménez;2026;Jul;20
PUE;NO;1;74919678;PUE;Puebla;Tepeaca;Tepeaca;2026;Jul;20
PUE;NO;1;74919680;PUE;Puebla;S FelipeTeotlalcingo;;2026;Jul;20
PUE;NO;1;74919681;PUE;Puebla;Amozoc;Amozoc;2026;Jul;20
PUE;NO;1;74920143;PUE; ;Ajalpan;Ajalpan;2026;Jul;20
PUE;NO;1;74921370;PUE;Puebla;Tehuacan;Tehuacan;2026;Jul;20
PUE;NO;1;74921886;PUE;Puebla;Xicotepec;Xicotepec;2026;Jul;21
PUE;NO;1;74922196;PUE;;S Maria Zacatepec*NU;Sta. Maria Zacatepec;2026;Jul;21
PUE;NO;1;74926265;PUE;Puebla;Atlixco;Atlixco;2026;Jul;22
PUE;NO;1;74926273;PUE;Puebla;Tecamachalco;Tecamachalco;2026;Jul;22
PUE;NO;1;74926273;PUE;Puebla;Tehuacan;Tehuacan;2026;Jul;22
PUE;NO;1;74935047;PUE;Puebla;Teziutlán;Teziutlan;2026;Jul;24
PUE;NO;1;74935063;PUE;Puebla;Puebla;;2026;Jul;27
PUE;NO;1;74935082;PUE;Oaxaca;Oaxaca;Oaxaca;2026;Jul;27
PUE;NO;1;74935082;PUE;Oaxaca;Sta Cruz Xoxocotlan;Miahuatlán;2026;Jul;27
PUE;NO;1;74938027;PUE;Puebla;Acajete;Acajete;2026;Jul;24
PUE;NO;1;74938040;PUE;Oaxaca;Tlalixtac de Cabrera;;2026;Jul;24
PUE;NO;1;74938084;PUE;Puebla;Tepeaca;Tepeaca;2026;Jul;23
PUE;NO;1;74938650;PUE;Oaxaca;Huajuapan de León;Huajuapan de León;2026;Jul;23
PUE;NO;1;74938650;PUE;Oaxaca;Tlaxiaco;TLAXIACO;2026;Jul;23
PUE;NO;1;74938650;PUE;Puebla;Tepeaca;Tepeaca;2026;Jul;23
PUE;NO;1;74950117;PUE;Puebla;Zaragoza;Zaragoza;2026;Jul;27
PUE;NO;1;74950141;PUE; ;Ajalpan;Ajalpan;2026;Jul;27
PUE;NO;1;74954631;PUE;Puebla;Atlixco;Atlixco;2026;Jul;28
PUE;NO;1;74954706;PUE;Veracruz;Tantoyuca;Tantoyuca;2026;Jul;28
PUE;NO;1;74956386;PUE;Puebla;Santiago Mihuatlán;Santiago Miahuatlan;2026;Jul;29
PUE;NO;1;74957110;PUE;Puebla;Tehuacan;Tehuacan;2026;Jul;29
PUE;NO;1;74961727;PUE;Puebla;Atlixco;Atlixco;2026;Jul;31
PUE;NO;1;74966277;PUE;;San Sebastian Tutla,Santiago Miahuatlan;San Sebastian Tutla;2026;Jul;31
PUE;NO;1;74966277;PUE;Puebla;Santiago Mihuatlán;Santiago Miahuatlan;2026;Jul;31
PUE;NO;1;74983324;PUE;Puebla;Tepeaca;Tepeaca;2026;Ago;3
PUE;NO;1;74983383;PUE;Puebla;Zacapoaxtla;Zacapoaxtla;2026;Ago;4
PUE;NO;1;74988099;PUE;Puebla;Rafael Lara Grajales;Rafael Lara Grajales;2026;Ago;4
PUE;NO;1;74991283;PUE;Puebla;Amozoc;Amozoc;2026;Ago;5
PUE;NO;1;74991319;PUE;Oaxaca;Oaxaca;Oaxaca;2026;Ago;5
PUE;NO;1;74991319;PUE;Oaxaca;Sta Cruz Xoxocotlan;STA.CRUZ XOXOCOTLAN;2026;Ago;5
PUE;NO;1;74991319;PUE;Oaxaca;Zaachila;Zaachila;2026;Ago;5
PUE;NO;1;74991668;PUE;Puebla;Tepeaca;Tepeaca;2026;Ago;5
PUE;NO;1;74991835;PUE;Puebla;Tepeaca;Tepeaca;2026;Ago;5
PUE;NO;1;74992239;PUE;Oaxaca;Sta Cruz Xoxocotlan;STA.CRUZ XOXOCOTLAN;2026;Ago;5
PUE;NO;1;74992254;PUE;Oaxaca;Sta Cruz Xoxocotlan;STA.CRUZ XOXOCOTLAN;2026;Ago;6
PUE;NO;1;74992758;PUE;Puebla;Chiautla de Tapia;;2026;Ago;5
PUE;NO;1;74993078;PUE;Oaxaca;Oaxaca;Oaxaca;2026;Ago;6
PUE;NO;1;74993078;PUE;Oaxaca;San Jacinto Amilpas;;2026;Ago;6
PUE;NO;1;74993078;PUE;Oaxaca;Sta Cruz Xoxocotlan;STA.CRUZ XOXOCOTLAN;2026;Ago;6
PUE;NO;1;74993386;PUE;Puebla;S FelipeTeotlalcingo;;2026;Ago;6
PUE;NO;1;74996133;PUE;Puebla;Atlixco;Atlixco;2026;Ago;6
PUE;NO;1;74997059;PUE;Puebla;S FelipeTeotlalcingo;;2026;Ago;7
PUE;NO;1;75001054;PUE;Veracruz;Orizaba;HUILOAPAN DE CUAUHT;2026;Ago;7
PUE;NO;1;75002193;PUE;Puebla;S FelipeTeotlalcingo;;2026;Ago;7
PUE;NO;1;75013295;PUE;Puebla;S FelipeTeotlalcingo;;2026;Ago;10
PUE;NO;1;75013420;PUE;Veracruz;Orizaba;HUILOAPAN DE CUAUHT;2026;Ago;10
PUE;NO;1;75015093;PUE;Puebla;Libres;LIBRES PUEBLA.;2026;Ago;11
PUE;NO;1;75015109;PUE;Puebla;Tehuacan;Tehuacan;2026;Ago;10
PUE;NO;1;75020697;PUE;Oaxaca;Huajuapan de León;Huajuapan de León;2026;Ago;11
PUE;NO;1;75020697;PUE;Oaxaca;Sta Cruz Xoxocotlan;Miahuatlán;2026;Ago;11
PUE;NO;1;75020697;PUE;Oaxaca;Sta Cruz Xoxocotlan;STA.CRUZ XOXOCOTLAN;2026;Ago;11
PUE;NO;1;75024167;PUE;Puebla;Tepeaca;Tepeaca;2026;Ago;12
PUE;NO;1;75024168;PUE;Puebla;Tepeaca;Tepeaca;2026;Ago;12
PUE;NO;1;75024939;PUE;Puebla;Teziutlán;Teziutlan;2026;Ago;12
PUE;NO;1;75024974;PUE;Puebla;Teziutlán;Teziutlan;2026;Ago;12
PUE;NO;1;75025790;PUE;Puebla;Teziutlán;Teziutlan;2026;Ago;12
PUE;NO;1;75025984;PUE;;San Pedro Mixtepec,Stgo Pinotepa Nal;;2026;Ago;14
PUE;NO;1;75025984;PUE;Oaxaca;Santiago Pinotepa Nacional;Stgo. Pinotepa Nal.;2026;Ago;14
PUE;NO;1;75026021;PUE;Puebla;Tepeaca;Tepeaca;2026;Ago;12
PUE;NO;1;75026522;PUE;Puebla;Tepeaca;Tepeaca;2026;Ago;13
PUE;NO;1;75026581;PUE;Puebla;Tepeaca;Tepeaca;2026;Ago;13
PUE;NO;1;75026582;PUE;Puebla;Tepeaca;Tepeaca;2026;Ago;13
PUE;NO;1;75029669;PUE;Oaxaca;Sta Cruz Xoxocotlan;STA.CRUZ XOXOCOTLAN;2026;Ago;18
PUE;NO;1;75029736;PUE;Puebla;Teziutlán;Teziutlan;2026;Ago;13
PUE;NO;1;75030855;PUE;Puebla;Teziutlán;Teziutlan;2026;Ago;14
PUE;NO;1;75032664;PUE;Puebla;Tepeaca;Tepeaca;2026;Ago;14
PUE;NO;1;75032670;PUE;Puebla;Tepeaca;Tepeaca;2026;Ago;14
PUE;NO;1;75035190;PUE;Puebla;Tepeaca;Tepeaca;2026;Ago;18
PUE;NO;1;75035193;PUE;Puebla;Teziutlán;Teziutlan;2026;Ago;14
PUE;NO;1;75036616;PUE;Puebla;Tlatlauquitepec, Pue;Tlatlauquitepec, Pue;2026;Ago;14
PUE;NO;1;75037020;PUE;Puebla;Teziutlán;Teziutlan;2026;Ago;18
PUE;NO;1;75048814;PUE;Puebla;Atlixco;Atlixco;2026;Ago;18
PUE;NO;1;75049009;PUE;Oaxaca;Oaxaca;Oaxaca;2026;Ago;19
PUE;NO;1;75049009;PUE;Oaxaca;Tlalixtac de Cabrera;;2026;Ago;19
PUE;NO;1;75049009;PUE;Oaxaca;Zaachila;Zaachila;2026;Ago;19
PUE;NO;1;75049015;PUE;Puebla;Santiago Mihuatlán;Santiago Miahuatlan;2026;Ago;18
PUE;NO;1;75049015;PUE;Puebla;Tehuacan;Tehuacan;2026;Ago;18
PUE;NO;1;75053849;PUE;Oaxaca;Tlaxiaco;TLAXIACO;2026;Ago;21
PUE;NO;1;75053849;PUE;Puebla;Tehuacan;Tehuacan;2026;Ago;21
PUE;NO;1;75054806;PUE;Puebla;Zaragoza;Zaragoza;2026;Ago;19
PUE;NO;1;75054879;PUE;Puebla;S FelipeTeotlalcingo;;2026;Ago;19
PUE;NO;1;75055860;PUE;;Oaxaca de Juarez,San Agustin Yatareni,San Sebastian Tutla;San Sebastian Tutla;2026;Ago;19
PUE;NO;1;75055860;PUE;Oaxaca;Oaxaca;Oaxaca;2026;Ago;19
PUE;NO;1;75055860;PUE;Oaxaca;San Agustin Yatareni;;2026;Ago;19
PUE;NO;1;75058590;PUE;Puebla;Tehuacan;Tehuacan;2026;Ago;19
PUE;NO;1;75060332;PUE;Puebla;Teziutlán;Teziutlan;2026;Ago;20
PUE;NO;1;75060463;PUE;Puebla;Tecamachalco;Tecamachalco;2026;Ago;20
PUE;NO;1;75060468;PUE;Puebla;Tehuacan;Tehuacan;2026;Ago;20
PUE;NO;1;75063866;PUE; ;Ajalpan;Ajalpan;2026;Ago;21
PUE;NO;1;75063890;PUE;Puebla;Tehuacan;Tehuacan;2026;Ago;21
PUE;NO;1;75065785;PUE;Puebla;Teziutlán;Teziutlan;2026;Ago;21
PUE;NO;1;75068369;PUE;Puebla;Teziutlán;Teziutlan;2026;Ago;21
PUE;NO;1;75069159;PUE;Puebla;Amozoc;Amozoc;2026;Ago;21
PUE;NO;1;75069160;PUE;Puebla;Atlixco;Atlixco;2026;Ago;21
PUE;NO;1;75069164;PUE;Puebla;Zaragoza;Zaragoza;2026;Ago;21
PUE;NO;1;75070071;PUE;Puebla;Tehuacan;Tehuacan;2026;Ago;24
PUE;NO;1;75070073;PUE;Puebla;Tehuacan;Tehuacan;2026;Ago;21
PUE;NO;1;75083475;PUE; ;Ajalpan;Ajalpan;2026;Ago;24
PUE;NO;1;75084002;PUE;Puebla;Zacapoaxtla;Zacapoaxtla;2026;Ago;24
PUE;NO;1;75084382;PUE;Oaxaca;Oaxaca;Oaxaca;2026;Ago;25
PUE;NO;1;75084382;PUE;Oaxaca;San Agustin Yatareni;;2026;Ago;25
PUE;NO;1;75084382;PUE;Oaxaca;San Juan Bautista G.;;2026;Ago;25
PUE;NO;1;75089591;PUE;Puebla;Zacapoaxtla;Zacapoaxtla;2026;Ago;26
PUE;NO;1;75089778;PUE;;Oaxaca de Juarez,San Pedro Mixtepec,Villa de Zaachila;;2026;Ago;26
PUE;NO;1;75089778;PUE;Oaxaca;Oaxaca;Oaxaca;2026;Ago;26
PUE;NO;1;75089778;PUE;Oaxaca;Zaachila;Zaachila;2026;Ago;26
PUE;NO;1;75092571;PUE;Puebla;S FelipeTeotlalcingo;;2026;Ago;26
PUE;NO;1;75092592;PUE;Puebla;S FelipeTeotlalcingo;;2026;Ago;26
PUE;NO;1;75093940;PUE;Puebla;Teziutlán;Teziutlan;2026;Ago;26
PUE;NO;1;75098064;PUE;Puebla;Tehuacan;Tehuacan;2026;Ago;27
PUE;NO;1;75100392;PUE;Puebla;Santiago Mihuatlán;Santiago Miahuatlan;2026;Ago;28
PUE;NO;1;75100432;PUE;Oaxaca;Huajuapan de León;Huajuapan de León;2026;Ago;28
PUE;NO;1;75100432;PUE;Oaxaca;Tlaxiaco;TLAXIACO;2026;Ago;28
PUE;NO;1;75103678;PUE; ;Ajalpan;Ajalpan;2026;Ago;29
PUE;NO;1;75104203;PUE;Puebla;Amozoc;Amozoc;2026;Ago;28
PUE;NO;1;75104205;PUE;Puebla;Teziutlán;Teziutlan;2026;Ago;28
PUE;NO;1;75105248;PUE;Puebla;Atlixco;Atlixco;2026;Ago;28
PUE;NO;1;75105249;PUE;Puebla;Zacatlán;Zacatlan;2026;Ago;28
PUE;NO;1;75105549;PUE;Puebla;Zacatlán;Zacatlan;2026;Ago;31
PUE;NO;1;75105564;PUE;Puebla;Tecamachalco;Tecamachalco;2026;Ago;31
PUE;NO;1;75105609;PUE;Puebla;Zacatlán;Zacatlan;2026;Ago;31
PUE;NO;1;75116794;PUE;Puebla;Zaragoza;Zaragoza;2026;Ago;31
PUE;NO;1;75124097;PUE;Puebla;Tehuacan;Tehuacan;2026;Sep;1
PUE;NO;1;75127071;PUE;Puebla;Tehuacan;Tehuacan;2026;Sep;2
PUE;NO;1;75127073;PUE;Puebla;Chiautla de Tapia;;2026;Sep;2
PUE;NO;1;75127205;PUE;Oaxaca;Zaachila;Zaachila;2026;Sep;2
PUE;NO;1;75128142;PUE;Puebla;Atlixco;Atlixco;2026;Sep;2
PUE;NO;1;75129587;PUE;Oaxaca;Oaxaca;Oaxaca;2026;Sep;4
PUE;NO;1;75133619;PUE;Puebla;Tehuacan;Tehuacan;2026;Sep;4
PUE;NO;1;75134095;PUE; ;Ajalpan;Ajalpan;2026;Sep;4
PUE;NO;1;75153228;PUE;Oaxaca;Asunción;ASUNCION N., OAX.;2026;Sep;8
PUE;NO;1;75153228;PUE;Oaxaca;Oaxaca;Oaxaca;2026;Sep;8
PUE;NO;1;75153228;PUE;Oaxaca;San Juan Bautista G.;;2026;Sep;8
PUE;NO;1;75153858;PUE;Puebla;Tehuacan;Tehuacan;2026;Sep;8
PUE;NO;2;74231975;PUE;Puebla;Zacapoaxtla;Zacapoaxtla;2026;Mar;13
PUE;NO;2;74258908;PUE;Oaxaca;Sta Cruz Xoxocotlan;STA.CRUZ XOXOCOTLAN;2026;Mar;20
PUE;NO;2;74306583;PUE;Puebla;Tepeaca;Tepeaca;2026;Mar;30
PUE;NO;2;74312161;PUE;Veracruz;Orizaba;HUILOAPAN DE CUAUHT;2026;Mar;30
PUE;NO;2;74327277;PUE;Puebla;Atlixco;Atlixco;2026;Mar;31
PUE;NO;2;74332949;PUE;Puebla;Atlixco;Atlixco;2026;Abr;1
PUE;NO;2;74333061;PUE;;S Maria Zacatepec*NU;Sta. Maria Zacatepec;2026;Abr;1
PUE;NO;2;74334632;PUE;Puebla;Acajete;Acajete;2026;Abr;6
PUE;NO;2;74366023;PUE;Puebla;Amozoc;Amozoc;2026;Abr;7
PUE;NO;2;74407418;PUE;Oaxaca;Sta Cruz Xoxocotlan;STA.CRUZ XOXOCOTLAN;2026;Abr;14
PUE;NO;2;74407448;PUE;Oaxaca;Huajuapan de León;Huajuapan de León;2026;Abr;15
PUE;NO;2;74407448;PUE;Oaxaca;Tlaxiaco;TLAXIACO;2026;Abr;15
PUE;NO;2;74412484;PUE; ;Ajalpan;Ajalpan;2026;Abr;15
PUE;NO;2;74459893;PUE;;Oaxaca de Juarez,Ocotlan de Morelos,San Sebastian Tutla;San Sebastian Tutla;2026;Abr;25
PUE;NO;2;74459893;PUE;Oaxaca;Oaxaca;Oaxaca;2026;Abr;25
PUE;NO;2;74459893;PUE;Oaxaca;Ocotlán;Ocotlan;2026;Abr;25
PUE;NO;2;74461570;PUE;Puebla;Teziutlán;Teziutlan;2026;Abr;24
PUE;NO;2;74484549;PUE;Puebla;Amozoc;Amozoc;2026;Abr;30
PUE;NO;2;74509089;PUE;;San Sebastian Tutla;San Sebastian Tutla;2026;May;4
PUE;NO;2;74516894;PUE;Puebla;Santiago Mihuatlán;Santiago Miahuatlan;2026;May;6
PUE;NO;2;74548119;PUE;Puebla;Tehuacan;Tehuacan;2026;May;11
PUE;NO;2;74595237;PUE;Puebla;Teziutlán;Teziutlan;2026;May;20
PUE;NO;2;74609087;PUE;Puebla;Zaragoza;Zaragoza;2026;May;22
PUE;NO;2;74629977;PUE;Puebla;Tehuacan;Tehuacan;2026;May;26
PUE;NO;2;74635438;PUE;Puebla;S FelipeTeotlalcingo;;2026;May;27
PUE;NO;2;74640087;PUE;Puebla;Atlixco;Atlixco;2026;May;27
PUE;NO;2;74640102;PUE;Puebla;Santiago Mihuatlán;Santiago Miahuatlan;2026;May;28
PUE;NO;2;74640102;PUE;Puebla;Tehuacan;Tehuacan;2026;May;28
PUE;NO;2;74646761;PUE;CDMX+EDOMEX;CDMX+EDOMEX;Z.P Iztacalco;2026;May;29
PUE;NO;2;74652137;PUE;Puebla;Teziutlán;Teziutlan;2026;May;30
PUE;NO;2;74723647;PUE;;S Maria Zacatepec*NU;Sta. Maria Zacatepec;2026;Jun;12
PUE;NO;2;74746811;PUE;Puebla;Tecamachalco;Tecamachalco;2026;Jun;17
PUE;NO;2;74750530;PUE;Puebla;Atlixco;Atlixco;2026;Jun;16
PUE;NO;2;74752349;PUE;Puebla;Tehuacan;Tehuacan;2026;Jun;17
PUE;NO;2;74758682;PUE;Puebla;Atlixco;Atlixco;2026;Jun;18
PUE;NO;2;74766782;PUE;Puebla;Zacapoaxtla;Zacapoaxtla;2026;Jun;21
PUE;NO;2;74768249;PUE;Puebla;Tehuacan;Tehuacan;2026;Jun;22
PUE;NO;2;74779432;PUE;Puebla;Santiago Mihuatlán;Santiago Miahuatlan;2026;Jun;23
PUE;NO;2;74780467;PUE;Puebla;Amozoc;Amozoc;2026;Jun;22
PUE;NO;2;74780505;PUE;Puebla;Tehuacan;Tehuacan;2026;Jun;22
PUE;NO;2;74797484;PUE;Puebla;Teziutlán;Teziutlan;2026;Jun;26
PUE;NO;2;74822777;PUE;CDMX+EDOMEX;Chalco;Chalco;2026;Jun;30
PUE;NO;2;74828913;PUE;Puebla;Teziutlán;Teziutlan;2026;Jul;2
PUE;NO;2;74833167;PUE;;San Agustin Yatareni,San Sebastian Tutla;San Sebastian Tutla;2026;Jul;3
PUE;NO;2;74833167;PUE;Oaxaca;San Agustin Yatareni;;2026;Jul;3
PUE;NO;2;74839169;PUE;Puebla;Teziutlán;Teziutlan;2026;Jul;3
PUE;NO;2;74840062;PUE;Puebla;Tepeaca;Tepeaca;2026;Jul;3
PUE;NO;2;74840062;PUE;Puebla;Tlachichuca;Tlachichuca;2026;Jul;3
PUE;NO;2;74860047;PUE;Puebla;Teziutlán;Teziutlan;2026;Jul;8
PUE;NO;2;74867231;PUE;Puebla;Amozoc;Amozoc;2026;Jul;9
PUE;NO;2;74871202;PUE;Puebla;S FelipeTeotlalcingo;;2026;Jul;9
PUE;NO;2;74873246;PUE;CDMX+EDOMEX;Tultitlán;Tultitlan;2026;Jul;10
PUE;NO;2;74876392;PUE;Puebla;Tecamachalco;Tecamachalco;2026;Jul;10
PUE;NO;2;74889901;PUE;Puebla;Acajete;Acajete;2026;Jul;13
PUE;NO;2;74890875;PUE;Puebla;Tepeaca;Tepeaca;2026;Jul;14
PUE;NO;2;74910023;PUE;Puebla;Teziutlán;Teziutlan;2026;Jul;21
PUE;NO;2;74922101;PUE; ;Ajalpan;Ajalpan;2026;Jul;21
PUE;NO;2;74935050;PUE;Oaxaca;Oaxaca;Oaxaca;2026;Jul;24
PUE;NO;2;74935050;PUE;Oaxaca;San Jacinto Amilpas;;2026;Jul;24
PUE;NO;2;74935050;PUE;Oaxaca;Tlalixtac de Cabrera;;2026;Jul;24
PUE;NO;2;74954665;PUE;;S Maria Zacatepec*NU;Sta. Maria Zacatepec;2026;Jul;29
PUE;NO;2;74956848;PUE;Oaxaca;Tlalixtac de Cabrera;;2026;Jul;29
PUE;NO;2;74965832;PUE;Puebla;Teziutlán;Teziutlan;2026;Jul;31
PUE;NO;2;74968734;PUE;Oaxaca;Oaxaca;Oaxaca;2026;Jul;31
PUE;NO;2;74991850;PUE;Puebla;Santiago Mihuatlán;Santiago Miahuatlan;2026;Ago;5
PUE;NO;2;75026575;PUE;Oaxaca;Oaxaca;Oaxaca;2026;Ago;18
PUE;NO;2;75026575;PUE;Oaxaca;San Jacinto Amilpas;;2026;Ago;18
PUE;NO;2;75026575;PUE;Oaxaca;Sta Cruz Xoxocotlan;STA.CRUZ XOXOCOTLAN;2026;Ago;18
PUE;NO;2;75035957;PUE;Puebla;Teziutlán;Teziutlan;2026;Ago;14
PUE;NO;2;75054883;PUE;Puebla;Acajete;Acajete;2026;Ago;18
PUE;NO;2;75082178;PUE;Oaxaca;Zaachila;Zaachila;2026;Ago;24
PUE;NO;2;75084785;PUE;Oaxaca;Oaxaca;Oaxaca;2026;Ago;25
PUE;NO;2;75084791;PUE; ;Ajalpan;Ajalpan;2026;Ago;25
PUE;NO;2;75088122;PUE;Puebla;Tecamachalco;Tecamachalco;2026;Ago;25
PUE;NO;2;75100406;PUE;Puebla;Santiago Mihuatlán;Santiago Miahuatlan;2026;Ago;31
PUE;NO;2;75100406;PUE;Puebla;Tehuacan;Tehuacan;2026;Ago;31
PUE;NO;2;75116795;PUE;Puebla;Zacatlán;Zacatlan;2026;Ago;31
PUE;NO;2;75124879;PUE;Oaxaca;San Juan Bautista G.;;2026;Sep;2
PUE;NO;2;75124879;PUE;Oaxaca;Sta Cruz Xoxocotlan;STA.CRUZ XOXOCOTLAN;2026;Sep;2
PUE;NO;2;75129669;PUE;Puebla;Tepeaca;Tepeaca;2026;Sep;4
PUE;NO;2;75150156;PUE;Puebla;Tehuacan;Tehuacan;2026;Sep;8
PUE;NO;3;74212219;PUE;Puebla;Atlixco;Atlixco;2026;Mar;9
PUE;NO;3;74253377;PUE;Puebla;Atlixco;Atlixco;2026;Mar;18
PUE;NO;3;74423963;PUE;Puebla;Xicotepec;Xicotepec;2026;Abr;18
PUE;NO;3;74437561;PUE;Puebla;Teziutlán;Teziutlan;2026;Abr;20
PUE;NO;3;74437561;PUE;Puebla;Zaragoza;Zaragoza;2026;Abr;20
PUE;NO;3;74437564;PUE;Puebla;Tehuacan;Tehuacan;2026;Abr;20
PUE;NO;3;74455115;PUE;Oaxaca;Tlalixtac de Cabrera;;2026;Abr;25
PUE;NO;3;74474084;PUE;Guerrero;Ciudad Altamirano;Cd. Altamirano;2026;Abr;27
PUE;NO;3;74474581;PUE;Puebla;Teziutlán;Teziutlan;2026;Abr;29
PUE;NO;3;74483817;PUE;Puebla;Zacatlán;Zacatlan;2026;Abr;29
PUE;NO;3;74486594;PUE;Puebla;Tehuacan;Tehuacan;2026;Abr;30
PUE;NO;3;74515209;PUE;Puebla;Tehuacan;Tehuacan;2026;May;5
PUE;NO;3;74528762;PUE;;S Maria Zacatepec*NU;Sta. Maria Zacatepec;2026;May;6
PUE;NO;3;74528766;PUE; ;Ajalpan;Ajalpan;2026;May;8
PUE;NO;3;74554166;PUE;Puebla;Tepeaca;Tepeaca;2026;May;12
PUE;NO;3;74676872;PUE;Oaxaca;Huajuapan de León;Huajuapan de León;2026;Jun;8
PUE;NO;3;74676872;PUE;Oaxaca;Oaxaca;Oaxaca;2026;Jun;8
PUE;NO;3;74676872;PUE;Oaxaca;Ocotlán;Ocotlan;2026;Jun;8
PUE;NO;3;74752105;PUE;Puebla;Atlixco;Atlixco;2026;Jun;17
PUE;NO;3;74803225;PUE;Puebla;Zaragoza;Zaragoza;2026;Jun;27
PUE;NO;3;74803977;PUE;Puebla;Teziutlán;Teziutlan;2026;Jun;26
PUE;NO;3;74856725;PUE;Puebla;Tepeaca;Tepeaca;2026;Jul;7
PUE;NO;3;74925525;PUE;Puebla;Tecamachalco;Tecamachalco;2026;Jul;22
PUE;NO;3;74955823;PUE;Puebla;Tehuacan;Tehuacan;2026;Jul;29
PUE;NO;3;74955823;PUE;Puebla;Tepeaca;Tepeaca;2026;Jul;29
PUE;NO;3;74956830;PUE;Puebla;Zaragoza;Zaragoza;2026;Jul;29
PUE;NO;3;75089787;PUE;Oaxaca;Huautla de Jimenez;Huautla de Jiménez;2026;Ago;27
PUE;NO;3;75100385;PUE;Oaxaca;Huautla de Jimenez;Huautla de Jiménez;2026;Sep;1
PUE;NO;3;75103014;PUE;Puebla;Zacatlán;Zacatlan;2026;Ago;28
PUE;NO;4;74407406;PUE;Oaxaca;Sta Cruz Xoxocotlan;STA.CRUZ XOXOCOTLAN;2026;Abr;15
PUE;NO;4;74418992;PUE;Oaxaca;Tlalixtac de Cabrera;;2026;Abr;17
PUE;NO;4;74445586;PUE;Puebla;Amozoc;Amozoc;2026;Abr;22
PUE;NO;4;74476168;PUE;Puebla;Teziutlán;Teziutlan;2026;Abr;29
PUE;NO;4;74529168;PUE;Oaxaca;Oaxaca;Oaxaca;2026;May;8
PUE;NO;4;74529168;PUE;Oaxaca;Sta Cruz Xoxocotlan;STA.CRUZ XOXOCOTLAN;2026;May;8
PUE;NO;4;74566149;PUE;Veracruz;Orizaba;HUILOAPAN DE CUAUHT;2026;May;14
PUE;NO;4;74763002;PUE;Oaxaca;Huautla de Jimenez;Huautla de Jiménez;2026;Jun;19
PUE;NO;4;74763002;PUE;Puebla;Santiago Mihuatlán;Santiago Miahuatlan;2026;Jun;19
PUE;NO;4;74798450;PUE;Puebla;Atlixco;Atlixco;2026;Jun;26
PUE;NO;4;74808667;PUE;Oaxaca;Tlalixtac de Cabrera;;2026;Jun;29
PUE;NO;4;74808667;PUE;Oaxaca;Zaachila;Zaachila;2026;Jun;29
PUE;NO;4;74829881;PUE;Oaxaca;Nochixtlán;Nochixtlan;2026;Jul;2
PUE;NO;4;74829881;PUE;Oaxaca;Ocotlán;Ocotlan;2026;Jul;2
PUE;NO;4;74829881;PUE;Oaxaca;Tlalixtac de Cabrera;;2026;Jul;2
PUE;NO;4;74889101;PUE;Veracruz;Orizaba;HUILOAPAN DE CUAUHT;2026;Jul;13
PUE;NO;4;74909204;PUE;Veracruz;Orizaba;HUILOAPAN DE CUAUHT;2026;Jul;17
PUE;NO;4;74919641;PUE;Puebla;Tehuacan;Tehuacan;2026;Jul;20
PUE;NO;4;74925987;PUE;Puebla;Tepeaca;Tepeaca;2026;Jul;21
PUE;NO;4;74964502;PUE; ;Ajalpan;Ajalpan;2026;Jul;31
PUE;NO;4;74966280;PUE;Puebla;Tepeaca;Tepeaca;2026;Jul;31
PUE;NO;4;75025783;PUE;Puebla;Tepanco de Lopez;;2026;Ago;13
PUE;NO;4;75065495;PUE;Oaxaca;Huautla de Jimenez;Huautla de Jiménez;2026;Ago;21
PUE;NO;4;75065495;PUE;Puebla;Tehuacan;Tehuacan;2026;Ago;21
PUE;NO;4;75092588;PUE;Puebla;Tehuacan;Tehuacan;2026;Ago;26
PUE;NO;4;75094434;PUE;Oaxaca;Oaxaca;Oaxaca;2026;Ago;27
PUE;NO;4;75094434;PUE;Oaxaca;Sta Cruz Xoxocotlan;STA.CRUZ XOXOCOTLAN;2026;Ago;27
PUE;NO;Asignación Manual;73781872;PUE;Puebla;Teziutlán;Teziutlan;2026;Ene;2
PUE;NO;Asignación Manual;73792985;PUE;Puebla;Atlixco;Atlixco;2026;Ene;5
PUE;NO;Asignación Manual;73803428;PUE;Puebla;Tehuacan;Tehuacan;2026;Ene;2
PUE;NO;Asignación Manual;73817395;PUE;Puebla;Rafael Lara Grajales;Rafael Lara Grajales;2026;Ene;5
PUE;NO;Asignación Manual;73817403;PUE;Puebla;Santiago Mihuatlán;Santiago Miahuatlan;2026;Ene;5
PUE;NO;Asignación Manual;73817430;PUE;Veracruz;Tantoyuca;Tantoyuca;2026;Ene;7
PUE;NO;Asignación Manual;73821607;PUE;Puebla;Atlixco;Atlixco;2026;Ene;6
PUE;NO;Asignación Manual;73822642;PUE;Puebla;S FelipeTeotlalcingo;;2026;Ene;5
PUE;NO;Asignación Manual;73822939;PUE;Oaxaca;Nochixtlán;Nochixtlan;2026;Ene;5
PUE;NO;Asignación Manual;73822939;PUE;Oaxaca;Tlaxiaco;TLAXIACO;2026;Ene;5
PUE;NO;Asignación Manual;73822939;PUE;Puebla;Amozoc;Amozoc;2026;Ene;5
PUE;NO;Asignación Manual;73823262;PUE;;Oaxaca de Juarez,San Pedro Pochutla,San Sebastian Tutla;San Sebastian Tutla;2026;Ene;5
PUE;NO;Asignación Manual;73823262;PUE;Oaxaca;Oaxaca;Oaxaca;2026;Ene;5
PUE;NO;Asignación Manual;73823262;PUE;Oaxaca;San Pedro Pochutla;San Pedro Pochutla;2026;Ene;5
PUE;NO;Asignación Manual;73823490;PUE;Puebla;S FelipeTeotlalcingo;;2026;Ene;5
PUE;NO;Asignación Manual;73823660;PUE;Puebla;S FelipeTeotlalcingo;;2026;Ene;6
PUE;NO;Asignación Manual;73828297;PUE;Oaxaca;Oaxaca;Oaxaca;2026;Ene;6
PUE;NO;Asignación Manual;73828616;PUE;Oaxaca;Sta Cruz Xoxocotlan;Miahuatlán;2026;Ene;8
PUE;NO;Asignación Manual;73828616;PUE;Oaxaca;Sta Cruz Xoxocotlan;STA.CRUZ XOXOCOTLAN;2026;Ene;8
PUE;NO;Asignación Manual;73829623;PUE;Puebla;Tecamachalco;Tecamachalco;2026;Ene;6
PUE;NO;Asignación Manual;73829623;PUE;Puebla;Tehuacan;Tehuacan;2026;Ene;6
PUE;NO;Asignación Manual;73830445;PUE;Oaxaca;TLACOTEPEC;Tlacotepec Benito J;2026;Ene;6
PUE;NO;Asignación Manual;73830463;PUE;Puebla;Teziutlán;Teziutlan;2026;Ene;6
PUE;NO;Asignación Manual;73831458;PUE; ;Ajalpan;Ajalpan;2026;Ene;8
PUE;NO;Asignación Manual;73831503;PUE;Puebla;Tehuacan;Tehuacan;2026;Ene;8
PUE;NO;Asignación Manual;73835736;PUE;Oaxaca;San Juan Bautista G.;;2026;Ene;7
PUE;NO;Asignación Manual;73836163;PUE;Puebla;Tehuacan;Tehuacan;2026;Ene;7
PUE;NO;Asignación Manual;73837288;PUE;;A Nochixtlan, Oax,San Jacinto Amilpas,San Sebastian Tutla;San Sebastian Tutla;2026;Ene;8
PUE;NO;Asignación Manual;73837288;PUE;Oaxaca;Asunción;ASUNCION N., OAX.;2026;Ene;8
PUE;NO;Asignación Manual;73837288;PUE;Oaxaca;San Jacinto Amilpas;;2026;Ene;8
PUE;NO;Asignación Manual;73837773;PUE;Puebla;Tehuacan;Tehuacan;2026;Ene;8
PUE;NO;Asignación Manual;73837776;PUE;Puebla;Tehuacan;Tehuacan;2026;Ene;7
PUE;NO;Asignación Manual;73837834;PUE;Puebla;Tehuacan;Tehuacan;2026;Ene;7
PUE;NO;Asignación Manual;73838382;PUE;Puebla;Tehuacan;Tehuacan;2026;Ene;9
PUE;NO;Asignación Manual;73838409;PUE;Puebla;Tehuacan;Tehuacan;2026;Ene;7
PUE;NO;Asignación Manual;73838753;PUE;Puebla;Tehuacan;Tehuacan;2026;Ene;8
PUE;NO;Asignación Manual;73842448;PUE;Puebla;Atlixco;Atlixco;2026;Ene;8
PUE;NO;Asignación Manual;73842633;PUE;Puebla;Tehuacan;Tehuacan;2026;Ene;9
PUE;NO;Asignación Manual;73842637;PUE;Puebla;Tehuacan;Tehuacan;2026;Ene;9
PUE;NO;Asignación Manual;73843956;PUE;Oaxaca;Oaxaca;Oaxaca;2026;Ene;9
PUE;NO;Asignación Manual;73844084;PUE;Puebla;Tehuacan;Tehuacan;2026;Ene;8
PUE;NO;Asignación Manual;73845309;PUE;Puebla;Tehuacan;Tehuacan;2026;Ene;8
PUE;NO;Asignación Manual;73853197;PUE;Puebla;Amozoc;Amozoc;2026;Ene;9
PUE;NO;Asignación Manual;73872296;PUE;Puebla;Zacapoaxtla;Zacapoaxtla;2026;Ene;12
PUE;NO;Asignación Manual;73872300;PUE;Puebla;Tecamachalco;Tecamachalco;2026;Ene;12
PUE;NO;Asignación Manual;73872639;PUE;Puebla;Tehuacan;Tehuacan;2026;Ene;12
PUE;NO;Asignación Manual;73872716;PUE;Puebla;Tehuacan;Tehuacan;2026;Ene;12
PUE;NO;Asignación Manual;73873081;PUE;Guerrero;Benito Juarez;Benito Juarez;2026;Ene;13
PUE;NO;Asignación Manual;73873081;PUE;Guerrero;Zihuatanejo;Zihuatanejo;2026;Ene;13
PUE;NO;Asignación Manual;73874966;PUE;Puebla;Tepeaca;Tepeaca;2026;Ene;12
PUE;NO;Asignación Manual;73874967;PUE;Puebla;Tepeaca;Tepeaca;2026;Ene;12
PUE;NO;Asignación Manual;73874983;PUE;Puebla;Tepeaca;Tepeaca;2026;Ene;12
PUE;NO;Asignación Manual;73875218;PUE;Puebla;Atlixco;Atlixco;2026;Ene;13
PUE;NO;Asignación Manual;73875222;PUE;Puebla;Teziutlán;Teziutlan;2026;Ene;13
PUE;NO;Asignación Manual;73875225;PUE;Puebla;Tepeaca;Tepeaca;2026;Ene;17
PUE;NO;Asignación Manual;73875229;PUE;Puebla;Tepeaca;Tepeaca;2026;Ene;14
PUE;NO;Asignación Manual;73875231;PUE;Puebla;S FelipeTeotlalcingo;;2026;Ene;13
PUE;NO;Asignación Manual;73875782;PUE;Puebla;Tepeaca;Tepeaca;2026;Ene;13
PUE;NO;Asignación Manual;73880703;PUE;Tlaxcala;Zacatelco;Zacatelco;2026;Ene;13
PUE;NO;Asignación Manual;73880704;PUE;Oaxaca;Huautla de Jimenez;Huautla de Jiménez;2026;Ene;13
PUE;NO;Asignación Manual;73880708;PUE; ;Ajalpan;Ajalpan;2026;Ene;13
PUE;NO;Asignación Manual;73881584;PUE;Puebla;Tepeaca;Tepeaca;2026;Ene;14
PUE;NO;Asignación Manual;73881588;PUE;Puebla;Tepeaca;Tepeaca;2026;Ene;13
PUE;NO;Asignación Manual;73882246;PUE;Puebla;Teziutlán;Teziutlan;2026;Ene;16
PUE;NO;Asignación Manual;73882501;PUE;Tlaxcala;Zacatelco;Zacatelco;2026;Ene;13
PUE;NO;Asignación Manual;73888566;PUE;Tlaxcala;Zacatelco;Zacatelco;2026;Ene;14
PUE;NO;Asignación Manual;73889018;PUE; ;Ajalpan,Tehuacan;Ajalpan;2026;Ene;16
PUE;NO;Asignación Manual;73889018;PUE;Puebla;Tehuacan;Tehuacan;2026;Ene;16
PUE;NO;Asignación Manual;73890125;PUE;Puebla;Tepeaca;Tepeaca;2026;Ene;16
PUE;NO;Asignación Manual;73890128;PUE;Puebla;Zacatlán;Zacatlan;2026;Ene;14
PUE;NO;Asignación Manual;73891421;PUE;Puebla;Tepeaca;Tepeaca;2026;Ene;14
PUE;NO;Asignación Manual;73906271;PUE;Puebla;Amozoc;Amozoc;2026;Ene;16
PUE;NO;Asignación Manual;73906274;PUE;Puebla;Atlixco;Atlixco;2026;Ene;16
PUE;NO;Asignación Manual;73906275;PUE;;S Maria Zacatepec*NU;Sta. Maria Zacatepec;2026;Ene;16
PUE;NO;Asignación Manual;73906279;PUE;Puebla;Zaragoza;Zaragoza;2026;Ene;16
PUE;NO;Asignación Manual;73906282;PUE;Oaxaca;San Jacinto Amilpas;;2026;Ene;16
PUE;NO;Asignación Manual;73906282;PUE;Oaxaca;Sta Cruz Xoxocotlan;Miahuatlán;2026;Ene;16
PUE;NO;Asignación Manual;73906284;PUE;Oaxaca;Sta Cruz Xoxocotlan;STA.CRUZ XOXOCOTLAN;2026;Ene;16
PUE;NO;Asignación Manual;73906285;PUE;Oaxaca;Oaxaca;Oaxaca;2026;Ene;16
PUE;NO;Asignación Manual;73906285;PUE;Oaxaca;Sta Cruz Xoxocotlan;STA.CRUZ XOXOCOTLAN;2026;Ene;16
PUE;NO;Asignación Manual;73909034;PUE;Oaxaca;Sta Cruz Xoxocotlan;STA.CRUZ XOXOCOTLAN;2026;Ene;20
PUE;NO;Asignación Manual;73910138;PUE;Tlaxcala;Zacatelco;Zacatelco;2026;Ene;17
PUE;NO;Asignación Manual;73910139;PUE;Puebla;Zacatlán;Zacatlan;2026;Ene;20
PUE;NO;Asignación Manual;73910141;PUE;Puebla;S FelipeTeotlalcingo;;2026;Ene;17
PUE;NO;Asignación Manual;73910147;PUE;Puebla;Tepeaca;Tepeaca;2026;Ene;20
PUE;NO;Asignación Manual;73927330;PUE;Tlaxcala;Zacatelco;Zacatelco;2026;Ene;20
PUE;NO;Asignación Manual;73930191;PUE;Puebla;S FelipeTeotlalcingo;;2026;Ene;20
PUE;NO;Asignación Manual;73931200;PUE;Puebla;Zacapoaxtla;Zacapoaxtla;2026;Ene;22
PUE;NO;Asignación Manual;73931202;PUE;Puebla;Tlatlauquitepec, Pue;Tlatlauquitepec, Pue;2026;Ene;23
PUE;NO;Asignación Manual;73931639;PUE;Oaxaca;Puerto Escondido;Puerto Escondido;2026;Ene;20
PUE;NO;Asignación Manual;73931639;PUE;Oaxaca;San Pedro Pochutla;San Pedro Pochutla;2026;Ene;20
PUE;NO;Asignación Manual;73931639;PUE;Oaxaca;Santiago Juxtlahuaca;SGO.JUXTLAHUACA,OAX.;2026;Ene;20
PUE;NO;Asignación Manual;73932602;PUE;Puebla;Acajete;Acajete;2026;Ene;22
PUE;NO;Asignación Manual;73936487;PUE;Oaxaca;Sta Cruz Xoxocotlan;STA.CRUZ XOXOCOTLAN;2026;Ene;21
PUE;NO;Asignación Manual;73936489;PUE;Puebla;Tehuacan;Tehuacan;2026;Ene;21
PUE;NO;Asignación Manual;73936719;PUE;Oaxaca;Sta Cruz Xoxocotlan;STA.CRUZ XOXOCOTLAN;2026;Ene;22
PUE;NO;Asignación Manual;73937769;PUE;Puebla;Zacatlán;Zacatlan;2026;Ene;23
PUE;NO;Asignación Manual;73937790;PUE;Puebla;Tehuacan;Tehuacan;2026;Ene;22
PUE;NO;Asignación Manual;73937790;PUE;Puebla;Tepeaca;Tepeaca;2026;Ene;22
PUE;NO;Asignación Manual;73937791;PUE;Tlaxcala;Apizaco;Apizaco;2026;Ene;22
PUE;NO;Asignación Manual;73937791;PUE;Tlaxcala;Tetla;Tetla;2026;Ene;22
PUE;NO;Asignación Manual;73942687;PUE;Puebla;Teziutlán;Teziutlan;2026;Ene;26
PUE;NO;Asignación Manual;73942859;PUE;Oaxaca;Asunción;ASUNCION N., OAX.;2026;Ene;26
PUE;NO;Asignación Manual;73942859;PUE;Oaxaca;Tlaxiaco;TLAXIACO;2026;Ene;26
PUE;NO;Asignación Manual;73942866;PUE;;A Nochixtlan, Oax,Oaxaca de Juarez,San Sebastian Tutla,Sta Cruz Xoxocotlan;San Sebastian Tutla;2026;Ene;23
PUE;NO;Asignación Manual;73942866;PUE;Oaxaca;Oaxaca;Oaxaca;2026;Ene;23
PUE;NO;Asignación Manual;73942866;PUE;Oaxaca;Sta Cruz Xoxocotlan;STA.CRUZ XOXOCOTLAN;2026;Ene;23
PUE;NO;Asignación Manual;73944533;PUE;Veracruz;Tantoyuca;Tantoyuca;2026;Ene;23
PUE;NO;Asignación Manual;73948456;PUE;Oaxaca;Sta Cruz Xoxocotlan;STA.CRUZ XOXOCOTLAN;2026;Ene;23
PUE;NO;Asignación Manual;73948494;PUE;Puebla;Chiautla de Tapia;;2026;Ene;26
PUE;NO;Asignación Manual;73964109;PUE;Veracruz;Veracruz;Veracruz;2026;Ene;26
PUE;NO;Asignación Manual;73966605;PUE;Oaxaca;Oaxaca;Oaxaca;2026;Ene;27
PUE;NO;Asignación Manual;73966605;PUE;Oaxaca;Sta Cruz Xoxocotlan;STA.CRUZ XOXOCOTLAN;2026;Ene;27
PUE;NO;Asignación Manual;73970784;PUE;Guerrero;Acapulco;Acapulco de Juarez;2026;Ene;29
PUE;NO;Asignación Manual;73974674;PUE;Puebla;Santiago Mihuatlán;Santiago Miahuatlan;2026;Ene;28
PUE;NO;Asignación Manual;73974679;PUE;Puebla;Acajete;Acajete;2026;Ene;28
PUE;NO;Asignación Manual;73974680;PUE;;Ocotlan de Morelos,San Sebastian Tutla;San Sebastian Tutla;2026;Ene;29
PUE;NO;Asignación Manual;73974680;PUE;Oaxaca;Ocotlán;Ocotlan;2026;Ene;29
PUE;NO;Asignación Manual;73974723;PUE;Puebla;Santiago Mihuatlán;Santiago Miahuatlan;2026;Ene;28
PUE;NO;Asignación Manual;73975513;PUE;Puebla;Santiago Mihuatlán;Santiago Miahuatlan;2026;Ene;28
PUE;NO;Asignación Manual;73975624;PUE;Puebla;Acajete;Acajete;2026;Ene;28
PUE;NO;Asignación Manual;73976389;PUE;Guerrero;Acapulco;Acapulco de Juarez;2026;Ene;28
PUE;NO;Asignación Manual;73976389;PUE;Guerrero;Benito Juarez;Benito Juarez;2026;Ene;28
PUE;NO;Asignación Manual;73977000;PUE;Puebla;Teziutlán;Teziutlan;2026;Ene;29
PUE;NO;Asignación Manual;73977000;PUE;Puebla;Zacapoaxtla;Zacapoaxtla;2026;Ene;29
PUE;NO;Asignación Manual;73979985;PUE;Puebla;Acatlán;Acatlan;2026;Ene;29
PUE;NO;Asignación Manual;73980057;PUE;Veracruz;Martínez de la Torre;Martínez de la Torre;2026;Ene;29
PUE;NO;Asignación Manual;73980057;PUE;Veracruz;Perote;Perote;2026;Ene;29
PUE;NO;Asignación Manual;73980494;PUE;Tlaxcala;San Pablo Monte;San Pablo del Monte;2026;Ene;29
PUE;NO;Asignación Manual;73985319;PUE;Puebla;Tehuacan;Tehuacan;2026;Ene;30
PUE;NO;Asignación Manual;73985323;PUE;Puebla;Tehuacan;Tehuacan;2026;Ene;30
PUE;NO;Asignación Manual;73985346;PUE;Puebla;Tehuacan;Tehuacan;2026;Ene;30
PUE;NO;Asignación Manual;73985426;PUE;Puebla;Tehuacan;Tehuacan;2026;Ene;30
PUE;NO;Asignación Manual;73986759;PUE;Tlaxcala;Apizaco;Apizaco;2026;Ene;30
PUE;NO;Asignación Manual;73986759;PUE;Tlaxcala;Tetla;Tetla;2026;Ene;30
PUE;NO;Asignación Manual;73986926;PUE;Puebla;San Martin Texmelucan;S. Martín Texmelucan;2026;Ene;30
PUE;NO;Asignación Manual;74008144;PUE;Puebla;Teziutlán;Teziutlan;2026;Feb;3
PUE;NO;Asignación Manual;74009328;PUE;Guerrero;Acapulco;Acapulco de Juarez;2026;Feb;3
PUE;NO;Asignación Manual;74009328;PUE;Guerrero;Chilapa;Chilapa de Alvarez;2026;Feb;3
PUE;NO;Asignación Manual;74015425;PUE;Oaxaca;Huautla de Jimenez;Huautla de Jiménez;2026;Feb;10
PUE;NO;Asignación Manual;74022405;PUE;Puebla;Tehuacan;Tehuacan;2026;Feb;9
PUE;NO;Asignación Manual;74022406;PUE;Puebla;Tehuacan;Tehuacan;2026;Feb;9
PUE;NO;Asignación Manual;74030330;PUE;Puebla;Amozoc;Amozoc;2026;Feb;10
PUE;NO;Asignación Manual;74030335;PUE;Tlaxcala;Apizaco;Apizaco;2026;Feb;9
PUE;NO;Asignación Manual;74030335;PUE;Tlaxcala;Zacatelco;Zacatelco;2026;Feb;9
PUE;NO;Asignación Manual;74030337;PUE;Puebla;Atlixco;Atlixco;2026;Feb;12
PUE;NO;Asignación Manual;74030349;PUE;Puebla;Tehuacan;Tehuacan;2026;Feb;10
PUE;NO;Asignación Manual;74030353;PUE;Tlaxcala;Zacatelco;Zacatelco;2026;Feb;10
PUE;NO;Asignación Manual;74030355;PUE;Tlaxcala;Zacatelco;Zacatelco;2026;Feb;9
PUE;NO;Asignación Manual;74030366;PUE;Puebla;Tepeaca;Tepeaca;2026;Feb;9
PUE;NO;Asignación Manual;74032668;PUE;Puebla;Tepeaca;Tepeaca;2026;Feb;9
PUE;NO;Asignación Manual;74032673;PUE;Puebla;Tepeaca;Tepeaca;2026;Feb;10
PUE;NO;Asignación Manual;74032675;PUE;Puebla;Tepeaca;Tepeaca;2026;Feb;10
PUE;NO;Asignación Manual;74032680;PUE;Puebla;Tepeaca;Tepeaca;2026;Feb;11
PUE;NO;Asignación Manual;74049445;PUE;Puebla;Tepeaca;Tepeaca;2026;Feb;10
PUE;NO;Asignación Manual;74049521;PUE;Oaxaca;Oaxaca;Oaxaca;2026;Feb;12
PUE;NO;Asignación Manual;74049521;PUE;Oaxaca;Ocotlán;Ocotlan;2026;Feb;12
PUE;NO;Asignación Manual;74049522;PUE;Oaxaca;Huajuapan de León;Huajuapan de León;2026;Feb;12
PUE;NO;Asignación Manual;74050450;PUE;Puebla;Tepeaca;Tepeaca;2026;Feb;11
PUE;NO;Asignación Manual;74050755;PUE;Puebla;Izuca de Matamoros;Izuca de Matamoros;2026;Feb;13
PUE;NO;Asignación Manual;74051140;PUE;Puebla;Tecamachalco;Tecamachalco;2026;Feb;11
PUE;NO;Asignación Manual;74054534;PUE; ;Ajalpan;Ajalpan;2026;Feb;11
PUE;NO;Asignación Manual;74054537;PUE;Puebla;Tehuacan;Tehuacan;2026;Feb;12
PUE;NO;Asignación Manual;74054583;PUE;Puebla;Tehuacan;Tehuacan;2026;Feb;10
PUE;NO;Asignación Manual;74054706;PUE;Puebla;Tepeaca;Tepeaca;2026;Feb;11
PUE;NO;Asignación Manual;74054841;PUE;Puebla;Tehuacan;Tehuacan;2026;Feb;10
PUE;NO;Asignación Manual;74055350;PUE;Puebla;Tepeaca;Tepeaca;2026;Feb;12
PUE;NO;Asignación Manual;74055357;PUE;Puebla;Tehuacan;Tehuacan;2026;Feb;11
PUE;NO;Asignación Manual;74055365;PUE;Puebla;Tehuacan;Tehuacan;2026;Feb;13
PUE;NO;Asignación Manual;74056550;PUE;Puebla;Zaragoza;Zaragoza;2026;Feb;10
PUE;NO;Asignación Manual;74056891;PUE;Puebla;Zacapoaxtla;Zacapoaxtla;2026;Feb;13
PUE;NO;Asignación Manual;74056891;PUE;Puebla;Zaragoza;Zaragoza;2026;Feb;13
PUE;NO;Asignación Manual;74059898;PUE; ;Ajalpan,Huautla de Jimenez;Ajalpan;2026;Feb;11
PUE;NO;Asignación Manual;74059898;PUE;Oaxaca;Huautla de Jimenez;Huautla de Jiménez;2026;Feb;11
PUE;NO;Asignación Manual;74060659;PUE;Tlaxcala;Zacatelco;Zacatelco;2026;Feb;11
PUE;NO;Asignación Manual;74061125;PUE;Puebla;Tehuacan;Tehuacan;2026;Feb;12
PUE;NO;Asignación Manual;74062666;PUE;Oaxaca;San Agustin Yatareni;;2026;Feb;13
PUE;NO;Asignación Manual;74062666;PUE;Oaxaca;Sta Cruz Xoxocotlan;STA.CRUZ XOXOCOTLAN;2026;Feb;13
PUE;NO;Asignación Manual;74062666;PUE;Oaxaca;Tlalixtac de Cabrera;;2026;Feb;13
PUE;NO;Asignación Manual;74065570;PUE;Puebla;Teziutlán;Teziutlan;2026;Feb;12
PUE;NO;Asignación Manual;74067952;PUE;Oaxaca;TLACOTEPEC;Tlacotepec Benito J;2026;Feb;13
PUE;NO;Asignación Manual;74068197;PUE;Puebla;Tepeaca;Tepeaca;2026;Feb;12
PUE;NO;Asignación Manual;74068579;PUE;Puebla;Tepeaca;Tepeaca;2026;Feb;16
PUE;NO;Asignación Manual;74068580;PUE;Puebla;Tepeaca;Tepeaca;2026;Feb;13
PUE;NO;Asignación Manual;74068581;PUE;Puebla;Tepeaca;Tepeaca;2026;Feb;13
PUE;NO;Asignación Manual;74073194;PUE;Puebla;Tepeaca;Tepeaca;2026;Feb;16
PUE;NO;Asignación Manual;74073393;PUE;Oaxaca;TLACOTEPEC;Tlacotepec Benito J;2026;Feb;17
PUE;NO;Asignación Manual;74088027;PUE;Tlaxcala;Zacatelco;Zacatelco;2026;Feb;16
PUE;NO;Asignación Manual;74088039;PUE;Tlaxcala;Apizaco;Apizaco;2026;Feb;16
PUE;NO;Asignación Manual;74088047;PUE;Oaxaca;Santiago Pinotepa Nacional;Stgo. Pinotepa Nal.;2026;Feb;17
PUE;NO;Asignación Manual;74088086;PUE;Puebla;Santiago Mihuatlán;Santiago Miahuatlan;2026;Feb;16
PUE;NO;Asignación Manual;74088098;PUE;;Oaxaca de Juarez,Ocotlan de Morelos,San Sebastian Tutla;San Sebastian Tutla;2026;Feb;16
PUE;NO;Asignación Manual;74088098;PUE;Oaxaca;Oaxaca;Oaxaca;2026;Feb;16
PUE;NO;Asignación Manual;74088098;PUE;Oaxaca;Ocotlán;Ocotlan;2026;Feb;16
PUE;NO;Asignación Manual;74088690;PUE;Puebla;Zaragoza;Zaragoza;2026;Feb;17
PUE;NO;Asignación Manual;74088827;PUE;Puebla;Tepeaca;Tepeaca;2026;Feb;17
PUE;NO;Asignación Manual;74088838;PUE;Oaxaca;Huautla de Jimenez;Huautla de Jiménez;2026;Feb;16
PUE;NO;Asignación Manual;74088838;PUE;Puebla;Tepeaca;Tepeaca;2026;Feb;16
PUE;NO;Asignación Manual;74088946;PUE;Tlaxcala;Apizaco;Apizaco;2026;Feb;17
PUE;NO;Asignación Manual;74090218;PUE;Tlaxcala;Apizaco;Apizaco;2026;Feb;19
PUE;NO;Asignación Manual;74090218;PUE;Tlaxcala;Zacatelco;Zacatelco;2026;Feb;19
PUE;NO;Asignación Manual;74090247;PUE;Guerrero;Acapulco;Acapulco de Juarez;2026;Feb;16
PUE;NO;Asignación Manual;74090247;PUE;Guerrero;Juan R Escudero;Juan R Escudero;2026;Feb;16
PUE;NO;Asignación Manual;74090247;PUE;Guerrero;Tlapa;Tlapa;2026;Feb;16
PUE;NO;Asignación Manual;74090774;PUE;Puebla;S FelipeTeotlalcingo;;2026;Feb;17
PUE;NO;Asignación Manual;74090777;PUE;Oaxaca;Oaxaca;Oaxaca;2026;Feb;18
PUE;NO;Asignación Manual;74090777;PUE;Oaxaca;Sta Cruz Xoxocotlan;STA.CRUZ XOXOCOTLAN;2026;Feb;18
PUE;NO;Asignación Manual;74090832;PUE;Puebla;S FelipeTeotlalcingo;;2026;Feb;17
PUE;NO;Asignación Manual;74090984;PUE;Puebla;Tepeaca;Tepeaca;2026;Feb;17
PUE;NO;Asignación Manual;74090985;PUE; ;Ajalpan;Ajalpan;2026;Feb;19
PUE;NO;Asignación Manual;74090988;PUE;Puebla;Tehuacan;Tehuacan;2026;Feb;18
PUE;NO;Asignación Manual;74090989;PUE;Puebla;Tehuacan;Tehuacan;2026;Feb;17
PUE;NO;Asignación Manual;74090991;PUE;Puebla;Tecamachalco;Tecamachalco;2026;Feb;19
PUE;NO;Asignación Manual;74094378;PUE;Puebla;Teziutlán;Teziutlan;2026;Feb;18
PUE;NO;Asignación Manual;74094381;PUE;Puebla;Atlixco;Atlixco;2026;Feb;17
PUE;NO;Asignación Manual;74095263;PUE;Oaxaca;Santiago Juxtlahuaca;SGO.JUXTLAHUACA,OAX.;2026;Feb;18
PUE;NO;Asignación Manual;74095263;PUE;Oaxaca;Santiago Pinotepa Nacional;Stgo. Pinotepa Nal.;2026;Feb;18
PUE;NO;Asignación Manual;74095794;PUE;Oaxaca;Oaxaca;Oaxaca;2026;Feb;18
PUE;NO;Asignación Manual;74096236;PUE;Puebla;Zacatlán;Zacatlan;2026;Feb;20
PUE;NO;Asignación Manual;74100444;PUE;Puebla;Acajete;Acajete;2026;Feb;19
PUE;NO;Asignación Manual;74100444;PUE;Puebla;Teziutlán;Teziutlan;2026;Feb;19
PUE;NO;Asignación Manual;74100448;PUE;Puebla;Tepeaca;Tepeaca;2026;Feb;18
PUE;NO;Asignación Manual;74100819;PUE;Oaxaca;Oaxaca;Oaxaca;2026;Feb;18
PUE;NO;Asignación Manual;74100819;PUE;Oaxaca;San Agustin Yatareni;;2026;Feb;18
PUE;NO;Asignación Manual;74100819;PUE;Oaxaca;Tlalixtac de Cabrera;;2026;Feb;18
PUE;NO;Asignación Manual;74101831;PUE;Veracruz;Orizaba;HUILOAPAN DE CUAUHT;2026;Feb;18
PUE;NO;Asignación Manual;74106965;PUE;;San Sebastian Tutla,Tlalixtac de Cabrera;San Sebastian Tutla;2026;Feb;19
PUE;NO;Asignación Manual;74106965;PUE;Oaxaca;Tlalixtac de Cabrera;;2026;Feb;19
PUE;NO;Asignación Manual;74108388;PUE; ;Ajalpan,Huautla de Jimenez;Ajalpan;2026;Feb;20
PUE;NO;Asignación Manual;74108388;PUE;Oaxaca;Huautla de Jimenez;Huautla de Jiménez;2026;Feb;20
PUE;NO;Asignación Manual;74108611;PUE;Puebla;S FelipeTeotlalcingo;;2026;Feb;19
PUE;NO;Asignación Manual;74108944;PUE;Puebla;Tepeaca;Tepeaca;2026;Feb;25
PUE;NO;Asignación Manual;74109327;PUE; ;Ajalpan,Santiago Miahuatlan,Tehuacan;Ajalpan;2026;Feb;20
PUE;NO;Asignación Manual;74109327;PUE;Puebla;Santiago Mihuatlán;Santiago Miahuatlan;2026;Feb;20
PUE;NO;Asignación Manual;74109327;PUE;Puebla;Tehuacan;Tehuacan;2026;Feb;20
PUE;NO;Asignación Manual;74113769;PUE;Oaxaca;Sta Cruz Xoxocotlan;STA.CRUZ XOXOCOTLAN;2026;Feb;25
PUE;NO;Asignación Manual;74114743;PUE;Puebla;Tehuacan;Tehuacan;2026;Feb;20
PUE;NO;Asignación Manual;74115001;PUE;Puebla;Teziutlán;Teziutlan;2026;Feb;20
PUE;NO;Asignación Manual;74115464;PUE;Puebla;Zacatlán;Zacatlan;2026;Feb;20
PUE;NO;Asignación Manual;74115469;PUE;Puebla;Tecamachalco;Tecamachalco;2026;Feb;27
PUE;NO;Asignación Manual;74116186;PUE;Tlaxcala;Zacatelco;Zacatelco;2026;Feb;20
PUE;NO;Asignación Manual;74116190;PUE;Puebla;S FelipeTeotlalcingo;;2026;Feb;20
PUE;NO;Asignación Manual;74116289;PUE;Tlaxcala;Zacatelco;Zacatelco;2026;Feb;24
PUE;NO;Asignación Manual;74132281;PUE;Oaxaca;Oaxaca;Oaxaca;2026;Feb;23
PUE;NO;Asignación Manual;74132282;PUE;Oaxaca;Oaxaca;Oaxaca;2026;Feb;24
PUE;NO;Asignación Manual;74132285;PUE;Puebla;Santiago Mihuatlán;Santiago Miahuatlan;2026;Feb;23
PUE;NO;Asignación Manual;74132288;PUE;Puebla;Santiago Mihuatlán;Santiago Miahuatlan;2026;Feb;23
PUE;NO;Asignación Manual;74132289;PUE;;San Sebastian Tutla,Tlalixtac de Cabrera;San Sebastian Tutla;2026;Feb;24
PUE;NO;Asignación Manual;74132289;PUE;Oaxaca;Tlalixtac de Cabrera;;2026;Feb;24
PUE;NO;Asignación Manual;74132292;PUE;Oaxaca;Zaachila;Zaachila;2026;Feb;26
PUE;NO;Asignación Manual;74132294;PUE;Puebla;Acajete;Acajete;2026;Feb;23
PUE;NO;Asignación Manual;74132721;PUE;Puebla;Zacatlán;Zacatlan;2026;Feb;23
PUE;NO;Asignación Manual;74133031;PUE;Puebla;Zacatlán;Zacatlan;2026;Feb;23
PUE;NO;Asignación Manual;74133173;PUE;Puebla;Zacatlán;Zacatlan;2026;Feb;24
PUE;NO;Asignación Manual;74138944;PUE;Puebla;Amozoc;Amozoc;2026;Feb;24
PUE;NO;Asignación Manual;74138945;PUE;Tlaxcala;Apizaco;Apizaco;2026;Feb;26
PUE;NO;Asignación Manual;74138946;PUE;Puebla;Atlixco;Atlixco;2026;Feb;27
PUE;NO;Asignación Manual;74138952;PUE;Puebla;Tehuacan;Tehuacan;2026;Feb;24
PUE;NO;Asignación Manual;74138953;PUE;Tlaxcala;Zacatelco;Zacatelco;2026;Feb;24
PUE;NO;Asignación Manual;74138954;PUE;Puebla;Zacatlán;Zacatlan;2026;Feb;27
PUE;NO;Asignación Manual;74138956;PUE;Puebla;Tehuacan;Tehuacan;2026;Mar;2
PUE;NO;Asignación Manual;74138985;PUE;Tlaxcala;San Pablo Monte;San Pablo del Monte;2026;Feb;24
PUE;NO;Asignación Manual;74141287;PUE;Puebla;Chiautla de Tapia;;2026;Feb;25
PUE;NO;Asignación Manual;74141513;PUE;Oaxaca;Oaxaca;Oaxaca;2026;Feb;27
PUE;NO;Asignación Manual;74141513;PUE;Oaxaca;San Jacinto Amilpas;;2026;Feb;27
PUE;NO;Asignación Manual;74141513;PUE;Oaxaca;San Juan Bautista G.;;2026;Feb;27
PUE;NO;Asignación Manual;74141711;PUE;Oaxaca;Oaxaca;Oaxaca;2026;Feb;25
PUE;NO;Asignación Manual;74141711;PUE;Oaxaca;Sta Cruz Xoxocotlan;STA.CRUZ XOXOCOTLAN;2026;Feb;25
PUE;NO;Asignación Manual;74142401;PUE;Puebla;Santiago Mihuatlán;Santiago Miahuatlan;2026;Feb;25
PUE;NO;Asignación Manual;74142612;PUE;Puebla;San Martin Texmelucan;S. Martín Texmelucan;2026;Feb;27
PUE;NO;Asignación Manual;74145684;PUE;Tlaxcala;Zacatelco;Zacatelco;2026;Feb;26
PUE;NO;Asignación Manual;74145919;PUE;Oaxaca;Huajuapan de León;Huajuapan de León;2026;Feb;25
PUE;NO;Asignación Manual;74145919;PUE;Oaxaca;Nochixtlán;Nochixtlan;2026;Feb;25
PUE;NO;Asignación Manual;74145920;PUE;Oaxaca;Oaxaca;Oaxaca;2026;Feb;26
PUE;NO;Asignación Manual;74147104;PUE;Oaxaca;Oaxaca;Oaxaca;2026;Feb;27
PUE;NO;Asignación Manual;74147104;PUE;Oaxaca;San Agustin Yatareni;;2026;Feb;27
PUE;NO;Asignación Manual;74147658;PUE;Puebla;Tepeaca;Tepeaca;2026;Feb;25
PUE;NO;Asignación Manual;74147659;PUE;Puebla;Teziutlán;Teziutlan;2026;Feb;25
PUE;NO;Asignación Manual;74147674;PUE;Puebla;Teziutlán;Teziutlan;2026;Feb;25
PUE;NO;Asignación Manual;74147709;PUE;Puebla;Teziutlán;Teziutlan;2026;Feb;26
PUE;NO;Asignación Manual;74148398;PUE;Puebla;Acajete;Acajete;2026;Feb;26
PUE;NO;Asignación Manual;74153962;PUE;Puebla;Santiago Mihuatlán;Santiago Miahuatlan;2026;Feb;28
PUE;NO;Asignación Manual;74153982;PUE;Puebla;Acajete;Acajete;2026;Feb;27
PUE;NO;Asignación Manual;74157616;PUE;Puebla;Teziutlán;Teziutlan;2026;Feb;27
PUE;NO;Asignación Manual;74157629;PUE;Oaxaca;Huautla de Jimenez;Huautla de Jiménez;2026;Feb;28
PUE;NO;Asignación Manual;74157629;PUE;Puebla;Tehuacan;Tehuacan;2026;Feb;28
PUE;NO;Asignación Manual;74157951;PUE;Puebla;Teziutlán;Teziutlan;2026;Feb;28
PUE;NO;Asignación Manual;74158191;PUE;Tlaxcala;Zacatelco;Zacatelco;2026;Feb;28
PUE;NO;Asignación Manual;74158205;PUE;Puebla;Teziutlán;Teziutlan;2026;Feb;27
PUE;NO;Asignación Manual;74158535;PUE;Puebla;Amozoc;Amozoc;2026;Feb;28
PUE;NO;Asignación Manual;74158535;PUE;Puebla;Zaragoza;Zaragoza;2026;Feb;28
PUE;NO;Asignación Manual;74162969;PUE;Puebla;Tlachichuca;Tlachichuca;2026;Feb;28
PUE;NO;Asignación Manual;74163082;PUE;Puebla;Teziutlán;Teziutlan;2026;Feb;28
PUE;NO;Asignación Manual;74163083;PUE;Puebla;Zacapoaxtla;Zacapoaxtla;2026;Mar;3
PUE;NO;Asignación Manual;74163941;PUE;Puebla;Acajete;Acajete;2026;Mar;2
PUE;NO;Asignación Manual;74174175;PUE;Puebla;Teziutlán;Teziutlan;2026;Mar;2
PUE;NO;Asignación Manual;74174677;PUE;Oaxaca;San Jacinto Amilpas;;2026;Mar;3
PUE;NO;Asignación Manual;74174677;PUE;Oaxaca;Santa Maria Huatulco;Santa Maria Huatulco;2026;Mar;3
PUE;NO;Asignación Manual;74174677;PUE;Oaxaca;Tlalixtac de Cabrera;;2026;Mar;3
PUE;NO;Asignación Manual;74175240;PUE;Puebla;S FelipeTeotlalcingo;;2026;Mar;3
PUE;NO;Asignación Manual;74175258;PUE;Puebla;S FelipeTeotlalcingo;;2026;Mar;3
PUE;NO;Asignación Manual;74175912;PUE;Puebla;Zacatlán;Zacatlan;2026;Mar;2
PUE;NO;Asignación Manual;74180045;PUE;Oaxaca;Oaxaca;Oaxaca;2026;Mar;3
PUE;NO;Asignación Manual;74180045;PUE;Oaxaca;Ocotlán;Ocotlan;2026;Mar;3
PUE;NO;Asignación Manual;74180264;PUE;Puebla;Zacatlán;Zacatlan;2026;Mar;3
PUE;NO;Asignación Manual;74181782;PUE;Puebla;Zacatlán;Zacatlan;2026;Mar;5
PUE;NO;Asignación Manual;74181789;PUE;Puebla;Tehuacan;Tehuacan;2026;Mar;4
PUE;NO;Asignación Manual;74181791;PUE;Puebla;Tehuacan;Tehuacan;2026;Mar;4
PUE;NO;Asignación Manual;74181799;PUE;Oaxaca;Huautla de Jimenez;Huautla de Jiménez;2026;Mar;5
PUE;NO;Asignación Manual;74181870;PUE;Puebla;Tehuacan;Tehuacan;2026;Mar;3
PUE;NO;Asignación Manual;74182009;PUE;Puebla;Tehuacan;Tehuacan;2026;Mar;4
PUE;NO;Asignación Manual;74182112;PUE; ;Ajalpan;Ajalpan;2026;Mar;3
PUE;NO;Asignación Manual;74182160;PUE;Puebla;Tepeaca;Tepeaca;2026;Mar;3
PUE;NO;Asignación Manual;74182160;PUE;Puebla;Tlachichuca;Tlachichuca;2026;Mar;3
PUE;NO;Asignación Manual;74182578;PUE;Puebla;Tehuacan;Tehuacan;2026;Mar;9
PUE;NO;Asignación Manual;74182847;PUE;Puebla;Atlixco;Atlixco;2026;Mar;5
PUE;NO;Asignación Manual;74185536;PUE;;San Sebastian Tutla,Villa de Zaachila;San Sebastian Tutla;2026;Mar;6
PUE;NO;Asignación Manual;74185536;PUE;Oaxaca;Zaachila;Zaachila;2026;Mar;6
PUE;NO;Asignación Manual;74185581;PUE;Oaxaca;Sta Cruz Xoxocotlan;STA.CRUZ XOXOCOTLAN;2026;Mar;6
PUE;NO;Asignación Manual;74186372;PUE;Puebla;Zaragoza;Zaragoza;2026;Mar;4
PUE;NO;Asignación Manual;74186378;PUE;Puebla;Acajete;Acajete;2026;Mar;4
PUE;NO;Asignación Manual;74187547;PUE;Puebla;Santiago Mihuatlán;Santiago Miahuatlan;2026;Mar;5
PUE;NO;Asignación Manual;74187550;PUE;Puebla;Tepeaca;Tepeaca;2026;Mar;4
PUE;NO;Asignación Manual;74187552;PUE; ;Ajalpan,Tecamachalco, Pue;Ajalpan;2026;Mar;5
PUE;NO;Asignación Manual;74187552;PUE;Puebla;Tecamachalco;Tecamachalco;2026;Mar;5
PUE;NO;Asignación Manual;74187554;PUE;Puebla;Tepeaca;Tepeaca;2026;Mar;5
PUE;NO;Asignación Manual;74187812;PUE;Tlaxcala;Zacatelco;Zacatelco;2026;Mar;4
PUE;NO;Asignación Manual;74188341;PUE;Puebla;Tehuacan;Tehuacan;2026;Mar;5
PUE;NO;Asignación Manual;74191029;PUE;Puebla;Chiautla de Tapia;;2026;Mar;5
PUE;NO;Asignación Manual;74191041;PUE;Puebla;Santiago Mihuatlán;Santiago Miahuatlan;2026;Mar;5
PUE;NO;Asignación Manual;74192747;PUE;Puebla;Tepeaca;Tepeaca;2026;Mar;6
PUE;NO;Asignación Manual;74192750;PUE;Oaxaca;San Jacinto Amilpas;;2026;Mar;10
PUE;NO;Asignación Manual;74193494;PUE;;S Maria Zacatepec*NU;Sta. Maria Zacatepec;2026;Mar;9
PUE;NO;Asignación Manual;74193541;PUE;Tlaxcala;Zacatelco;Zacatelco;2026;Mar;9
PUE;NO;Asignación Manual;74196584;PUE;Tlaxcala;Apizaco;Apizaco;2026;Mar;9
PUE;NO;Asignación Manual;74197366;PUE;Puebla;Tehuacan;Tehuacan;2026;Mar;6
PUE;NO;Asignación Manual;74197603;PUE;Puebla;Teziutlán;Teziutlan;2026;Mar;6
PUE;NO;Asignación Manual;74197822;PUE;Puebla;Teziutlán;Teziutlan;2026;Mar;6
PUE;NO;Asignación Manual;74197939;PUE;Oaxaca;Santa Maria Huatulco;Santa Maria Huatulco;2026;Mar;11
PUE;NO;Asignación Manual;74197939;PUE;Oaxaca;Santiago Pinotepa Nacional;Stgo. Pinotepa Nal.;2026;Mar;11
PUE;NO;Asignación Manual;74198303;PUE;Puebla;Acajete;Acajete;2026;Mar;6
PUE;NO;Asignación Manual;74198320;PUE;Puebla;Tepeaca;Tepeaca;2026;Mar;6
PUE;NO;Asignación Manual;74198326;PUE;Tlaxcala;Zacatelco;Zacatelco;2026;Mar;6
PUE;NO;Asignación Manual;74211331;PUE;Puebla;Zacapoaxtla;Zacapoaxtla;2026;Mar;10
PUE;NO;Asignación Manual;74213025;PUE;Oaxaca;Tlaxiaco;TLAXIACO;2026;Mar;10
PUE;NO;Asignación Manual;74218611;PUE;Puebla;Teziutlán;Teziutlan;2026;Mar;11
PUE;NO;Asignación Manual;74221754;PUE;Oaxaca;Huautla de Jimenez;Huautla de Jiménez;2026;Mar;12
PUE;NO;Asignación Manual;74221754;PUE;Puebla;Tehuacan;Tehuacan;2026;Mar;12
PUE;NO;Asignación Manual;74227245;PUE;Puebla;Atlixco;Atlixco;2026;Mar;12
PUE;NO;Asignación Manual;74228731;PUE;Tlaxcala;Zacatelco;Zacatelco;2026;Mar;12
PUE;NO;Asignación Manual;74228825;PUE;Puebla;Libres;Libres;2026;Mar;13
PUE;NO;Asignación Manual;74232546;PUE;;San Sebastian Tutla;San Sebastian Tutla;2026;Mar;14
PUE;NO;Asignación Manual;74233294;PUE;Puebla;Teziutlán;Teziutlan;2026;Mar;14
PUE;NO;Asignación Manual;74236942;PUE;Oaxaca;Oaxaca;Oaxaca;2026;Mar;14
PUE;NO;Asignación Manual;74266844;PUE;Puebla;Atlixco;Atlixco;2026;Mar;20
PUE;NO;Asignación Manual;74291791;PUE;Puebla;Amozoc;Amozoc;2026;Mar;28
PUE;NO;Asignación Manual;74363377;PUE;;San Pedro Mixtepec,Stgo Pinotepa Nal,Tlaxiaco;;2026;Abr;7
PUE;NO;Asignación Manual;74363377;PUE;Oaxaca;Santiago Pinotepa Nacional;Stgo. Pinotepa Nal.;2026;Abr;7
PUE;NO;Asignación Manual;74363377;PUE;Oaxaca;Tlaxiaco;TLAXIACO;2026;Abr;7
PUE;NO;Asignación Manual;74371674;PUE;Oaxaca;Huajuapan de León;Huajuapan de León;2026;Abr;8
PUE;NO;Asignación Manual;74371674;PUE;Oaxaca;San Juan Bautista G.;;2026;Abr;8
PUE;NO;Asignación Manual;74371674;PUE;Oaxaca;Tlalixtac de Cabrera;;2026;Abr;8
PUE;NO;Asignación Manual;74388011;PUE; ;Ajalpan;Ajalpan;2026;Abr;13
PUE;NO;Asignación Manual;74401864;PUE;Puebla;Acajete;Acajete;2026;Abr;13
PUE;NO;Asignación Manual;74413136;PUE;Oaxaca;Sta Cruz Xoxocotlan;STA.CRUZ XOXOCOTLAN;2026;Abr;15
PUE;NO;Asignación Manual;74423225;PUE;Oaxaca;Puerto Escondido;Puerto Escondido;2026;Abr;17
PUE;NO;Asignación Manual;74423225;PUE;Oaxaca;Santa Maria Huatulco;Santa Maria Huatulco;2026;Abr;17
PUE;NO;Asignación Manual;74423821;PUE;Oaxaca;Oaxaca;Oaxaca;2026;Abr;17
PUE;NO;Asignación Manual;74425945;PUE; ;Ajalpan;Ajalpan;2026;Abr;18
PUE;NO;Asignación Manual;74426120;PUE;Oaxaca;Sta Cruz Xoxocotlan;STA.CRUZ XOXOCOTLAN;2026;Abr;18
PUE;NO;Asignación Manual;74429016;PUE;Oaxaca;Oaxaca;Oaxaca;2026;Abr;18
PUE;NO;Asignación Manual;74429016;PUE;Oaxaca;Santiago Pinotepa Nacional;Stgo. Pinotepa Nal.;2026;Abr;18
PUE;NO;Asignación Manual;74429189;PUE;Puebla;Santiago Mihuatlán;Santiago Miahuatlan;2026;Abr;18
PUE;NO;Asignación Manual;74438581;PUE;Oaxaca;Oaxaca;Oaxaca;2026;Abr;21
PUE;NO;Asignación Manual;74448697;PUE;Oaxaca;Oaxaca;Oaxaca;2026;Abr;22
PUE;NO;Asignación Manual;74448697;PUE;Oaxaca;Sta Cruz Xoxocotlan;STA.CRUZ XOXOCOTLAN;2026;Abr;22
PUE;NO;Asignación Manual;74459931;PUE;Oaxaca;Oaxaca;Oaxaca;2026;Abr;25
PUE;NO;Asignación Manual;74484579;PUE;CDMX+EDOMEX;Texcoco;Texcoco;2026;May;6
PUE;NO;Asignación Manual;74489014;PUE;Oaxaca;Oaxaca;Oaxaca;2026;Abr;30
PUE;NO;Asignación Manual;74489014;PUE;Oaxaca;Tlalixtac de Cabrera;;2026;Abr;30
PUE;NO;Asignación Manual;74489056;PUE;Oaxaca;Puerto Escondido;Puerto Escondido;2026;May;4
PUE;NO;Asignación Manual;74489056;PUE;Oaxaca;Santa Maria Huatulco;Santa Maria Huatulco;2026;May;4
PUE;NO;Asignación Manual;74489056;PUE;Oaxaca;Santiago Pinotepa Nacional;Stgo. Pinotepa Nal.;2026;May;4
PUE;NO;Mayor a 5;74217242;PUE;Oaxaca;Oaxaca;Oaxaca;2026;Mar;13
PUE;NO;Mayor a 5;74217242;PUE;Oaxaca;Ocotlán;Ocotlan;2026;Mar;13
PUE;NO;Mayor a 5;74236941;PUE;Oaxaca;Sta Cruz Xoxocotlan;STA.CRUZ XOXOCOTLAN;2026;Mar;17
PUE;NO;Mayor a 5;74248393;PUE;Puebla;Teziutlán;Teziutlan;2026;Mar;18
PUE;NO;Mayor a 5;74248398;PUE;Puebla;Tecamachalco;Tecamachalco;2026;Mar;19
PUE;NO;Mayor a 5;74248398;PUE;Puebla;Tlachichuca;Tlachichuca;2026;Mar;19
PUE;NO;Mayor a 5;74252060;PUE;Puebla;Zacatlán;Zacatlan;2026;Mar;19
PUE;NO;Mayor a 5;74252456;PUE;Veracruz;Jalacingo;Jalacingo;2026;Mar;18
PUE;NO;Mayor a 5;74256312;PUE;Puebla;Rafael Lara Grajales;Rafael Lara Grajales;2026;Mar;19
PUE;NO;Mayor a 5;74257190;PUE;Puebla;Zaragoza;Zaragoza;2026;Mar;19
PUE;NO;Mayor a 5;74258141;PUE;Oaxaca;Oaxaca;Oaxaca;2026;Mar;20
PUE;NO;Mayor a 5;74258141;PUE;Oaxaca;San Juan Bautista G.;;2026;Mar;20
PUE;NO;Mayor a 5;74262460;PUE;Oaxaca;Santiago Juxtlahuaca;SGO.JUXTLAHUACA,OAX.;2026;Mar;20
PUE;NO;Mayor a 5;74262460;PUE;Oaxaca;Santiago Pinotepa Nacional;Stgo. Pinotepa Nal.;2026;Mar;20
PUE;NO;Mayor a 5;74263090;PUE;Puebla;Rafael Lara Grajales;Rafael Lara Grajales;2026;Mar;23
PUE;NO;Mayor a 5;74267242;PUE;Oaxaca;Huautla de Jimenez;Huautla de Jiménez;2026;Mar;23
PUE;NO;Mayor a 5;74267242;PUE;Puebla;Tehuacan;Tehuacan;2026;Mar;23
PUE;NO;Mayor a 5;74267776;PUE;Guerrero;Acapulco;Acapulco de Juarez;2026;Mar;23
PUE;NO;Mayor a 5;74285165;PUE;Veracruz;Orizaba;HUILOAPAN DE CUAUHT;2026;Mar;23
PUE;NO;Mayor a 5;74290376;PUE;Puebla;Santiago Mihuatlán;Santiago Miahuatlan;2026;Mar;24
PUE;NO;Mayor a 5;74290376;PUE;Puebla;Tepeaca;Tepeaca;2026;Mar;24
PUE;NO;Mayor a 5;74290958;PUE;Oaxaca;Tlaxiaco;TLAXIACO;2026;Mar;25
PUE;NO;Mayor a 5;74296212;PUE;Puebla;Atlixco;Atlixco;2026;Mar;26
PUE;NO;Mayor a 5;74297848;PUE;;San Sebastian Tutla;San Sebastian Tutla;2026;Mar;26
PUE;NO;Mayor a 5;74298276;PUE;Oaxaca;Oaxaca;Oaxaca;2026;Mar;27
PUE;NO;Mayor a 5;74298276;PUE;Oaxaca;San Agustin Yatareni;;2026;Mar;27
PUE;NO;Mayor a 5;74298542;PUE;Puebla;Santiago Mihuatlán;Santiago Miahuatlan;2026;Mar;26
PUE;NO;Mayor a 5;74298544;PUE;Puebla;Santiago Mihuatlán;Santiago Miahuatlan;2026;Mar;31
PUE;NO;Mayor a 5;74298561;PUE;Puebla;Santiago Mihuatlán;Santiago Miahuatlan;2026;Mar;26
PUE;NO;Mayor a 5;74298599;PUE;Puebla;Santiago Mihuatlán;Santiago Miahuatlan;2026;Mar;26
PUE;NO;Mayor a 5;74298610;PUE;Puebla;Santiago Mihuatlán;Santiago Miahuatlan;2026;Mar;27
PUE;NO;Mayor a 5;74301258;PUE;Oaxaca;Sta Cruz Xoxocotlan;STA.CRUZ XOXOCOTLAN;2026;Mar;27
PUE;NO;Mayor a 5;74301259;PUE;Oaxaca;Sta Cruz Xoxocotlan;STA.CRUZ XOXOCOTLAN;2026;Mar;27
PUE;NO;Mayor a 5;74302286;PUE;Oaxaca;Sta Cruz Xoxocotlan;STA.CRUZ XOXOCOTLAN;2026;Mar;28
PUE;NO;Mayor a 5;74302606;PUE;Oaxaca;Tlalixtac de Cabrera;;2026;Mar;27
PUE;NO;Mayor a 5;74302990;PUE;Puebla;Zacatlán;Zacatlan;2026;Mar;27
PUE;NO;Mayor a 5;74303927;PUE;Puebla;Santiago Mihuatlán;Santiago Miahuatlan;2026;Mar;27
PUE;NO;Mayor a 5;74309291;PUE;Puebla;Teziutlán;Teziutlan;2026;Mar;30
PUE;NO;Mayor a 5;74309291;PUE;Puebla;Zaragoza;Zaragoza;2026;Mar;30
PUE;NO;Mayor a 5;74329195;PUE;Oaxaca;Oaxaca;Oaxaca;2026;Abr;1
PUE;NO;Mayor a 5;74329195;PUE;Oaxaca;San Juan Bautista G.;;2026;Abr;1
PUE;NO;Mayor a 5;74329195;PUE;Oaxaca;Sta Cruz Xoxocotlan;STA.CRUZ XOXOCOTLAN;2026;Abr;1
PUE;NO;Mayor a 5;74333013;PUE;Guerrero;Arcelia;Arcelia;2026;Abr;1
PUE;NO;Mayor a 5;74333013;PUE;Michoacán;Riva Palacio;Riva Palacio;2026;Abr;1
PUE;NO;Mayor a 5;74365168;PUE;CDMX+EDOMEX;Naucalpan de Juárez;Naucalpan de Juárez;2026;Abr;7
PUE;NO;Mayor a 5;74366032;PUE;Puebla;Tehuacan;Tehuacan;2026;Abr;8
PUE;NO;Mayor a 5;74369655;PUE;Puebla;Teziutlán;Teziutlan;2026;Abr;8
PUE;NO;Mayor a 5;74369988;PUE;Puebla;Zacatlán;Zacatlan;2026;Abr;8
PUE;NO;Mayor a 5;74370661;PUE;Puebla;Santiago Mihuatlán;Santiago Miahuatlan;2026;Abr;8
PUE;NO;Mayor a 5;74371666;PUE;Puebla;Teziutlán;Teziutlan;2026;Abr;8
PUE;NO;Mayor a 5;74371667;PUE;Oaxaca;Zaachila;Zaachila;2026;Abr;8
PUE;NO;Mayor a 5;74375356;PUE;Puebla;Teziutlán;Teziutlan;2026;Abr;9
PUE;NO;Mayor a 5;74375826;PUE;;S Maria Zacatepec*NU;Sta. Maria Zacatepec;2026;Abr;9
PUE;NO;Mayor a 5;74382443;PUE;;San Jacinto Amilpas,San Sebastian Tutla;San Sebastian Tutla;2026;Abr;14
PUE;NO;Mayor a 5;74382443;PUE;Oaxaca;San Jacinto Amilpas;;2026;Abr;14
PUE;NO;Mayor a 5;74383015;PUE;Oaxaca;Oaxaca;Oaxaca;2026;Abr;10
PUE;NO;Mayor a 5;74383015;PUE;Oaxaca;Sta Cruz Xoxocotlan;Miahuatlán;2026;Abr;10
PUE;NO;Mayor a 5;74383015;PUE;Oaxaca;Tlalixtac de Cabrera;;2026;Abr;10
PUE;NO;Mayor a 5;74387771;PUE;Oaxaca;Huautla de Jimenez;Huautla de Jiménez;2026;Abr;20
PUE;NO;Mayor a 5;74387771;PUE;Puebla;Santiago Mihuatlán;Santiago Miahuatlan;2026;Abr;20
PUE;NO;Mayor a 5;74387774;PUE;Puebla;Santiago Mihuatlán;Santiago Miahuatlan;2026;Abr;14
PUE;NO;Mayor a 5;74387779;PUE;Puebla;Tehuacan;Tehuacan;2026;Abr;16
PUE;NO;Mayor a 5;74387835;PUE;Puebla;Tehuacan;Tehuacan;2026;Abr;14
PUE;NO;Mayor a 5;74387836;PUE;Puebla;Tehuacan;Tehuacan;2026;Abr;13
PUE;NO;Mayor a 5;74387837;PUE;Puebla;Tehuacan;Tehuacan;2026;Abr;14
PUE;NO;Mayor a 5;74387841;PUE;Puebla;Tehuacan;Tehuacan;2026;Abr;14
PUE;NO;Mayor a 5;74388451;PUE;Puebla;Zaragoza;Zaragoza;2026;Abr;13
PUE;NO;Mayor a 5;74401379;PUE;Puebla;Tecamachalco;Tecamachalco;2026;Abr;13
PUE;NO;Mayor a 5;74402838;PUE;Puebla;Amozoc;Amozoc;2026;Abr;15
PUE;NO;Mayor a 5;74402883;PUE;Puebla;Tehuacan;Tehuacan;2026;Abr;17
PUE;NO;Mayor a 5;74403395;PUE;Puebla;Tehuacan;Tehuacan;2026;Abr;14
PUE;NO;Mayor a 5;74404100;PUE;Puebla;Xicotepec;Xicotepec;2026;Abr;15
PUE;NO;Mayor a 5;74407039;PUE;Puebla;Atlixco;Atlixco;2026;Abr;15
PUE;NO;Mayor a 5;74407439;PUE;Oaxaca;Oaxaca;Oaxaca;2026;Abr;16
PUE;NO;Mayor a 5;74407744;PUE;Puebla;Tehuacan;Tehuacan;2026;Abr;16
PUE;NO;Mayor a 5;74409467;PUE;Oaxaca;Oaxaca;Oaxaca;2026;Abr;16
PUE;NO;Mayor a 5;74409467;PUE;Oaxaca;Zaachila;Zaachila;2026;Abr;16
PUE;NO;Mayor a 5;74414642;PUE; ;Ajalpan;Ajalpan;2026;Abr;16
PUE;NO;Mayor a 5;74414936;PUE;Puebla;Tepeaca;Tepeaca;2026;Abr;16
PUE;NO;Mayor a 5;74423206;PUE;Puebla;Tehuacan;Tehuacan;2026;Abr;18
PUE;NO;Mayor a 5;74423208;PUE;Puebla;Izuca de Matamoros;Izuca de Matamoros;2026;Abr;20
PUE;NO;Mayor a 5;74438211;PUE;Puebla;Tepeaca;Tepeaca;2026;Abr;21
PUE;NO;Mayor a 5;74438576;PUE;Puebla;Teziutlán;Teziutlan;2026;Abr;21
PUE;NO;Mayor a 5;74440065;PUE;Puebla;Santiago Mihuatlán;Santiago Miahuatlan;2026;Abr;21
PUE;NO;Mayor a 5;74445221;PUE;Oaxaca;Tlalixtac de Cabrera;;2026;Abr;22
PUE;NO;Mayor a 5;74445221;PUE;Oaxaca;Tlaxiaco;TLAXIACO;2026;Abr;22
PUE;NO;Mayor a 5;74445221;PUE;Oaxaca;Zaachila;Zaachila;2026;Abr;22
PUE;NO;Mayor a 5;74445585;PUE;Puebla;Atlixco;Atlixco;2026;Abr;22
PUE;NO;Mayor a 5;74445592;PUE;Puebla;Tehuacan;Tehuacan;2026;Abr;23
PUE;NO;Mayor a 5;74448915;PUE;Puebla;Teziutlán;Teziutlan;2026;Abr;23
PUE;NO;Mayor a 5;74449525;PUE;Puebla;Atlixco;Atlixco;2026;Abr;24
PUE;NO;Mayor a 5;74450948;PUE;Puebla;Teziutlán;Teziutlan;2026;Abr;24
PUE;NO;Mayor a 5;74454604;PUE;Puebla;S FelipeTeotlalcingo;;2026;Abr;24
PUE;NO;Mayor a 5;74454710;PUE;Oaxaca;Sta Cruz Xoxocotlan;STA.CRUZ XOXOCOTLAN;2026;Abr;29
PUE;NO;Mayor a 5;74462156;PUE;Puebla;Teziutlán;Teziutlan;2026;Abr;27
PUE;NO;Mayor a 5;74479291;PUE;Puebla;Atlixco;Atlixco;2026;Abr;30
PUE;NO;Mayor a 5;74484492;PUE;Puebla;Zacapoaxtla;Zacapoaxtla;2026;May;4
PUE;NO;Mayor a 5;74486619;PUE;Puebla;Teziutlán;Teziutlan;2026;May;5
PUE;NO;Mayor a 5;74509099;PUE;Oaxaca;Sta Cruz Xoxocotlan;STA.CRUZ XOXOCOTLAN;2026;May;5
PUE;NO;Mayor a 5;74516174;PUE;Puebla;Santiago Mihuatlán;Santiago Miahuatlan;2026;May;7
PUE;NO;Mayor a 5;74517431;PUE;Puebla;Chiautla de Tapia;;2026;May;5
PUE;NO;Mayor a 5;74527166;PUE;Oaxaca;Tlaxiaco;TLAXIACO;2026;May;11
PUE;NO;Mayor a 5;74528187;PUE;Oaxaca;San Agustin Yatareni;;2026;May;8
PUE;NO;Mayor a 5;74528187;PUE;Oaxaca;Sta Cruz Xoxocotlan;STA.CRUZ XOXOCOTLAN;2026;May;8
PUE;NO;Mayor a 5;74528773;PUE;Puebla;Tehuacan;Tehuacan;2026;May;8
PUE;NO;Mayor a 5;74533609;PUE;Oaxaca;Huajuapan de León;Huajuapan de León;2026;May;13
PUE;NO;Mayor a 5;74533609;PUE;Oaxaca;Oaxaca;Oaxaca;2026;May;13
PUE;NO;Mayor a 5;74533609;PUE;Oaxaca;Zaachila;Zaachila;2026;May;13
PUE;NO;Mayor a 5;74534348;PUE;Puebla;Santiago Mihuatlán;Santiago Miahuatlan;2026;May;12
PUE;NO;Mayor a 5;74535346;PUE;Puebla;Acajete;Acajete;2026;May;11
PUE;NO;Mayor a 5;74535346;PUE;Puebla;Libres;Libres;2026;May;11
PUE;NO;Mayor a 5;74548108;PUE;Oaxaca;San Jacinto Amilpas;;2026;May;11
PUE;NO;Mayor a 5;74548108;PUE;Oaxaca;Sta Cruz Xoxocotlan;STA.CRUZ XOXOCOTLAN;2026;May;11
PUE;NO;Mayor a 5;74550087;PUE;Puebla;Chiautla de Tapia;;2026;May;14
PUE;NO;Mayor a 5;74554262;PUE;Oaxaca;TLACOTEPEC;Tlacotepec Benito J;2026;May;15
PUE;NO;Mayor a 5;74554262;PUE;Puebla;Tehuacan;Tehuacan;2026;May;15
PUE;NO;Mayor a 5;74554816;PUE;Puebla;Zacatlán;Zacatlan;2026;May;14
PUE;NO;Mayor a 5;74554819;PUE;Puebla;Zaragoza;Zaragoza;2026;May;13
PUE;NO;Mayor a 5;74561518;PUE;Oaxaca;Oaxaca;Oaxaca;2026;May;14
PUE;NO;Mayor a 5;74561518;PUE;Oaxaca;Sta Cruz Xoxocotlan;STA.CRUZ XOXOCOTLAN;2026;May;14
PUE;NO;Mayor a 5;74561518;PUE;Oaxaca;Tlalixtac de Cabrera;;2026;May;14
PUE;NO;Mayor a 5;74562399;PUE;Puebla;Tepeaca;Tepeaca;2026;May;14
PUE;NO;Mayor a 5;74562710;PUE;Puebla;Libres;Libres;2026;May;14
PUE;NO;Mayor a 5;74587630;PUE;Oaxaca;Oaxaca;Oaxaca;2026;May;18
PUE;NO;Mayor a 5;74587630;PUE;Oaxaca;Santiago Pinotepa Nacional;Stgo. Pinotepa Nal.;2026;May;18
PUE;NO;Mayor a 5;74587630;PUE;Oaxaca;Tlaxiaco;TLAXIACO;2026;May;18
PUE;NO;Mayor a 5;74589856;PUE;Veracruz;Tantoyuca;Tantoyuca;2026;May;19
PUE;NO;Mayor a 5;74590488;PUE;Oaxaca;TLACOTEPEC;Tlacotepec Benito J;2026;May;19
PUE;NO;Mayor a 5;74590488;PUE;Puebla;Tehuacan;Tehuacan;2026;May;19
PUE;NO;Mayor a 5;74595235;PUE;;Sta Maria Colotepec;;2026;May;20
PUE;NO;Mayor a 5;74596572;PUE;;San Sebastian Tutla,Tlaxiaco;San Sebastian Tutla;2026;May;22
PUE;NO;Mayor a 5;74596572;PUE;Oaxaca;Tlaxiaco;TLAXIACO;2026;May;22
PUE;NO;Mayor a 5;74596694;PUE;Puebla;Libres;Libres;2026;May;20
PUE;NO;Mayor a 5;74600295;PUE;Puebla;Atlixco;Atlixco;2026;May;22
PUE;NO;Mayor a 5;74600295;PUE;Puebla;Puebla;;2026;May;22
PUE;NO;Mayor a 5;74602316;PUE;Puebla;S FelipeTeotlalcingo;;2026;May;21
PUE;NO;Mayor a 5;74602321;PUE;Puebla;S FelipeTeotlalcingo;;2026;May;21
PUE;NO;Mayor a 5;74602995;PUE;Puebla;Tehuacan;Tehuacan;2026;May;21
PUE;NO;Mayor a 5;74608450;PUE;Veracruz;Orizaba;HUILOAPAN DE CUAUHT;2026;May;22
PUE;NO;Mayor a 5;74612394;PUE;Veracruz;Orizaba;HUILOAPAN DE CUAUHT;2026;May;22
PUE;NO;Mayor a 5;74614656;PUE;Oaxaca;Sta Cruz Xoxocotlan;Miahuatlán;2026;May;27
PUE;NO;Mayor a 5;74614656;PUE;Oaxaca;Sta Cruz Xoxocotlan;STA.CRUZ XOXOCOTLAN;2026;May;27
PUE;NO;Mayor a 5;74614656;PUE;Oaxaca;Zaachila;Zaachila;2026;May;27
PUE;NO;Mayor a 5;74629890;PUE;Puebla;Tehuacan;Tehuacan;2026;May;25
PUE;NO;Mayor a 5;74630168;PUE;Puebla;Tehuacan;Tehuacan;2026;May;26
PUE;NO;Mayor a 5;74630383;PUE;Puebla;Tehuacan;Tehuacan;2026;May;27
PUE;NO;Mayor a 5;74636275;PUE;Puebla;Libres;Libres;2026;May;28
PUE;NO;Mayor a 5;74636275;PUE;Puebla;Zacapoaxtla;Zacapoaxtla;2026;May;28
PUE;NO;Mayor a 5;74636575;PUE; ;Ajalpan;Ajalpan;2026;May;27
PUE;NO;Mayor a 5;74639889;PUE;Guerrero;Ciudad Altamirano;Cd. Altamirano;2026;May;28
PUE;NO;Mayor a 5;74641005;PUE;Puebla;S FelipeTeotlalcingo;;2026;May;29
PUE;NO;Mayor a 5;74641661;PUE;Puebla;Tecamachalco;Tecamachalco;2026;May;28
PUE;NO;Mayor a 5;74646637;PUE;Guerrero;Ciudad Altamirano;Cd. Altamirano;2026;Jun;1
PUE;NO;Mayor a 5;74652103;PUE;Puebla;Amozoc;Amozoc;2026;May;29
PUE;NO;Mayor a 5;74652180;PUE;;Puerto Escondido*NU,Sta Maria Colotepec,Stgo Pinotepa Nal,Tlalixtac de Cabrera;;2026;May;30
PUE;NO;Mayor a 5;74652180;PUE;Oaxaca;Santiago Pinotepa Nacional;Stgo. Pinotepa Nal.;2026;May;30
PUE;NO;Mayor a 5;74652180;PUE;Oaxaca;Tlalixtac de Cabrera;;2026;May;30
PUE;NO;Mayor a 5;74655948;PUE;;San Sebastian Tutla,Sta Cruz Xoxocotlan;San Sebastian Tutla;2026;Jun;1
PUE;NO;Mayor a 5;74655948;PUE;Oaxaca;Sta Cruz Xoxocotlan;STA.CRUZ XOXOCOTLAN;2026;Jun;1
PUE;NO;Mayor a 5;74667079;PUE;;Huajuapan de Leon,Oaxaca de Juarez,Sta Maria Colotepec,Tlaxiaco;;2026;Jun;3
PUE;NO;Mayor a 5;74667079;PUE;Oaxaca;Huajuapan de León;Huajuapan de León;2026;Jun;3
PUE;NO;Mayor a 5;74667079;PUE;Oaxaca;Oaxaca;Oaxaca;2026;Jun;3
PUE;NO;Mayor a 5;74667634;PUE;Puebla;Teziutlán;Teziutlan;2026;Jun;2
PUE;NO;Mayor a 5;74667634;PUE;Puebla;Zaragoza;Zaragoza;2026;Jun;2
PUE;NO;Mayor a 5;74676197;PUE;Oaxaca;San Jacinto Amilpas;;2026;Jun;5
PUE;NO;Mayor a 5;74676197;PUE;Oaxaca;Tlaxiaco;TLAXIACO;2026;Jun;5
PUE;NO;Mayor a 5;74681564;PUE;Puebla;Amozoc;Amozoc;2026;Jun;8
PUE;NO;Mayor a 5;74681598;PUE;Oaxaca;Ocotlán;Ocotlan;2026;Jun;5
PUE;NO;Mayor a 5;74689085;PUE;Oaxaca;Oaxaca;Oaxaca;2026;Jun;11
PUE;NO;Mayor a 5;74689085;PUE;Oaxaca;Tlaxiaco;TLAXIACO;2026;Jun;11
PUE;NO;Mayor a 5;74712899;PUE;Oaxaca;Huautla de Jimenez;Huautla de Jiménez;2026;Jun;9
PUE;NO;Mayor a 5;74712899;PUE;Puebla;Tepeaca;Tepeaca;2026;Jun;9
PUE;NO;Mayor a 5;74713603;PUE;;S Maria Zacatepec*NU;Sta. Maria Zacatepec;2026;Jun;10
PUE;NO;Mayor a 5;74718578;PUE;Oaxaca;Asunción;ASUNCION N., OAX.;2026;Jun;24
PUE;NO;Mayor a 5;74718578;PUE;Oaxaca;Nochixtlán;Nochixtlan;2026;Jun;24
PUE;NO;Mayor a 5;74718578;PUE;Oaxaca;San Agustin Yatareni;;2026;Jun;24
PUE;NO;Mayor a 5;74718856;PUE;Puebla;Teziutlán;Teziutlan;2026;Jun;11
PUE;NO;Mayor a 5;74719702;PUE;Puebla;Santiago Mihuatlán;Santiago Miahuatlan;2026;Jun;11
PUE;NO;Mayor a 5;74720089;PUE;Oaxaca;Oaxaca;Oaxaca;2026;Jun;12
PUE;NO;Mayor a 5;74720089;PUE;Oaxaca;Tlalixtac de Cabrera;;2026;Jun;12
PUE;NO;Mayor a 5;74726232;PUE;Guerrero;Ciudad Altamirano;Cd. Altamirano;2026;Jun;11
PUE;NO;Mayor a 5;74731565;PUE;Puebla;Santiago Mihuatlán;Santiago Miahuatlan;2026;Jun;16
PUE;NO;Mayor a 5;74744171;PUE;Puebla;Tehuacan;Tehuacan;2026;Jun;16
PUE;NO;Mayor a 5;74744172;PUE;Puebla;Atlixco;Atlixco;2026;Jun;16
PUE;NO;Mayor a 5;74746673;PUE;Puebla;Libres;Libres;2026;Jun;18
PUE;NO;Mayor a 5;74746673;PUE;Puebla;Teziutlán;Teziutlan;2026;Jun;18
PUE;NO;Mayor a 5;74746863;PUE;Oaxaca;Tlaxiaco;TLAXIACO;2026;Jun;25
PUE;NO;Mayor a 5;74750533;PUE;Puebla;Tehuacan;Tehuacan;2026;Jun;17
PUE;NO;Mayor a 5;74750902;PUE;;S Maria Zacatepec*NU;Sta. Maria Zacatepec;2026;Jun;17
PUE;NO;Mayor a 5;74752099;PUE;Puebla;Santiago Mihuatlán;Santiago Miahuatlan;2026;Jun;17
PUE;NO;Mayor a 5;74757162;PUE;Puebla;Rafael Lara Grajales;Rafael Lara Grajales;2026;Jun;19
PUE;NO;Mayor a 5;74757773;PUE;Oaxaca;San Jacinto Amilpas;;2026;Jun;22
PUE;NO;Mayor a 5;74757773;PUE;Oaxaca;Tlalixtac de Cabrera;;2026;Jun;22
PUE;NO;Mayor a 5;74761908;PUE;Puebla;Tecamachalco;Tecamachalco;2026;Jun;19
PUE;NO;Mayor a 5;74761921;PUE;Oaxaca;TLACOTEPEC;Tlacotepec Benito J;2026;Jun;29
PUE;NO;Mayor a 5;74763157;PUE; ;Ajalpan;Ajalpan;2026;Jun;19
PUE;NO;Mayor a 5;74763854;PUE; ;Ajalpan;Ajalpan;2026;Jun;19
PUE;NO;Mayor a 5;74763855;PUE;Puebla;Tehuacan;Tehuacan;2026;Jun;19
PUE;NO;Mayor a 5;74767057;PUE;Puebla;Atlixco;Atlixco;2026;Jun;22
PUE;NO;Mayor a 5;74768253;PUE;Puebla;Teziutlán;Teziutlan;2026;Jun;22
PUE;NO;Mayor a 5;74768254;PUE;Puebla;Teziutlán;Teziutlan;2026;Jun;22
PUE;NO;Mayor a 5;74780501;PUE;Puebla;Teziutlán;Teziutlan;2026;Jun;23
PUE;NO;Mayor a 5;74781872;PUE;Puebla;Zacapoaxtla;Zacapoaxtla;2026;Jun;25
PUE;NO;Mayor a 5;74781872;PUE;Puebla;Zaragoza;Zaragoza;2026;Jun;25
PUE;NO;Mayor a 5;74781891;PUE;Puebla;Tlatlauquitepec, Pue;Tlatlauquitepec, Pue;2026;Jun;24
PUE;NO;Mayor a 5;74786779;PUE;Puebla;Teziutlán;Teziutlan;2026;Jun;24
PUE;NO;Mayor a 5;74786804;PUE;Puebla;Tehuacan;Tehuacan;2026;Jun;24
PUE;NO;Mayor a 5;74787567;PUE;Puebla;Rafael Lara Grajales;Rafael Lara Grajales;2026;Jun;25
PUE;NO;Mayor a 5;74788428;PUE;Puebla;Teziutlán;Teziutlan;2026;Jun;25
PUE;NO;Mayor a 5;74792984;PUE;Puebla;Teziutlán;Teziutlan;2026;Jun;26
PUE;NO;Mayor a 5;74793500;PUE;Oaxaca;Oaxaca;Oaxaca;2026;Jun;26
PUE;NO;Mayor a 5;74793500;PUE;Oaxaca;Tlalixtac de Cabrera;;2026;Jun;26
PUE;NO;Mayor a 5;74798495;PUE;Puebla;Tecamachalco;Tecamachalco;2026;Jun;26
PUE;NO;Mayor a 5;74798495;PUE;Puebla;Tehuacan;Tehuacan;2026;Jun;26
PUE;NO;Mayor a 5;74799807;PUE;;S Maria Zacatepec*NU;Sta. Maria Zacatepec;2026;Jun;27
PUE;NO;Mayor a 5;74800312;PUE; ;Ajalpan,Amozoc,Tepeaca;Ajalpan;2026;Jun;27
PUE;NO;Mayor a 5;74800312;PUE;Puebla;Amozoc;Amozoc;2026;Jun;27
PUE;NO;Mayor a 5;74800312;PUE;Puebla;Tepeaca;Tepeaca;2026;Jun;27
PUE;NO;Mayor a 5;74803496;PUE;Puebla;Chiautla de Tapia;;2026;Jun;30
PUE;NO;Mayor a 5;74804133;PUE;Puebla;Tehuacan;Tehuacan;2026;Jun;29
PUE;NO;Mayor a 5;74805066;PUE;Puebla;Atlixco;Atlixco;2026;Jun;27
PUE;NO;Mayor a 5;74805743;PUE;Oaxaca;Tlaxiaco;TLAXIACO;2026;Jun;30
PUE;NO;Mayor a 5;74808689;PUE;Puebla;Atlixco;Atlixco;2026;Jun;29
PUE;NO;Mayor a 5;74818285;PUE;Oaxaca;Oaxaca;Oaxaca;2026;Jul;3
PUE;NO;Mayor a 5;74818287;PUE;Oaxaca;Oaxaca;Oaxaca;2026;Jun;30
PUE;NO;Mayor a 5;74818290;PUE;Oaxaca;Oaxaca;Oaxaca;2026;Jul;1
PUE;NO;Mayor a 5;74818290;PUE;Oaxaca;San Jacinto Amilpas;;2026;Jul;1
PUE;NO;Mayor a 5;74819639;PUE;Puebla;Tepeaca;Tepeaca;2026;Jun;30
PUE;NO;Mayor a 5;74824319;PUE;;San Sebastian Tutla,Sn Juan Bautista G;San Sebastian Tutla;2026;Jul;2
PUE;NO;Mayor a 5;74824319;PUE;Oaxaca;San Juan Bautista G.;;2026;Jul;2
PUE;NO;Mayor a 5;74828977;PUE;Oaxaca;Zaachila;Zaachila;2026;Jul;6
PUE;NO;Mayor a 5;74829831;PUE;Puebla;Chiautla de Tapia;;2026;Jul;3
PUE;NO;Mayor a 5;74834233;PUE;Puebla;Libres;Libres;2026;Jul;6
PUE;NO;Mayor a 5;74834233;PUE;Puebla;Zacapoaxtla;Zacapoaxtla;2026;Jul;6
PUE;NO;Mayor a 5;74835084;PUE;Guerrero;Ciudad Altamirano;Cd. Altamirano;2026;Jul;3
PUE;NO;Mayor a 5;74835826;PUE;Oaxaca;Santiago Pinotepa Nacional;Stgo. Pinotepa Nal.;2026;Jul;7
PUE;NO;Mayor a 5;74835826;PUE;Oaxaca;Sta Cruz Xoxocotlan;Miahuatlán;2026;Jul;7
PUE;NO;Mayor a 5;74835826;PUE;Oaxaca;Tlaxiaco;TLAXIACO;2026;Jul;7
PUE;NO;Mayor a 5;74841544;PUE;Puebla;Tepeaca;Tepeaca;2026;Jul;6
PUE;NO;Mayor a 5;74854802;PUE;Puebla;S FelipeTeotlalcingo;;2026;Jul;7
PUE;NO;Mayor a 5;74854805;PUE;Oaxaca;Sta Cruz Xoxocotlan;STA.CRUZ XOXOCOTLAN;2026;Jul;7
PUE;NO;Mayor a 5;74855982;PUE;;Oaxaca de Juarez,San Jacinto Amilpas,San Sebastian Tutla;San Sebastian Tutla;2026;Jul;8
PUE;NO;Mayor a 5;74855982;PUE;Oaxaca;Oaxaca;Oaxaca;2026;Jul;8
PUE;NO;Mayor a 5;74855982;PUE;Oaxaca;San Jacinto Amilpas;;2026;Jul;8
PUE;NO;Mayor a 5;74857564;PUE;Puebla;Teziutlán;Teziutlan;2026;Jul;7
PUE;NO;Mayor a 5;74862197;PUE;Querétaro;Corregidora;Corregidora;2026;Jul;8
PUE;NO;Mayor a 5;74862331;PUE;Puebla;Teziutlán;Teziutlan;2026;Jul;9
PUE;NO;Mayor a 5;74866588;PUE;Oaxaca;Oaxaca;Oaxaca;2026;Jul;10
PUE;NO;Mayor a 5;74866588;PUE;Oaxaca;Santiago Pinotepa Nacional;Stgo. Pinotepa Nal.;2026;Jul;10
PUE;NO;Mayor a 5;74866588;PUE;Oaxaca;Tlalixtac de Cabrera;;2026;Jul;10
PUE;NO;Mayor a 5;74872157;PUE;Puebla;Xicotepec;Xicotepec;2026;Jul;13
PUE;NO;Mayor a 5;74875712;PUE;Oaxaca;Nochixtlán;Nochixtlan;2026;Jul;13
PUE;NO;Mayor a 5;74875712;PUE;Oaxaca;Oaxaca;Oaxaca;2026;Jul;13
PUE;NO;Mayor a 5;74875712;PUE;Oaxaca;San Agustin Yatareni;;2026;Jul;13
PUE;NO;Mayor a 5;74876922;PUE;Puebla;S FelipeTeotlalcingo;;2026;Jul;13
PUE;NO;Mayor a 5;74877710;PUE;Puebla;Zaragoza;Zaragoza;2026;Jul;13
PUE;NO;Mayor a 5;74889095;PUE;Oaxaca;Tlalixtac de Cabrera;;2026;Jul;15
PUE;NO;Mayor a 5;74889148;PUE;Oaxaca;San Juan Bautista G.;;2026;Jul;15
PUE;NO;Mayor a 5;74889148;PUE;Oaxaca;Zaachila;Zaachila;2026;Jul;15
PUE;NO;Mayor a 5;74890874;PUE;Puebla;Teziutlán;Teziutlan;2026;Jul;15
PUE;NO;Mayor a 5;74894579;PUE;Puebla;Zacapoaxtla;Zacapoaxtla;2026;Jul;16
PUE;NO;Mayor a 5;74895500;PUE;Oaxaca;Oaxaca;Oaxaca;2026;Jul;17
PUE;NO;Mayor a 5;74895500;PUE;Oaxaca;San Juan Bautista G.;;2026;Jul;17
PUE;NO;Mayor a 5;74899202;PUE;Puebla;Xicotepec;Xicotepec;2026;Jul;16
PUE;NO;Mayor a 5;74899202;PUE;Puebla;Zacatlán;Zacatlan;2026;Jul;16
PUE;NO;Mayor a 5;74899216;PUE;Puebla;Tehuacan;Tehuacan;2026;Jul;16
PUE;NO;Mayor a 5;74899710;PUE;Puebla;Teziutlán;Teziutlan;2026;Jul;16
PUE;NO;Mayor a 5;74899710;PUE;Puebla;Tlatlauquitepec, Pue;Tlatlauquitepec, Pue;2026;Jul;16
PUE;NO;Mayor a 5;74900873;PUE;Puebla;Acatlán;Acatlan;2026;Jul;16
PUE;NO;Mayor a 5;74905789;PUE;Puebla;Teziutlán;Teziutlan;2026;Jul;20
PUE;NO;Mayor a 5;74920898;PUE;Oaxaca;Tlalixtac de Cabrera;;2026;Jul;22
PUE;NO;Mayor a 5;74920898;PUE;Oaxaca;Tlaxiaco;TLAXIACO;2026;Jul;22
PUE;NO;Mayor a 5;74920898;PUE;Oaxaca;Zaachila;Zaachila;2026;Jul;22
PUE;NO;Mayor a 5;74921910;PUE;Puebla;Tehuacan;Tehuacan;2026;Jul;21
PUE;NO;Mayor a 5;74922115;PUE;Puebla;Tehuacan;Tehuacan;2026;Jul;21
PUE;NO;Mayor a 5;74924464;PUE;CDMX+EDOMEX;Naucalpan de Juárez;Naucalpan de Juárez;2026;Jul;21
PUE;NO;Mayor a 5;74935048;PUE;Puebla;Tehuacan;Tehuacan;2026;Jul;27
PUE;NO;Mayor a 5;74950118;PUE;Puebla;Tepeaca;Tepeaca;2026;Jul;28
PUE;NO;Mayor a 5;74950142;PUE;Puebla;Teziutlán;Teziutlan;2026;Jul;28
PUE;NO;Mayor a 5;74951205;PUE;Puebla;S FelipeTeotlalcingo;;2026;Jul;28
PUE;NO;Mayor a 5;74951724;PUE;Oaxaca;Asunción;ASUNCION N., OAX.;2026;Ago;3
PUE;NO;Mayor a 5;74951724;PUE;Oaxaca;San Jacinto Amilpas;;2026;Ago;3
PUE;NO;Mayor a 5;74951724;PUE;Oaxaca;Tlalixtac de Cabrera;;2026;Ago;3
PUE;NO;Mayor a 5;74954635;PUE;Oaxaca;Sta Cruz Xoxocotlan;STA.CRUZ XOXOCOTLAN;2026;Jul;31
PUE;NO;Mayor a 5;74955807;PUE;Puebla;Amozoc;Amozoc;2026;Jul;29
PUE;NO;Mayor a 5;74961158;PUE;Puebla;Zaragoza;Zaragoza;2026;Jul;31
PUE;NO;Mayor a 5;74968735;PUE;Puebla;Puebla;;2026;Ago;3
PUE;NO;Mayor a 5;74970447;PUE;Puebla;Teziutlán;Teziutlan;2026;Ago;3
PUE;NO;Mayor a 5;74981283;PUE;Oaxaca;TLACOTEPEC;Tlacotepec Benito J;2026;Ago;4
PUE;NO;Mayor a 5;74983947;PUE;Oaxaca;Santiago Pinotepa Nacional;Stgo. Pinotepa Nal.;2026;Ago;5
PUE;NO;Mayor a 5;74983947;PUE;Oaxaca;Tlaxiaco;TLAXIACO;2026;Ago;5
PUE;NO;Mayor a 5;74984060;PUE;Puebla;Teziutlán;Teziutlan;2026;Ago;5
PUE;NO;Mayor a 5;74991187;PUE;Puebla;Rafael Lara Grajales;Rafael Lara Grajales;2026;Ago;6
PUE;NO;Mayor a 5;74992250;PUE;Oaxaca;Sta Cruz Xoxocotlan;STA.CRUZ XOXOCOTLAN;2026;Ago;6
PUE;NO;Mayor a 5;75002724;PUE;Puebla;Zacapoaxtla;Zacapoaxtla;2026;Ago;10
PUE;NO;Mayor a 5;75002784;PUE;Oaxaca;Huajuapan de León;Huajuapan de León;2026;Ago;10
PUE;NO;Mayor a 5;75002784;PUE;Oaxaca;Santiago Juxtlahuaca;SGO.JUXTLAHUACA,OAX.;2026;Ago;10
PUE;NO;Mayor a 5;75002790;PUE;Oaxaca;Oaxaca;Oaxaca;2026;Ago;10
PUE;NO;Mayor a 5;75002790;PUE;Oaxaca;Sta Cruz Xoxocotlan;STA.CRUZ XOXOCOTLAN;2026;Ago;10
PUE;NO;Mayor a 5;75024225;PUE;Oaxaca;Oaxaca;Oaxaca;2026;Ago;13
PUE;NO;Mayor a 5;75024225;PUE;Oaxaca;San Jacinto Amilpas;;2026;Ago;13
PUE;NO;Mayor a 5;75048810;PUE;Puebla;Acajete;Acajete;2026;Ago;18
PUE;NO;Mayor a 5;75048856;PUE;Puebla;Teziutlán;Teziutlan;2026;Ago;19
PUE;NO;Mayor a 5;75048856;PUE;Puebla;Zacapoaxtla;Zacapoaxtla;2026;Ago;19
PUE;NO;Mayor a 5;75053755;PUE;Puebla;Amozoc;Amozoc;2026;Ago;19
PUE;NO;Mayor a 5;75055261;PUE;Puebla;Izuca de Matamoros;Izuca de Matamoros;2026;Ago;20
PUE;NO;Mayor a 5;75058639;PUE;Puebla;Tehuacan;Tehuacan;2026;Ago;20
PUE;NO;Mayor a 5;75058639;PUE;Puebla;Tepanco de Lopez;;2026;Ago;20
PUE;NO;Mayor a 5;75059380;PUE;Puebla;Atlixco;Atlixco;2026;Ago;20
PUE;NO;Mayor a 5;75060152;PUE;Oaxaca;Tlalixtac de Cabrera;;2026;Ago;25
PUE;NO;Mayor a 5;75060152;PUE;Oaxaca;Zaachila;Zaachila;2026;Ago;25
PUE;NO;Mayor a 5;75069165;PUE;Puebla;Tepanco de Lopez;;2026;Ago;24
PUE;NO;Mayor a 5;75070260;PUE; ;Ajalpan;Ajalpan;2026;Ago;24
PUE;NO;Mayor a 5;75083476;PUE;Puebla;Teziutlán;Teziutlan;2026;Ago;25
PUE;NO;Mayor a 5;75088118;PUE;Puebla;Zaragoza;Zaragoza;2026;Ago;26
PUE;NO;Mayor a 5;75089785;PUE;Puebla;Tecamachalco;Tecamachalco;2026;Ago;26
PUE;NO;Mayor a 5;75089785;PUE;Puebla;Tepanco de Lopez;;2026;Ago;26
PUE;NO;Mayor a 5;75093917;PUE;Puebla;Zacapoaxtla;Zacapoaxtla;2026;Ago;27
PUE;NO;Mayor a 5;75093918;PUE;Puebla;S FelipeTeotlalcingo;;2026;Ago;28
PUE;NO;Mayor a 5;75095146;PUE;;San Sebastian Tutla,Sta Cruz Xoxocotlan,Tlalixtac de Cabrera;San Sebastian Tutla;2026;Ago;29
PUE;NO;Mayor a 5;75095146;PUE;Oaxaca;Sta Cruz Xoxocotlan;STA.CRUZ XOXOCOTLAN;2026;Ago;29
PUE;NO;Mayor a 5;75095146;PUE;Oaxaca;Tlalixtac de Cabrera;;2026;Ago;29
PUE;NO;Mayor a 5;75105034;PUE;Puebla;Zacatlán;Zacatlan;2026;Ago;29
PUE;NO;Mayor a 5;75108231;PUE;Oaxaca;Sta Cruz Xoxocotlan;STA.CRUZ XOXOCOTLAN;2026;Sep;1
PUE;NO;Mayor a 5;75108232;PUE;Oaxaca;Sta Cruz Xoxocotlan;STA.CRUZ XOXOCOTLAN;2026;Ago;31
PUE;NO;Mayor a 5;75109102;PUE;Puebla;Tehuacan;Tehuacan;2026;Ago;31
PUE;NO;Mayor a 5;75117741;PUE;Oaxaca;Huajuapan de León;Huajuapan de León;2026;Sep;1
PUE;NO;Mayor a 5;75117741;PUE;Oaxaca;Tlaxiaco;TLAXIACO;2026;Sep;1
PUE;NO;Mayor a 5;75119748;PUE;Puebla;Acajete;Acajete;2026;Sep;1
PUE;NO;Mayor a 5;75119748;PUE;Puebla;Libres;Libres;2026;Sep;1
PUE;NO;Mayor a 5;75119749;PUE;Puebla;Zacatlán;Zacatlan;2026;Sep;1
PUE;NO;Mayor a 5;75122420;PUE;Puebla;Teziutlán;Teziutlan;2026;Sep;2
PUE;NO;Mayor a 5;75124482;PUE;Oaxaca;Huautla de Jimenez;Huautla de Jiménez;2026;Sep;8
PUE;NO;Mayor a 5;75124482;PUE;Puebla;Tehuacan;Tehuacan;2026;Sep;8
PUE;NO;Mayor a 5;75124948;PUE;Oaxaca;Oaxaca;Oaxaca;2026;Sep;4
PUE;NO;Mayor a 5;75124948;PUE;Oaxaca;San Jacinto Amilpas;;2026;Sep;4
PUE;SI;1;74587599;PUE;Oaxaca;Huautla de Jimenez;Huautla de Jiménez;2026;May;18
PUE;SI;1;74587599;PUE;Puebla;Santiago Mihuatlán;Santiago Miahuatlan;2026;May;18
PUE;SI;1;74587599;PUE;Puebla;Tehuacan;Tehuacan;2026;May;18
PUE;SI;2;74628211;PUE;Puebla;Tepeaca;Tepeaca;2026;May;25
PUE;SI;Mayor a 5;74520855;PUE;Oaxaca;Sta Cruz Xoxocotlan;STA.CRUZ XOXOCOTLAN;2026;May;7
PUE;SI;Mayor a 5;74528644;PUE;Oaxaca;Sta Cruz Xoxocotlan;STA.CRUZ XOXOCOTLAN;2026;May;8
PUE;SI;Mayor a 5;74528644;PUE;Oaxaca;Tlalixtac de Cabrera;;2026;May;8
PUE;SI;Mayor a 5;74606569;PUE;Oaxaca;Oaxaca;Oaxaca;2026;May;28
PUE;SI;Mayor a 5;74645177;PUE;Oaxaca;Huajuapan de León;Huajuapan de León;2026;May;30
PUE;SI;Mayor a 5;74645177;PUE;Oaxaca;Sta Cruz Xoxocotlan;STA.CRUZ XOXOCOTLAN;2026;May;30
TUX;NO;1;74147072;CHIS;Chiapas;Benemerito de las A;Benemerito de las A;2026;Feb;25
TUX;NO;1;74151803;CHIS;Chiapas;Comalapan;Cd. Front. Comalapa;2026;Feb;26
TUX;NO;1;74151803;CHIS;Chiapas;Comitán;Comitán Domínguez;2026;Feb;26
TUX;NO;1;74152007;CHIS;Chiapas;Huixtla;Huixtla;2026;Feb;26
TUX;NO;1;74152007;CHIS;Chiapas;Tapachula;Tapachula;2026;Feb;26
TUX;NO;1;74152693;CHIS;Chiapas;Tapachula;Tapachula;2026;Feb;26
TUX;NO;1;74153628;CHIS;Chiapas;Tapachula;Tapachula;2026;Feb;26
TUX;NO;1;74154294;CHIS;Chiapas;Tonalá;Tonalá;2026;Feb;27
TUX;NO;1;74154441;CHIS;Chiapas;S Crist de las Casas;S.Crist.de las Casas;2026;Feb;27
TUX;NO;1;74154478;CHIS;Chiapas;Tonalá;Tonalá;2026;Feb;27
TUX;NO;1;74174414;CHIS;Chiapas;S Crist de las Casas;S.Crist.de las Casas;2026;Mar;2
TUX;NO;1;74174416;CHIS;Chiapas;Ocotzingo;Ocotzingo;2026;Mar;2
TUX;NO;1;74175591;CHIS;Chiapas;Comitán;Comitán Domínguez;2026;Mar;2
TUX;NO;1;74180170;CHIS;Chiapas;Comitán;Comitán Domínguez;2026;Mar;3
TUX;NO;1;74181249;CHIS;Chiapas;S Crist de las Casas;S.Crist.de las Casas;2026;Mar;3
TUX;NO;1;74181249;CHIS;Chiapas;Yajalón;Yajalon;2026;Mar;3
TUX;NO;1;74181737;CHIS;Chiapas;Ocotzingo;Ocotzingo;2026;Mar;4
TUX;NO;1;74181737;CHIS;Chiapas;Palenque;Palenque;2026;Mar;4
TUX;NO;1;74181997;CHIS;Chiapas;Comitán;Comitán Domínguez;2026;Mar;4
TUX;NO;1;74182390;CHIS;Chiapas;Tapachula;Tapachula;2026;Mar;4
TUX;NO;1;74182627;CHIS;Chiapas;Ocotzingo;Ocotzingo;2026;Mar;4
TUX;NO;1;74182627;CHIS;Chiapas;S Crist de las Casas;S.Crist.de las Casas;2026;Mar;4
TUX;NO;1;74188338;CHIS;Chiapas;Tapachula;Tapachula;2026;Mar;5
TUX;NO;1;74193240;CHIS;Chiapas;Mapastepec;Mapastepec;2026;Mar;6
TUX;NO;1;74193240;CHIS;Chiapas;Tapachula;Tapachula;2026;Mar;6
TUX;NO;1;74196675;CHIS;Chiapas;Comitán;Comitán Domínguez;2026;Mar;6
TUX;NO;1;74196675;CHIS;Chiapas;Margaritas;Margaritas;2026;Mar;6
TUX;NO;1;74197740;CHIS;Chiapas;Margaritas;Margaritas;2026;Mar;6
TUX;NO;1;74202003;CHIS;Chiapas;Tapachula;Tapachula;2026;Mar;7
TUX;NO;1;74202148;CHIS;Chiapas;Tapachula;Tapachula;2026;Mar;7
TUX;NO;1;74202170;CHIS;Chiapas;Tapachula;Tapachula;2026;Mar;7
TUX;NO;1;74210497;CHIS;Chiapas;Comitán;Comitán Domínguez;2026;Mar;9
TUX;NO;1;74210497;CHIS;Chiapas;Margaritas;Margaritas;2026;Mar;9
TUX;NO;1;74210497;CHIS;Chiapas;S Crist de las Casas;S.Crist.de las Casas;2026;Mar;9
TUX;NO;1;74213199;CHIS;Chiapas;Tapachula;Tapachula;2026;Mar;10
TUX;NO;1;74216586;CHIS;Chiapas;Chicomuselo;Chicomuselo;2026;Mar;10
TUX;NO;1;74216586;CHIS;Chiapas;Comalapan;Cd. Front. Comalapa;2026;Mar;10
TUX;NO;1;74216586;CHIS;Chiapas;Comitán;Comitán Domínguez;2026;Mar;10
TUX;NO;1;74217863;CHIS;Chiapas;S Crist de las Casas;S.Crist.de las Casas;2026;Mar;10
TUX;NO;1;74223466;CHIS;Chiapas;Tapachula;Tapachula;2026;Mar;11
TUX;NO;1;74226537;CHIS;Chiapas;Tapachula;Tapachula;2026;Mar;12
TUX;NO;1;74231593;CHIS;Chiapas;Ocozocoautla;Ocozocoautla;2026;Mar;13
TUX;NO;1;74231602;CHIS;Chiapas;Tapachula;Tapachula;2026;Mar;13
TUX;NO;1;74251814;CHIS;Chiapas;Comitán;Comitán Domínguez;2026;Mar;17
TUX;NO;1;74253446;CHIS;Chiapas;Comitán;Comitán Domínguez;2026;Mar;17
TUX;NO;1;74253446;CHIS;Chiapas;La Trinitaria;La Trinitaria;2026;Mar;17
TUX;NO;1;74256302;CHIS;Chiapas;Comitán;Comitán Domínguez;2026;Mar;18
TUX;NO;1;74268344;CHIS;Chiapas;Comitán;Comitán Domínguez;2026;Mar;20
TUX;NO;1;74268344;CHIS;Chiapas;La Trinitaria;La Trinitaria;2026;Mar;20
TUX;NO;1;74283365;CHIS;Chiapas;Pijijiapan;Pijijiapan;2026;Mar;23
TUX;NO;1;74283365;CHIS;Chiapas;Tapachula;Tapachula;2026;Mar;23
TUX;NO;1;74283365;CHIS;Chiapas;Tonalá;Tonalá;2026;Mar;23
TUX;NO;1;74289710;CHIS;Chiapas;Huixtla;Huixtla;2026;Mar;24
TUX;NO;1;74289710;CHIS;Chiapas;Tapachula;Tapachula;2026;Mar;24
TUX;NO;1;74291818;CHIS;Chiapas;Comitán;Comitán Domínguez;2026;Mar;25
TUX;NO;1;74291818;CHIS;Chiapas;S Crist de las Casas;S.Crist.de las Casas;2026;Mar;25
TUX;NO;1;74292193;CHIS;Chiapas;Tapachula;Tapachula;2026;Mar;25
TUX;NO;1;74296654;CHIS;Chiapas;Mapastepec;Mapastepec;2026;Mar;26
TUX;NO;1;74296654;CHIS;Chiapas;Tonalá;Tonalá;2026;Mar;26
TUX;NO;1;74302958;CHIS;Chiapas;Villaflores;Villaflores;2026;Mar;26
TUX;NO;1;74306427;CHIS;Chiapas;Margaritas;Margaritas;2026;Mar;27
TUX;NO;1;74306432;CHIS;Chiapas;Tapachula;Tapachula;2026;Mar;27
TUX;NO;1;74307260;CHIS;Chiapas;San Fernando;San Fernando;2026;Mar;27
TUX;NO;1;74312051;CHIS;Chiapas;Palenque;Palenque;2026;Mar;28
TUX;NO;1;74320350;CHIS;Chiapas;Tapachula;Tapachula;2026;Mar;30
TUX;NO;1;74320384;CHIS;Chiapas;Mapastepec;Mapastepec;2026;Mar;30
TUX;NO;1;74320449;CHIS;Chiapas;Tapachula;Tapachula;2026;Mar;30
TUX;NO;1;74320449;CHIS;Chiapas;Tonalá;Tonalá;2026;Mar;30
TUX;NO;1;74322287;CHIS;Chiapas;Comitán;Comitán Domínguez;2026;Mar;30
TUX;NO;1;74326538;CHIS;Chiapas;Ocotzingo;Ocotzingo;2026;Mar;31
TUX;NO;1;74326538;CHIS;Chiapas;Yajalón;Yajalon;2026;Mar;31
TUX;NO;1;74326590;CHIS;Chiapas;Ocozocoautla;Ocozocoautla;2026;Mar;31
TUX;NO;1;74326590;CHIS;Chiapas;Villaflores;Villaflores;2026;Mar;31
TUX;NO;1;74326595;CHIS;Chiapas;Tapachula;Tapachula;2026;Mar;31
TUX;NO;1;74335114;CHIS;Chiapas;Pijijiapan;Pijijiapan;2026;Abr;1
TUX;NO;1;74335114;CHIS;Chiapas;Tonalá;Tonalá;2026;Abr;1
TUX;NO;1;74364701;CHIS;Chiapas;Tapachula;Tapachula;2026;Abr;6
TUX;NO;1;74364725;CHIS;Chiapas;Tapachula;Tapachula;2026;Abr;6
TUX;NO;1;74369045;CHIS;Chiapas;Tapachula;Tapachula;2026;Abr;7
TUX;NO;1;74369099;CHIS;Chiapas;San Fernando;San Fernando;2026;Abr;7
TUX;NO;1;74369099;CHIS;Chiapas;Tapachula;Tapachula;2026;Abr;7
TUX;NO;1;74372183;CHIS;Chiapas;Mapastepec;Mapastepec;2026;Abr;8
TUX;NO;1;74372183;CHIS;Chiapas;Tapachula;Tapachula;2026;Abr;8
TUX;NO;1;74375009;CHIS;Chiapas;Comitán;Comitán Domínguez;2026;Abr;8
TUX;NO;1;74375836;CHIS;Chiapas;Tapachula;Tapachula;2026;Abr;8
TUX;NO;1;74377406;CHIS;Chiapas;Tapachula;Tapachula;2026;Abr;9
TUX;NO;1;74383851;CHIS;Chiapas;Margaritas;Margaritas;2026;Abr;10
TUX;NO;1;74383853;CHIS;Chiapas;S Crist de las Casas;S.Crist.de las Casas;2026;Abr;10
TUX;NO;1;74386217;CHIS;Chiapas;Palenque;Palenque;2026;Abr;10
TUX;NO;1;74386370;CHIS;Chiapas;Palenque;Palenque;2026;Abr;10
TUX;NO;1;74387218;CHIS;Chiapas;Cacahuatan;Cacahuatán;2026;Abr;13
TUX;NO;1;74401405;CHIS;Chiapas;S Crist de las Casas;S.Crist.de las Casas;2026;Abr;13
TUX;NO;1;74401405;CHIS;Chiapas;S Crist de las Casas;Zinacantan;2026;Abr;13
TUX;NO;1;74403214;CHIS;Chiapas;Tapachula;Tapachula;2026;Abr;13
TUX;NO;1;74407395;CHIS;Chiapas;Tapachula;Tapachula;2026;Abr;14
TUX;NO;1;74407399;CHIS;Chiapas;Comitán;Comitán Domínguez;2026;Abr;14
TUX;NO;1;74407493;CHIS;Chiapas;Tapachula;Tapachula;2026;Abr;14
TUX;NO;1;74407630;CHIS;Chiapas;Tapachula;Tapachula;2026;Abr;14
TUX;NO;1;74412436;CHIS;Chiapas;Benemerito de las A;Benemerito de las A;2026;Abr;15
TUX;NO;1;74412460;CHIS;Chiapas;Tapachula;Tapachula;2026;Abr;15
TUX;NO;1;74412461;CHIS;Chiapas;Tapachula;Tapachula;2026;Abr;15
TUX;NO;1;74413056;CHIS;Chiapas;Chiapa de Corzo;Chiapa de Corzo;2026;Abr;15
TUX;NO;1;74414638;CHIS;Chiapas;Margaritas;Margaritas;2026;Abr;16
TUX;NO;1;74414638;CHIS;Chiapas;Teopisca;Teopisca;2026;Abr;16
TUX;NO;1;74417822;CHIS;Chiapas;Tapachula;Tapachula;2026;Abr;16
TUX;NO;1;74417826;CHIS;Chiapas;Huitiupan;Huitiupan;2026;Abr;16
TUX;NO;1;74417826;CHIS;Chiapas;Simojovel;Simojovel;2026;Abr;16
TUX;NO;1;74417831;CHIS;Chiapas;Tapilula;Bochil;2026;Abr;16
TUX;NO;1;74417833;CHIS;Chiapas;Tapachula;Tapachula;2026;Abr;16
TUX;NO;1;74418843;CHIS;Chiapas;Angel Albino Corzo;Angel Albino Corzo;2026;Abr;16
TUX;NO;1;74418843;CHIS;Chiapas;Villaflores;Villaflores;2026;Abr;16
TUX;NO;1;74419175;CHIS;Chiapas;San Fernando;San Fernando;2026;Abr;16
TUX;NO;1;74419394;CHIS;Chiapas;Chicomuselo;Chicomuselo;2026;Abr;16
TUX;NO;1;74419394;CHIS;Chiapas;Comitán;Comitán Domínguez;2026;Abr;16
TUX;NO;1;74423407;CHIS;Chiapas;Tapachula;Tapachula;2026;Abr;17
TUX;NO;1;74423702;CHIS;Chiapas;Tapachula;Tapachula;2026;Abr;17
TUX;NO;1;74423702;CHIS;Chiapas;Tonalá;Tonalá;2026;Abr;17
TUX;NO;1;74425873;CHIS;Chiapas;Mitontic;Mitontic;2026;Abr;18
TUX;NO;1;74428951;CHIS;Chiapas;Tapachula;Tapachula;2026;Abr;18
TUX;NO;1;74439053;CHIS;Chiapas;Berriozabal;Berriozabal;2026;Abr;20
TUX;NO;1;74439085;CHIS;Chiapas;Comitán;Comitán Domínguez;2026;Abr;20
TUX;NO;1;74448499;CHIS;Chiapas;Ocotzingo;Ocotzingo;2026;Abr;22
TUX;NO;1;74448500;CHIS;Chiapas;Ocotzingo;Ocotzingo;2026;Abr;22
TUX;NO;1;74454759;CHIS;Chiapas;Tapachula;Tapachula;2026;Abr;23
TUX;NO;1;74454759;CHIS;Chiapas;Tonalá;Tonalá;2026;Abr;23
TUX;NO;1;74455345;CHIS;Chiapas;S Crist de las Casas;S.Crist.de las Casas;2026;Abr;24
TUX;NO;1;74455345;CHIS;Chiapas;S Crist de las Casas;Zinacantan;2026;Abr;24
TUX;NO;1;74456261;CHIS;Chiapas;Comitán;Comitán Domínguez;2026;Abr;22
TUX;NO;1;74456261;CHIS;Chiapas;Teopisca;Teopisca;2026;Abr;22
TUX;NO;1;74460044;CHIS;Chiapas;Ocotzingo;Ocotzingo;2026;Abr;24
TUX;NO;1;74464769;CHIS;Chiapas;Comalapan;Cd. Front. Comalapa;2026;Abr;25
TUX;NO;1;74464771;CHIS;Chiapas;S Crist de las Casas;S.Crist.de las Casas;2026;Abr;25
TUX;NO;1;74473161;CHIS;Chiapas;Comitán;Comitán Domínguez;2026;Abr;27
TUX;NO;1;74474763;CHIS;Chiapas;San Fernando;San Fernando;2026;Abr;27
TUX;NO;1;74474768;CHIS;Chiapas;Comitán;Comitán Domínguez;2026;Abr;27
TUX;NO;1;74478985;CHIS;Chiapas;Huixtla;Huixtla;2026;Abr;28
TUX;NO;1;74478996;CHIS;Chiapas;Angel Albino Corzo;Angel Albino Corzo;2026;Abr;28
TUX;NO;1;74478996;CHIS;Chiapas;Villacorzo;;2026;Abr;28
TUX;NO;1;74480688;CHIS;Chiapas;Angel Albino Corzo;;2026;Abr;29
TUX;NO;1;74480688;CHIS;Chiapas;La Concordia;La Concordia;2026;Abr;29
TUX;NO;1;74480701;CHIS;Chiapas;Ocotzingo;Ocotzingo;2026;Abr;29
TUX;NO;1;74480701;CHIS;Chiapas;S Crist de las Casas;S.Crist.de las Casas;2026;Abr;29
TUX;NO;1;74485145;CHIS;Chiapas;Tapachula;Tapachula;2026;Abr;29
TUX;NO;1;74485446;CHIS;Chiapas;Angel Albino Corzo;Angel Albino Corzo;2026;Abr;30
TUX;NO;1;74486218;CHIS;Chiapas;Huixtla;Huixtla;2026;Abr;30
TUX;NO;1;74488961;CHIS;Chiapas;Cacahuatan;Cacahuatán;2026;Abr;30
TUX;NO;1;74488964;CHIS;Chiapas;Cacahuatan;Cacahuatán;2026;Abr;30
TUX;NO;1;74488964;CHIS;Chiapas;Mapastepec;Mapastepec;2026;Abr;30
TUX;NO;1;74489020;CHIS;Chiapas;Villaflores;Villaflores;2026;Abr;30
TUX;NO;1;74490661;CHIS;Chiapas;Tonalá;Tonalá;2026;Abr;30
TUX;NO;1;74499884;CHIS;Chiapas;Villaflores;Villaflores;2026;May;2
TUX;NO;1;74499897;CHIS;Chiapas;La Concordia;La Concordia;2026;May;2
TUX;NO;1;74511092;CHIS;Chiapas;Margaritas;Margaritas;2026;May;4
TUX;NO;1;74511092;CHIS;Chiapas;S Crist de las Casas;S.Crist.de las Casas;2026;May;4
TUX;NO;1;74521750;CHIS;Chiapas;Margaritas;Margaritas;2026;May;5
TUX;NO;1;74521753;CHIS;Chiapas;Benemerito de las A;Benemerito de las A;2026;May;6
TUX;NO;1;74521753;CHIS;Chiapas;Comitán;Comitán Domínguez;2026;May;6
TUX;NO;1;74527789;CHIS;Chiapas;La Concordia;La Concordia;2026;May;8
TUX;NO;1;74527789;CHIS;Chiapas;Villacorzo;;2026;May;8
TUX;NO;1;74527789;CHIS;Chiapas;Villaflores;Villaflores;2026;May;8
TUX;NO;1;74527827;CHIS;Chiapas;Tapachula;Tapachula;2026;May;7
TUX;NO;1;74527827;CHIS;Chiapas;Tonalá;Tonalá;2026;May;7
TUX;NO;1;74533443;CHIS;Chiapas;Chiapa de Corzo;Chiapa de Corzo;2026;May;8
TUX;NO;1;74533443;CHIS;Chiapas;Margaritas;Margaritas;2026;May;8
TUX;NO;1;74533443;CHIS;Chiapas;Teopisca;Teopisca;2026;May;8
TUX;NO;1;74534483;CHIS;Chiapas;Tapachula;Tapachula;2026;May;9
TUX;NO;1;74559485;CHIS;Chiapas;San Fernando;San Fernando;2026;May;13
TUX;NO;1;74559485;CHIS;Chiapas;Tapachula;Tapachula;2026;May;13
TUX;NO;1;74560583;CHIS;Chiapas;Huixtla;Huixtla;2026;May;13
TUX;NO;1;74560583;CHIS;Chiapas;Tapachula;Tapachula;2026;May;13
TUX;NO;1;74560583;CHIS;Chiapas;Tonalá;Tonalá;2026;May;13
TUX;NO;1;74567823;CHIS;Chiapas;Tapachula;Tapachula;2026;May;14
TUX;NO;1;74567992;CHIS;Chiapas;Arriaga;Arriaga;2026;May;14
TUX;NO;1;74567992;CHIS;Chiapas;Tapachula;Tapachula;2026;May;14
TUX;NO;1;74567992;CHIS;Chiapas;Tonalá;Tonalá;2026;May;14
TUX;NO;1;74568378;CHIS;Chiapas;Tapachula;Tapachula;2026;May;15
TUX;NO;1;74573074;CHIS;Chiapas;Tonalá;Tonalá;2026;May;15
TUX;NO;1;74574042;CHIS;Chiapas;Mezcalapa;;2026;May;19
TUX;NO;1;74574044;CHIS;Chiapas;Mezcalapa;;2026;May;19
TUX;NO;1;74587464;CHIS;Chiapas;Villacorzo;;2026;May;18
TUX;NO;1;74587821;CHIS;Chiapas;Comalapan;Cd. Front. Comalapa;2026;May;18
TUX;NO;1;74587821;CHIS;Chiapas;S Crist de las Casas;S.Crist.de las Casas;2026;May;18
TUX;NO;1;74594128;CHIS;Chiapas;Tapachula;Tapachula;2026;May;19
TUX;NO;1;74594166;CHIS;Chiapas;Chicomuselo;Chicomuselo;2026;May;19
TUX;NO;1;74594166;CHIS;Chiapas;Comalapan;Cd. Front. Comalapa;2026;May;19
TUX;NO;1;74596091;CHIS;Chiapas;Chiapa de Corzo;Chiapa de Corzo;2026;May;20
TUX;NO;1;74596096;CHIS;Chiapas;S Crist de las Casas;Zinacantan;2026;May;28
TUX;NO;1;74596709;CHIS;Chiapas;Comitán;Comitán Domínguez;2026;May;20
TUX;NO;1;74596709;CHIS;Chiapas;Margaritas;Margaritas;2026;May;20
TUX;NO;1;74601418;CHIS;Chiapas;Tonalá;Tonalá;2026;May;20
TUX;NO;1;74601451;CHIS;Chiapas;Comitán;Comitán Domínguez;2026;May;19
TUX;NO;1;74601455;CHIS;Chiapas;San Fernando;San Fernando;2026;May;20
TUX;NO;1;74608227;CHIS;Chiapas;Comalapan;Cd. Front. Comalapa;2026;May;21
TUX;NO;1;74608227;CHIS;Chiapas;Comitán;Comitán Domínguez;2026;May;21
TUX;NO;1;74608227;CHIS;Chiapas;Teopisca;Teopisca;2026;May;21
TUX;NO;1;74608363;CHIS;Chiapas;Tapachula;Tapachula;2026;May;22
TUX;NO;1;74615162;CHIS;Chiapas;Ocotzingo;Ocotzingo;2026;May;23
TUX;NO;1;74615203;CHIS;Chiapas;Ocotzingo;Ocotzingo;2026;May;23
TUX;NO;1;74618823;CHIS;Chiapas;Margaritas;Margaritas;2026;May;23
TUX;NO;1;74627644;CHIS;Chiapas;Comitán;Comitán Domínguez;2026;May;25
TUX;NO;1;74627644;CHIS;Chiapas;S Crist de las Casas;S.Crist.de las Casas;2026;May;25
TUX;NO;1;74627706;CHIS;Chiapas;Tapachula;Tapachula;2026;May;25
TUX;NO;1;74629294;CHIS;Chiapas;Pijijiapan;Pijijiapan;2026;May;25
TUX;NO;1;74629294;CHIS;Chiapas;Tonalá;Tonalá;2026;May;25
TUX;NO;1;74633525;CHIS;Chiapas;Comitán;Comitán Domínguez;2026;May;26
TUX;NO;1;74633525;CHIS;Chiapas;S Crist de las Casas;S.Crist.de las Casas;2026;May;26
TUX;NO;1;74634306;CHIS;Chiapas;Tonalá;Tonalá;2026;May;26
TUX;NO;1;74639220;CHIS;Chiapas;Tapachula;Tapachula;2026;May;27
TUX;NO;1;74639859;CHIS;Chiapas;Tapachula;Tapachula;2026;May;28
TUX;NO;1;74642186;CHIS;Chiapas;Tapachula;Tapachula;2026;May;29
TUX;NO;1;74642327;CHIS;Chiapas;Villaflores;Villaflores;2026;May;28
TUX;NO;1;74644802;CHIS;Chiapas;Ocotzingo;Ocotzingo;2026;May;28
TUX;NO;1;74644804;CHIS;Chiapas;Ocotzingo;Ocotzingo;2026;May;28
TUX;NO;1;74646502;CHIS;Chiapas;Tapachula;Tapachula;2026;May;28
TUX;NO;1;74650083;CHIS;Chiapas;Tapachula;Tapachula;2026;May;28
TUX;NO;1;74651972;CHIS;Chiapas;Huixtla;Huixtla;2026;May;29
TUX;NO;1;74651972;CHIS;Chiapas;Tapachula;Tapachula;2026;May;29
TUX;NO;1;74651972;CHIS;Chiapas;Tonalá;Tonalá;2026;May;29
TUX;NO;1;74652942;CHIS;Chiapas;Comitán;Comitán Domínguez;2026;May;30
TUX;NO;1;74653119;CHIS;Chiapas;Chiapa de Corzo;Chiapa de Corzo;2026;May;30
TUX;NO;1;74653119;CHIS;Chiapas;Comalapan;Cd. Front. Comalapa;2026;May;30
TUX;NO;1;74653119;CHIS;Chiapas;Comitán;Comitán Domínguez;2026;May;30
TUX;NO;1;74666167;CHIS;Chiapas;Comalapan;Cd. Front. Comalapa;2026;Jun;1
TUX;NO;1;74666167;CHIS;Chiapas;Comalapan;Comalapan;2026;Jun;1
TUX;NO;1;74666167;CHIS;Chiapas;Comitán;Comitán Domínguez;2026;Jun;1
TUX;NO;1;74666169;CHIS;Chiapas;Tapachula;Tapachula;2026;Jun;1
TUX;NO;1;74666169;CHIS;Chiapas;Tonalá;Tonalá;2026;Jun;1
TUX;NO;1;74671934;CHIS;Chiapas;San Fernando;San Fernando;2026;Jun;2
TUX;NO;1;74678144;CHIS;Chiapas;Chiapa de Corzo;Chiapa de Corzo;2026;Jun;3
TUX;NO;1;74678144;CHIS;Chiapas;Comitán;Comitán Domínguez;2026;Jun;3
TUX;NO;1;74678144;CHIS;Chiapas;La Trinitaria;La Trinitaria;2026;Jun;3
TUX;NO;1;74686768;CHIS;Chiapas;Tapilula;Bochil;2026;Jun;5
TUX;NO;1;74688355;CHIS;Chiapas;Comalapan;Cd. Front. Comalapa;2026;Jun;6
TUX;NO;1;74688355;CHIS;Chiapas;Comitán;Comitán Domínguez;2026;Jun;6
TUX;NO;1;74688355;CHIS;Chiapas;S Crist de las Casas;S.Crist.de las Casas;2026;Jun;6
TUX;NO;1;74689243;CHIS;Chiapas;Angel Albino Corzo;Angel Albino Corzo;2026;Jun;6
TUX;NO;1;74692298;CHIS;Chiapas;Ocozocoautla;Ocozocoautla;2026;Jun;6
TUX;NO;1;74692298;CHIS;Chiapas;Tapachula;Tapachula;2026;Jun;6
TUX;NO;1;74692574;CHIS;Chiapas;Ocozocoautla;Ocozocoautla;2026;Jun;8
TUX;NO;1;74692574;CHIS;Chiapas;Tapachula;Tapachula;2026;Jun;8
TUX;NO;1;74711992;CHIS;Chiapas;Ocotzingo;Ocotzingo;2026;Jun;9
TUX;NO;1;74711992;CHIS;Chiapas;Palenque;Palenque;2026;Jun;9
TUX;NO;1;74717905;CHIS;Chiapas;Ocotzingo;Ocotzingo;2026;Jun;10
TUX;NO;1;74717910;CHIS;;Tecpatan, Chs;TECPATAN, CHIS.;2026;Jun;15
TUX;NO;1;74720346;CHIS;Chiapas;Margaritas;Margaritas;2026;Jun;11
TUX;NO;1;74725304;CHIS;Chiapas;Cacahuatan;Cacahuatán;2026;Jun;11
TUX;NO;1;74729130;CHIS;Chiapas;Oxchuc Chs;OXCHUC, CHIS.;2026;Jun;11
TUX;NO;1;74729132;CHIS;Chiapas;S Crist de las Casas;S.Crist.de las Casas;2026;Jun;11
TUX;NO;1;74729133;CHIS;Chiapas;S Crist de las Casas;S.Crist.de las Casas;2026;Jun;11
TUX;NO;1;74731088;CHIS;Chiapas;S Crist de las Casas;S.Crist.de las Casas;2026;Jun;13
TUX;NO;1;74731088;CHIS;Chiapas;Teopisca;Teopisca;2026;Jun;13
TUX;NO;1;74731853;CHIS;Chiapas;Oxchuc Chs;OXCHUC, CHIS.;2026;Jun;12
TUX;NO;1;74732109;CHIS;Chiapas;Yajalón;Yajalon;2026;Jun;13
TUX;NO;1;74732207;CHIS;Chiapas;Chilon;Chilon;2026;Jun;15
TUX;NO;1;74750577;CHIS;Chiapas;La Concordia;La Concordia;2026;Jun;16
TUX;NO;1;74751374;CHIS;Chiapas;Margaritas;Margaritas;2026;Jun;16
TUX;NO;1;74751417;CHIS;Chiapas;Margaritas;Margaritas;2026;Jun;16
TUX;NO;1;74751417;CHIS;Chiapas;S Crist de las Casas;S.Crist.de las Casas;2026;Jun;16
TUX;NO;1;74752937;CHIS;Chiapas;Ocotzingo;Ocotzingo;2026;Jun;16
TUX;NO;1;74755431;CHIS;Chiapas;Comitán;Comitán Domínguez;2026;Jun;16
TUX;NO;1;74755444;CHIS;Chiapas;Tapachula;Tapachula;2026;Jun;17
TUX;NO;1;74755474;CHIS;Chiapas;Tapachula;Tapachula;2026;Jun;17
TUX;NO;1;74756709;CHIS;Chiapas;Comalapan;Cd. Front. Comalapa;2026;Jun;17
TUX;NO;1;74756709;CHIS;Chiapas;S Crist de las Casas;S.Crist.de las Casas;2026;Jun;17
TUX;NO;1;74761101;CHIS;Chiapas;San Fernando;San Fernando;2026;Jun;22
TUX;NO;1;74770880;CHIS;Chiapas;Tapachula;Tapachula;2026;Jun;20
TUX;NO;1;74770880;CHIS;Chiapas;Tonalá;Tonalá;2026;Jun;20
TUX;NO;1;74787856;CHIS;Chiapas;Comitán;Comitán Domínguez;2026;Jun;24
TUX;NO;1;74791471;CHIS;Chiapas;Teopisca;Teopisca;2026;Jun;25
TUX;NO;1;74791601;CHIS;Chiapas;Villaflores;Villaflores;2026;Jun;24
TUX;NO;1;74791620;CHIS;Chiapas;Chicomuselo;Chicomuselo;2026;Jun;24
TUX;NO;1;74791646;CHIS;Chiapas;Comitán;Comitán Domínguez;2026;Jun;25
TUX;NO;1;74791718;CHIS;Chiapas;Angel Albino Corzo;;2026;Jun;25
TUX;NO;1;74791718;CHIS;Chiapas;Villaflores;Villaflores;2026;Jun;25
TUX;NO;1;74797325;CHIS;Chiapas;Tapachula;Tapachula;2026;Jun;25
TUX;NO;1;74808646;CHIS;Chiapas;Tapachula;Tapachula;2026;Jun;27
TUX;NO;1;74808650;CHIS;Chiapas;Tapachula;Tapachula;2026;Jun;27
TUX;NO;1;74808662;CHIS;Chiapas;Tapachula;Tapachula;2026;Jun;29
TUX;NO;1;74820223;CHIS;Chiapas;Tapilula;Bochil;2026;Jun;30
TUX;NO;1;74820223;CHIS;Chiapas;Tapilula;Tapilula;2026;Jun;30
TUX;NO;1;74828430;CHIS;Chiapas;Comitán;Comitán Domínguez;2026;Jul;1
TUX;NO;1;74829656;CHIS;Chiapas;Chilon;Chilon;2026;Jul;2
TUX;NO;1;74844953;CHIS;Chiapas;Yajalón;Yajalon;2026;Jul;4
TUX;NO;1;74845266;CHIS;Chiapas;Comitán;Comitán Domínguez;2026;Jul;4
TUX;NO;1;74854864;CHIS;Chiapas;Tapachula;Tapachula;2026;Jul;7
TUX;NO;1;74854866;CHIS;Chiapas;Tapachula;Tapachula;2026;Jul;6
TUX;NO;1;74854873;CHIS;Chiapas;Huixtla;Huixtla;2026;Jul;7
TUX;NO;1;74854873;CHIS;Chiapas;Mapastepec;Mapastepec;2026;Jul;7
TUX;NO;1;74854873;CHIS;Chiapas;Tapachula;Tapachula;2026;Jul;7
TUX;NO;1;74854875;CHIS;Chiapas;Tapachula;Tapachula;2026;Jul;6
TUX;NO;1;74854976;CHIS;Chiapas;Tapachula;Tapachula;2026;Jul;7
TUX;NO;1;74855163;CHIS;Chiapas;Tapachula;Tapachula;2026;Jul;7
TUX;NO;1;74855167;CHIS;Chiapas;Tapachula;Tapachula;2026;Jul;6
TUX;NO;1;74855354;CHIS;Chiapas;Angel Albino Corzo;Angel Albino Corzo;2026;Jul;8
TUX;NO;1;74855354;CHIS;Chiapas;Villacorzo;;2026;Jul;8
TUX;NO;1;74855354;CHIS;Chiapas;Villaflores;Villaflores;2026;Jul;8
TUX;NO;1;74860380;CHIS;CDMX+EDOMEX;Tultitlán;Tultitlan;2026;Jul;7
TUX;NO;1;74861342;CHIS;CDMX+EDOMEX;Tultitlán;Tultitlan;2026;Jul;9
TUX;NO;1;74870637;CHIS;Chiapas;Angel Albino Corzo;Angel Albino Corzo;2026;Jul;10
TUX;NO;1;74870637;CHIS;Chiapas;Villacorzo;;2026;Jul;10
TUX;NO;1;74870726;CHIS;Chiapas;Comalapan;Comalapan;2026;Jul;10
TUX;NO;1;74870726;CHIS;Chiapas;La Trinitaria;La Trinitaria;2026;Jul;10
TUX;NO;1;74870728;CHIS;Chiapas;Chicomuselo;Chicomuselo;2026;Jul;10
TUX;NO;1;74870728;CHIS;Chiapas;Comalapan;Cd. Front. Comalapa;2026;Jul;10
TUX;NO;1;74870729;CHIS;Chiapas;Tapachula;Tapachula;2026;Jul;9
TUX;NO;1;74881753;CHIS;Chiapas;Chiapa de Corzo;Chiapa de Corzo;2026;Jul;13
TUX;NO;1;74881753;CHIS;Chiapas;S Crist de las Casas;S.Crist.de las Casas;2026;Jul;13
TUX;NO;1;74888912;CHIS;Chiapas;Ocotzingo;Ocotzingo;2026;Jul;14
TUX;NO;1;74890645;CHIS;Chiapas;Tapachula;Tapachula;2026;Jul;15
TUX;NO;1;74890645;CHIS;Chiapas;Tonalá;Tonalá;2026;Jul;15
TUX;NO;1;74894895;CHIS;Chiapas;S Crist de las Casas;S.Crist.de las Casas;2026;Jul;14
TUX;NO;1;74894895;CHIS;Chiapas;S Crist de las Casas;Zinacantan;2026;Jul;14
TUX;NO;1;74894911;CHIS;Chiapas;Ocotzingo;Ocotzingo;2026;Jul;15
TUX;NO;1;74894911;CHIS;Chiapas;Yajalón;Yajalon;2026;Jul;15
TUX;NO;1;74895124;CHIS;Chiapas;Berriozabal;Berriozabal;2026;Jul;14
TUX;NO;1;74899660;CHIS;Chiapas;Ocotzingo;Ocotzingo;2026;Jul;15
TUX;NO;1;74906356;CHIS;Chiapas;La Concordia;La Concordia;2026;Jul;17
TUX;NO;1;74906356;CHIS;Chiapas;Villacorzo;;2026;Jul;17
TUX;NO;1;74906356;CHIS;Chiapas;Villaflores;Villaflores;2026;Jul;17
TUX;NO;1;74906360;CHIS;Chiapas;Villacorzo;;2026;Jul;17
TUX;NO;1;74908431;CHIS;Chiapas;Chiapa de Corzo;Chiapa de Corzo;2026;Jul;17
TUX;NO;1;74908431;CHIS;Chiapas;Comitán;Comitán Domínguez;2026;Jul;17
TUX;NO;1;74908431;CHIS;Chiapas;S Crist de las Casas;S.Crist.de las Casas;2026;Jul;17
TUX;NO;1;74910921;CHIS;Chiapas;Margaritas;Margaritas;2026;Jul;18
TUX;NO;1;74919817;CHIS;Chiapas;Ocotzingo;Ocotzingo;2026;Jul;20
TUX;NO;1;74919817;CHIS;Chiapas;Oxchuc Chs;OXCHUC, CHIS.;2026;Jul;20
TUX;NO;1;74919836;CHIS;Chiapas;Chilon;Chilon;2026;Jul;20
TUX;NO;1;74919836;CHIS;Chiapas;S Crist de las Casas;S.Crist.de las Casas;2026;Jul;20
TUX;NO;1;74921661;CHIS;Chiapas;Mitontic;Mitontic;2026;Jul;19
TUX;NO;1;74924399;CHIS;Chiapas;Tapachula;Tapachula;2026;Jul;20
TUX;NO;1;74924418;CHIS;Chiapas;Tapachula;Tapachula;2026;Jul;21
TUX;NO;1;74924465;CHIS;Chiapas;Chiapa de Corzo;Chiapa de Corzo;2026;Jul;21
TUX;NO;1;74924465;CHIS;Chiapas;Soyalo;;2026;Jul;21
TUX;NO;1;74924465;CHIS;Chiapas;Tapilula;Bochil;2026;Jul;21
TUX;NO;1;74929020;CHIS;Chiapas;Tapachula;Tapachula;2026;Jul;22
TUX;NO;1;74929029;CHIS;Chiapas;Comitán;Comitán Domínguez;2026;Jul;22
TUX;NO;1;74929029;CHIS;Chiapas;La Trinitaria;La Trinitaria;2026;Jul;22
TUX;NO;1;74929118;CHIS;Chiapas;La Trinitaria;La Trinitaria;2026;Jul;22
TUX;NO;1;74929118;CHIS;Chiapas;S Crist de las Casas;S.Crist.de las Casas;2026;Jul;22
TUX;NO;1;74929493;CHIS;Chiapas;Ocozocoautla;Ocozocoautla;2026;Jul;22
TUX;NO;1;74930296;CHIS;Chiapas;Tapachula;Tapachula;2026;Jul;21
TUX;NO;1;74933503;CHIS;Chiapas;Tapachula;Tapachula;2026;Jul;23
TUX;NO;1;74934725;CHIS;Chiapas;Margaritas;Margaritas;2026;Jul;24
TUX;NO;1;74934725;CHIS;Chiapas;S Crist de las Casas;S.Crist.de las Casas;2026;Jul;24
TUX;NO;1;74935024;CHIS;Chiapas;Tapachula;Tapachula;2026;Jul;24
TUX;NO;1;74935358;CHIS;Chiapas;Ocotzingo;Ocotzingo;2026;Jul;28
TUX;NO;1;74935358;CHIS;Chiapas;Palenque;Palenque;2026;Jul;28
TUX;NO;1;74939881;CHIS;Chiapas;Tonalá;Tonalá;2026;Jul;25
TUX;NO;1;74951378;CHIS;Chiapas;La Concordia;La Concordia;2026;Jul;27
TUX;NO;1;74951378;CHIS;Chiapas;Villacorzo;;2026;Jul;27
TUX;NO;1;74951378;CHIS;Chiapas;Villaflores;Villaflores;2026;Jul;27
TUX;NO;1;74954865;CHIS;Chiapas;San Fernando;San Fernando;2026;Jul;29
TUX;NO;1;74954865;CHIS;Chiapas;Tapachula;Tapachula;2026;Jul;29
TUX;NO;1;74956684;CHIS;Chiapas;Comitán;Comitán Domínguez;2026;Jul;31
TUX;NO;1;74956684;CHIS;Chiapas;S Crist de las Casas;S.Crist.de las Casas;2026;Jul;31
TUX;NO;1;74959293;CHIS;Chiapas;Angel Albino Corzo;Angel Albino Corzo;2026;Jul;29
TUX;NO;1;74965714;CHIS;Chiapas;Tapachula;Tapachula;2026;Jul;31
TUX;NO;1;74970984;CHIS;Chiapas;Comitán;Comitán Domínguez;2026;Ago;1
TUX;NO;1;74973911;CHIS;Chiapas;Comitán;Comitán Domínguez;2026;Ago;1
TUX;NO;1;74981375;CHIS;Chiapas;Mitontic;Mitontic;2026;Ago;3
TUX;NO;1;74981375;CHIS;Chiapas;S Crist de las Casas;S.Crist.de las Casas;2026;Ago;3
TUX;NO;1;74986603;CHIS;Chiapas;Tapachula;Tapachula;2026;Ago;4
TUX;NO;1;74992149;CHIS;Chiapas;Tapachula;Tapachula;2026;Ago;5
TUX;NO;1;74992160;CHIS;Chiapas;Tapachula;Tapachula;2026;Ago;6
TUX;NO;1;74992470;CHIS;Chiapas;Cacahuatan;Cacahuatán;2026;Ago;5
TUX;NO;1;74992470;CHIS;Chiapas;Mapastepec;Mapastepec;2026;Ago;5
TUX;NO;1;74992470;CHIS;Chiapas;Pijijiapan;Pijijiapan;2026;Ago;5
TUX;NO;1;74995982;CHIS;Chiapas;Tapachula;Tapachula;2026;Ago;6
TUX;NO;1;74996075;CHIS;Chiapas;La Trinitaria;La Trinitaria;2026;Ago;6
TUX;NO;1;75000670;CHIS;Chiapas;Mapastepec;Mapastepec;2026;Ago;7
TUX;NO;1;75001545;CHIS;Chiapas;S Crist de las Casas;S.Crist.de las Casas;2026;Ago;7
TUX;NO;1;75005750;CHIS;Chiapas;Ocotzingo;Ocotzingo;2026;Ago;8
TUX;NO;1;75005756;CHIS;Chiapas;Ocotzingo;Ocotzingo;2026;Ago;8
TUX;NO;1;75013206;CHIS;Chiapas;Margaritas;Margaritas;2026;Ago;10
TUX;NO;1;75013438;CHIS;Chiapas;Ocotzingo;Ocotzingo;2026;Ago;11
TUX;NO;1;75013452;CHIS;Chiapas;Ocotzingo;Ocotzingo;2026;Ago;10
TUX;NO;1;75013452;CHIS;Chiapas;S Crist de las Casas;S.Crist.de las Casas;2026;Ago;10
TUX;NO;1;75019272;CHIS;Chiapas;Tapachula;Tapachula;2026;Ago;11
TUX;NO;1;75019279;CHIS;Chiapas;Chilon;Chilon;2026;Ago;11
TUX;NO;1;75019312;CHIS;Chiapas;Ocotzingo;Ocotzingo;2026;Ago;11
TUX;NO;1;75019319;CHIS;Chiapas;Comalapan;Cd. Front. Comalapa;2026;Ago;12
TUX;NO;1;75019319;CHIS;Chiapas;S Crist de las Casas;S.Crist.de las Casas;2026;Ago;12
TUX;NO;1;75019499;CHIS;Chiapas;Comitán;Comitán Domínguez;2026;Ago;11
TUX;NO;1;75021301;CHIS;Chiapas;Mapastepec;Mapastepec;2026;Ago;12
TUX;NO;1;75021301;CHIS;Chiapas;San Fernando;San Fernando;2026;Ago;12
TUX;NO;1;75021301;CHIS;Chiapas;Tapachula;Tapachula;2026;Ago;12
TUX;NO;1;75031644;CHIS;Chiapas;Ocotzingo;Ocotzingo;2026;Ago;14
TUX;NO;1;75031656;CHIS;Chiapas;Tapachula;Tapachula;2026;Ago;15
TUX;NO;1;75031666;CHIS;Chiapas;Tonalá;Tonalá;2026;Ago;14
TUX;NO;1;75035173;CHIS;Chiapas;S Crist de las Casas;S.Crist.de las Casas;2026;Ago;14
TUX;NO;1;75040981;CHIS;Chiapas;Ocotzingo;Ocotzingo;2026;Ago;17
TUX;NO;1;75059338;CHIS;Chiapas;Tonalá;Tonalá;2026;Ago;19
TUX;NO;1;75061162;CHIS;Chiapas;Chilon;Chilon;2026;Ago;20
TUX;NO;1;75061186;CHIS;Chiapas;Comitán;Comitán Domínguez;2026;Ago;20
TUX;NO;1;75061187;CHIS;Chiapas;San Fernando;San Fernando;2026;Ago;20
TUX;NO;1;75061187;CHIS;Chiapas;Tonalá;Tonalá;2026;Ago;20
TUX;NO;1;75061189;CHIS;Chiapas;Comitán;Comitán Domínguez;2026;Ago;20
TUX;NO;1;75061189;CHIS;Chiapas;S Crist de las Casas;S.Crist.de las Casas;2026;Ago;20
TUX;NO;1;75061189;CHIS;Chiapas;Yajalón;Yajalon;2026;Ago;20
TUX;NO;1;75063865;CHIS;Chiapas;Huixtla;Huixtla;2026;Ago;20
TUX;NO;1;75064609;CHIS;Chiapas;Ocotzingo;Ocotzingo;2026;Ago;20
TUX;NO;1;75065502;CHIS;Chiapas;Comitán;Comitán Domínguez;2026;Ago;21
TUX;NO;1;75070272;CHIS;Chiapas;Tapachula;Tapachula;2026;Ago;21
TUX;NO;1;75070692;CHIS;Chiapas;Tapachula;Tapachula;2026;Ago;22
TUX;NO;1;75074614;CHIS;Chiapas;Tapachula;Tapachula;2026;Ago;24
TUX;NO;1;75074628;CHIS;Chiapas;Ocotzingo;Ocotzingo;2026;Ago;24
TUX;NO;1;75074631;CHIS;Chiapas;Tapachula;Tapachula;2026;Ago;24
TUX;NO;1;75084338;CHIS;Chiapas;Tapachula;Tapachula;2026;Ago;25
TUX;NO;1;75087247;CHIS;Chiapas;Margaritas;Margaritas;2026;Ago;28
TUX;NO;1;75087260;CHIS;Chiapas;Ocotzingo;Ocotzingo;2026;Ago;26
TUX;NO;1;75088916;CHIS;Chiapas;Ocotzingo;Ocotzingo;2026;Ago;25
TUX;NO;1;75089253;CHIS;Chiapas;San Fernando;San Fernando;2026;Ago;25
TUX;NO;1;75092517;CHIS;Chiapas;Tapachula;Tapachula;2026;Ago;27
TUX;NO;1;75093327;CHIS;Chiapas;Ocotzingo;Ocotzingo;2026;Ago;26
TUX;NO;1;75093481;CHIS;Chiapas;Ocotzingo;Ocotzingo;2026;Ago;26
TUX;NO;1;75093555;CHIS;Chiapas;Ocotzingo;Ocotzingo;2026;Ago;26
TUX;NO;1;75094052;CHIS;Chiapas;Tapachula;Tapachula;2026;Ago;26
TUX;NO;1;75097740;CHIS;Chiapas;Tapachula;Tapachula;2026;Ago;27
TUX;NO;1;75098357;CHIS;Chiapas;Tapachula;Tapachula;2026;Ago;27
TUX;NO;1;75099076;CHIS;Chiapas;Palenque;Palenque;2026;Ago;27
TUX;NO;1;75099921;CHIS;Chiapas;Comitán;Comitán Domínguez;2026;Ago;29
TUX;NO;1;75099921;CHIS;Chiapas;S Crist de las Casas;S.Crist.de las Casas;2026;Ago;29
TUX;NO;1;75102798;CHIS;Chiapas;Ocotzingo;Ocotzingo;2026;Ago;28
TUX;NO;1;75103743;CHIS;Chiapas;Jitotol;;2026;Sep;2
TUX;NO;1;75103743;CHIS;Chiapas;Tapilula;Bochil;2026;Sep;2
TUX;NO;1;75103743;CHIS;Chiapas;Tapilula;Tapilula;2026;Sep;2
TUX;NO;1;75103847;CHIS;Chiapas;Chicomuselo;Chicomuselo;2026;Ago;29
TUX;NO;1;75108574;CHIS;Chiapas;Ocotzingo;Ocotzingo;2026;Ago;29
TUX;NO;1;75108580;CHIS;Chiapas;Comitán;Comitán Domínguez;2026;Ago;29
TUX;NO;1;75108580;CHIS;Chiapas;S Crist de las Casas;S.Crist.de las Casas;2026;Ago;29
TUX;NO;1;75116638;CHIS;Chiapas;Ocotzingo;Ocotzingo;2026;Ago;31
TUX;NO;1;75117424;CHIS;Chiapas;Oxchuc Chs;OXCHUC, CHIS.;2026;Ago;31
TUX;NO;1;75117424;CHIS;Chiapas;Yajalón;Yajalon;2026;Ago;31
TUX;NO;1;75118544;CHIS;Chiapas;Arriaga;Arriaga;2026;Sep;1
TUX;NO;1;75118544;CHIS;Chiapas;Berriozabal;Berriozabal;2026;Sep;1
TUX;NO;1;75118940;CHIS;Chiapas;Comalapan;Cd. Front. Comalapa;2026;Ago;31
TUX;NO;1;75122244;CHIS;Chiapas;Margaritas;Margaritas;2026;Sep;2
TUX;NO;1;75122249;CHIS;Chiapas;Tapachula;Tapachula;2026;Sep;2
TUX;NO;1;75122329;CHIS;Chiapas;Villaflores;Villaflores;2026;Sep;1
TUX;NO;1;75124036;CHIS;Chiapas;Ocotzingo;Ocotzingo;2026;Sep;2
TUX;NO;1;75124085;CHIS;Chiapas;S Crist de las Casas;S.Crist.de las Casas;2026;Sep;2
TUX;NO;1;75124714;CHIS;Chiapas;Ocotzingo;Ocotzingo;2026;Sep;2
TUX;NO;1;75129396;CHIS;Chiapas;Cacahuatan;Cacahuatán;2026;Sep;5
TUX;NO;1;75129396;CHIS;Chiapas;Tapachula;Tapachula;2026;Sep;5
TUX;NO;1;75129525;CHIS;Chiapas;Ocotzingo;Ocotzingo;2026;Sep;4
TUX;NO;1;75136454;CHIS;Chiapas;Angel Albino Corzo;Angel Albino Corzo;2026;Sep;5
TUX;NO;1;75136509;CHIS;Chiapas;Tapachula;Tapachula;2026;Sep;4
TUX;NO;1;75142291;CHIS;Chiapas;Palenque;Palenque;2026;Sep;8
TUX;NO;1;75142296;CHIS;Chiapas;Ocotzingo;Ocotzingo;2026;Sep;8
TUX;NO;1;75149404;CHIS;Chiapas;Ocotzingo;Ocotzingo;2026;Sep;8
TUX;NO;1;75149404;CHIS;Chiapas;Palenque;Palenque;2026;Sep;8
TUX;NO;1;75149427;CHIS;Chiapas;La Independencia;;2026;Sep;8
TUX;NO;1;75153067;CHIS;Chiapas;Villacorzo;;2026;Sep;8
TUX;NO;2;74153699;CHIS;Chiapas;Ocotzingo;Ocotzingo;2026;Feb;27
TUX;NO;2;74202760;CHIS;Chiapas;Tapachula;Tapachula;2026;Mar;9
TUX;NO;2;74217928;CHIS;Chiapas;Comitán;Comitán Domínguez;2026;Mar;12
TUX;NO;2;74217928;CHIS;Chiapas;Margaritas;Margaritas;2026;Mar;12
TUX;NO;2;74217928;CHIS;Chiapas;S Crist de las Casas;S.Crist.de las Casas;2026;Mar;12
TUX;NO;2;74223459;CHIS;Chiapas;Tapachula;Tapachula;2026;Mar;12
TUX;NO;2;74231590;CHIS;Chiapas;Comalapan;Cd. Front. Comalapa;2026;Mar;13
TUX;NO;2;74256305;CHIS;Chiapas;Mitontic;Mitontic;2026;Mar;20
TUX;NO;2;74263790;CHIS;Chiapas;Mapastepec;Mapastepec;2026;Mar;20
TUX;NO;2;74263790;CHIS;Chiapas;Tapachula;Tapachula;2026;Mar;20
TUX;NO;2;74290762;CHIS;Chiapas;Comitán;Comitán Domínguez;2026;Mar;24
TUX;NO;2;74290762;CHIS;Chiapas;Margaritas;Margaritas;2026;Mar;24
TUX;NO;2;74290762;CHIS;Chiapas;S Crist de las Casas;S.Crist.de las Casas;2026;Mar;24
TUX;NO;2;74297878;CHIS;Chiapas;San Fernando;San Fernando;2026;Mar;25
TUX;NO;2;74301139;CHIS;Chiapas;Villaflores;Villaflores;2026;Mar;26
TUX;NO;2;74301142;CHIS;Chiapas;Chiapa de Corzo;Chiapa de Corzo;2026;Mar;26
TUX;NO;2;74302228;CHIS;Chiapas;Chiapa de Corzo;Chiapa de Corzo;2026;Mar;26
TUX;NO;2;74302228;CHIS;Chiapas;Comitán;Comitán Domínguez;2026;Mar;26
TUX;NO;2;74302234;CHIS;Chiapas;Ocotzingo;Ocotzingo;2026;Mar;26
TUX;NO;2;74302234;CHIS;Chiapas;S Crist de las Casas;S.Crist.de las Casas;2026;Mar;26
TUX;NO;2;74375045;CHIS;Chiapas;S Crist de las Casas;S.Crist.de las Casas;2026;Abr;8
TUX;NO;2;74380140;CHIS;Chiapas;Tapachula;Tapachula;2026;Abr;10
TUX;NO;2;74407079;CHIS;Chiapas;Tapachula;Tapachula;2026;Abr;14
TUX;NO;2;74412435;CHIS;Chiapas;Villacorzo;;2026;Abr;15
TUX;NO;2;74448498;CHIS;Chiapas;Ocotzingo;Ocotzingo;2026;Abr;22
TUX;NO;2;74448512;CHIS;Chiapas;Ocotzingo;Ocotzingo;2026;Abr;22
TUX;NO;2;74448512;CHIS;Chiapas;Tila;TILA, CHS;2026;Abr;22
TUX;NO;2;74449406;CHIS;Chiapas;Ocotzingo;Ocotzingo;2026;Abr;22
TUX;NO;2;74454824;CHIS;Chiapas;Ocotzingo;Ocotzingo;2026;Abr;23
TUX;NO;2;74459970;CHIS;Chiapas;Comalapan;Comalapan;2026;Abr;24
TUX;NO;2;74533445;CHIS;Chiapas;Ocotzingo;Ocotzingo;2026;May;9
TUX;NO;2;74533445;CHIS;Chiapas;S Crist de las Casas;S.Crist.de las Casas;2026;May;9
TUX;NO;2;74548100;CHIS;Chiapas;Comitán;Comitán Domínguez;2026;May;11
TUX;NO;2;74548100;CHIS;Chiapas;Teopisca;Teopisca;2026;May;11
TUX;NO;2;74571871;CHIS;Chiapas;Pijijiapan;Pijijiapan;2026;May;15
TUX;NO;2;74607596;CHIS;Chiapas;Angel Albino Corzo;;2026;May;21
TUX;NO;2;74607596;CHIS;Chiapas;Villacorzo;;2026;May;21
TUX;NO;2;74607596;CHIS;Chiapas;Villaflores;Villaflores;2026;May;21
TUX;NO;2;74612515;CHIS;Chiapas;Margaritas;Margaritas;2026;May;22
TUX;NO;2;74615200;CHIS;Chiapas;Ocotzingo;Ocotzingo;2026;May;25
TUX;NO;2;74635086;CHIS;Chiapas;Comitán;Comitán Domínguez;2026;May;30
TUX;NO;2;74639362;CHIS;Chiapas;Tapachula;Tapachula;2026;May;28
TUX;NO;2;74644803;CHIS;Chiapas;Huitiupan;Huitiupan;2026;May;28
TUX;NO;2;74644803;CHIS;Chiapas;Tapilula;Bochil;2026;May;28
TUX;NO;2;74717525;CHIS;Chiapas;Tonalá;Tonalá;2026;Jun;10
TUX;NO;2;74717902;CHIS;Chiapas;Comalapan;Cd. Front. Comalapa;2026;Jun;10
TUX;NO;2;74717902;CHIS;Chiapas;Comalapan;Comalapan;2026;Jun;10
TUX;NO;2;74717902;CHIS;Chiapas;Comitán;Comitán Domínguez;2026;Jun;10
TUX;NO;2;74719295;CHIS;Chiapas;Comitán;Comitán Domínguez;2026;Jun;10
TUX;NO;2;74750956;CHIS;Chiapas;Arriaga;Arriaga;2026;Jun;16
TUX;NO;2;74750956;CHIS;Chiapas;Berriozabal;Berriozabal;2026;Jun;16
TUX;NO;2;74750956;CHIS;Chiapas;Mapastepec;Mapastepec;2026;Jun;16
TUX;NO;2;74761103;CHIS;Chiapas;Cacahuatan;Cacahuatán;2026;Jun;18
TUX;NO;2;74761103;CHIS;Chiapas;Tapachula;Tapachula;2026;Jun;18
TUX;NO;2;74767500;CHIS;Chiapas;Comitán;Comitán Domínguez;2026;Jun;19
TUX;NO;2;74802630;CHIS;Chiapas;Tonalá;Tonalá;2026;Jun;25
TUX;NO;2;74808607;CHIS;Chiapas;Villaflores;Villaflores;2026;Jun;30
TUX;NO;2;74817419;CHIS;Chiapas;Comitán;Comitán Domínguez;2026;Jun;29
TUX;NO;2;74817419;CHIS;Chiapas;S Crist de las Casas;S.Crist.de las Casas;2026;Jun;29
TUX;NO;2;74888910;CHIS;Chiapas;Tapachula;Tapachula;2026;Jul;14
TUX;NO;2;74888910;CHIS;Chiapas;Tonalá;Tonalá;2026;Jul;14
TUX;NO;2;74890629;CHIS;Chiapas;San Fernando;San Fernando;2026;Jul;13
TUX;NO;2;74906357;CHIS;Chiapas;Angel Albino Corzo;Angel Albino Corzo;2026;Jul;18
TUX;NO;2;74906357;CHIS;Chiapas;Villa Corzo;Villa Corzo;2026;Jul;18
TUX;NO;2;74909976;CHIS;Chiapas;S Crist de las Casas;S.Crist.de las Casas;2026;Jul;18
TUX;NO;2;74909976;CHIS;Chiapas;Yajalón;Yajalon;2026;Jul;18
TUX;NO;2;74910938;CHIS;Chiapas;Margaritas;Margaritas;2026;Jul;20
TUX;NO;2;74910938;CHIS;Chiapas;S Crist de las Casas;S.Crist.de las Casas;2026;Jul;20
TUX;NO;2;74921913;CHIS;Chiapas;Pijijiapan;Pijijiapan;2026;Jul;21
TUX;NO;2;74921913;CHIS;Chiapas;Tapachula;Tapachula;2026;Jul;21
TUX;NO;2;74949904;CHIS;Chiapas;S Crist de las Casas;S.Crist.de las Casas;2026;Jul;27
TUX;NO;2;74965712;CHIS;Chiapas;Tapachula;Tapachula;2026;Jul;31
TUX;NO;2;75000659;CHIS;Chiapas;Tapachula;Tapachula;2026;Ago;7
TUX;NO;2;75018862;CHIS;Chiapas;Comitán;Comitán Domínguez;2026;Ago;12
TUX;NO;2;75018862;CHIS;Chiapas;Margaritas;Margaritas;2026;Ago;12
TUX;NO;2;75019275;CHIS;Chiapas;Mapastepec;Mapastepec;2026;Ago;12
TUX;NO;2;75019275;CHIS;Chiapas;Tapachula;Tapachula;2026;Ago;12
TUX;NO;2;75024836;CHIS;Chiapas;Pijijiapan;Pijijiapan;2026;Ago;12
TUX;NO;2;75031646;CHIS;Chiapas;Ocotzingo;Ocotzingo;2026;Ago;15
TUX;NO;2;75035371;CHIS;Chiapas;Tonalá;Tonalá;2026;Ago;14
TUX;NO;2;75040505;CHIS;Chiapas;Ocotzingo;Ocotzingo;2026;Ago;15
TUX;NO;2;75051289;CHIS;Chiapas;Berriozabal;Berriozabal;2026;Ago;18
TUX;NO;2;75051289;CHIS;Chiapas;Cacahuatan;Cacahuatán;2026;Ago;18
TUX;NO;2;75073644;CHIS;Chiapas;Tonalá;Tonalá;2026;Ago;22
TUX;NO;2;75082854;CHIS;Chiapas;Ocotzingo;Ocotzingo;2026;Ago;25
TUX;NO;2;75082854;CHIS;Chiapas;S Crist de las Casas;S.Crist.de las Casas;2026;Ago;25
TUX;NO;2;75094013;CHIS;Chiapas;Ocotzingo;Ocotzingo;2026;Ago;27
TUX;NO;2;75098342;CHIS;Chiapas;Tenejapa;Tenejapa;2026;Ago;31
TUX;NO;2;75124963;CHIS;Chiapas;Ocotzingo;Ocotzingo;2026;Sep;2
TUX;NO;2;75129400;CHIS;Chiapas;Chiapa de Corzo;Chiapa de Corzo;2026;Sep;4
TUX;NO;2;75129400;CHIS;Chiapas;Comitán;Comitán Domínguez;2026;Sep;4
TUX;NO;2;75149401;CHIS;Chiapas;Ocotzingo;Ocotzingo;2026;Sep;8
TUX;NO;2;75149401;CHIS;Chiapas;Palenque;Palenque;2026;Sep;8
TUX;NO;3;74153062;CHIS;Chiapas;Teopisca;Teopisca;2026;Feb;26
TUX;NO;3;74213212;CHIS;Chiapas;Huixtla;Huixtla;2026;Mar;10
TUX;NO;3;74213212;CHIS;Chiapas;Tapachula;Tapachula;2026;Mar;10
TUX;NO;3;74219109;CHIS;Chiapas;Tapachula;Tapachula;2026;Mar;12
TUX;NO;3;74221527;CHIS;Chiapas;Villacorzo;;2026;Mar;11
TUX;NO;3;74232231;CHIS;Chiapas;Tapachula;Tapachula;2026;Mar;14
TUX;NO;3;74232818;CHIS;Chiapas;Mapastepec;Mapastepec;2026;Mar;14
TUX;NO;3;74232818;CHIS;Chiapas;Ocozocoautla;Ocozocoautla;2026;Mar;14
TUX;NO;3;74256380;CHIS;Chiapas;Tapilula;Tapilula;2026;Mar;18
TUX;NO;3;74273108;CHIS;Chiapas;Comitán;Comitán Domínguez;2026;Mar;21
TUX;NO;3;74273108;CHIS;Chiapas;S Crist de las Casas;S.Crist.de las Casas;2026;Mar;21
TUX;NO;3;74289705;CHIS;Chiapas;Comalapan;Cd. Front. Comalapa;2026;Mar;24
TUX;NO;3;74412437;CHIS;Chiapas;S Crist de las Casas;S.Crist.de las Casas;2026;Abr;15
TUX;NO;3;74486330;CHIS;Chiapas;Tapachula;Tapachula;2026;Abr;30
TUX;NO;3;74633558;CHIS;Chiapas;Tapachula;Tapachula;2026;May;27
TUX;NO;3;74641036;CHIS;Chiapas;Comitán;Comitán Domínguez;2026;May;28
TUX;NO;3;74641126;CHIS;Chiapas;Margaritas;Margaritas;2026;May;28
TUX;NO;3;74731844;CHIS;Chiapas;Chilon;Chilon;2026;Jun;13
TUX;NO;3;74745084;CHIS;Chiapas;Comalapan;Cd. Front. Comalapa;2026;Jun;15
TUX;NO;3;74745084;CHIS;Chiapas;Comitán;Comitán Domínguez;2026;Jun;15
TUX;NO;3;74767738;CHIS;Chiapas;Arriaga;Arriaga;2026;Jun;20
TUX;NO;3;74767738;CHIS;Chiapas;Mapastepec;Mapastepec;2026;Jun;20
TUX;NO;3;74820141;CHIS;Chiapas;Simojovel;Simojovel;2026;Jun;30
TUX;NO;3;74820141;CHIS;Chiapas;Tapilula;Bochil;2026;Jun;30
TUX;NO;3;74829457;CHIS;Chiapas;Tapachula;Tapachula;2026;Jul;2
TUX;NO;3;74929025;CHIS;Chiapas;Tonalá;Tonalá;2026;Jul;22
TUX;NO;3;74942899;CHIS;Chiapas;S Crist de las Casas;S.Crist.de las Casas;2026;Jul;28
TUX;NO;3;74942899;CHIS;Chiapas;Tila;TILA, CHS;2026;Jul;28
TUX;NO;3;74988598;CHIS;Chiapas;San Fernando;San Fernando;2026;Ago;5
TUX;NO;3;74988598;CHIS;Chiapas;Tapachula;Tapachula;2026;Ago;5
TUX;NO;3;74988598;CHIS;Chiapas;Tonalá;Tonalá;2026;Ago;5
TUX;NO;3;74996082;CHIS;Chiapas;Tapilula;Tapilula;2026;Ago;6
TUX;NO;3;74996459;CHIS;Chiapas;Huitiupan;Huitiupan;2026;Ago;7
TUX;NO;3;75015611;CHIS;Chiapas;Huixtla;Huixtla;2026;Ago;11
TUX;NO;3;75015611;CHIS;Chiapas;Mapastepec;Mapastepec;2026;Ago;11
TUX;NO;3;75041290;CHIS;Chiapas;Tapachula;Tapachula;2026;Ago;17
TUX;NO;3;75041290;CHIS;Chiapas;Tonalá;Tonalá;2026;Ago;17
TUX;NO;3;75051128;CHIS;Chiapas;Ocotzingo;Ocotzingo;2026;Ago;18
TUX;NO;3;75058646;CHIS;Chiapas;Huitiupan;Huitiupan;2026;Ago;19
TUX;NO;3;75065513;CHIS;Chiapas;Tapachula;Tapachula;2026;Ago;22
TUX;NO;3;75099647;CHIS;Chiapas;Margaritas;Margaritas;2026;Ago;28
TUX;NO;3;75108555;CHIS;Chiapas;Oxchuc Chs;OXCHUC, CHIS.;2026;Sep;2
TUX;NO;3;75136463;CHIS;Chiapas;Margaritas;Margaritas;2026;Sep;4
TUX;NO;3;75136486;CHIS;Chiapas;S Crist de las Casas;S.Crist.de las Casas;2026;Sep;4
TUX;NO;3;75148864;CHIS;Chiapas;Tapachula;Tapachula;2026;Sep;8
TUX;NO;3;75148864;CHIS;Chiapas;Tonalá;Tonalá;2026;Sep;8
TUX;NO;4;74148462;CHIS;Chiapas;La Concordia;La Concordia;2026;Feb;27
TUX;NO;4;74196670;CHIS;Chiapas;Comitán;Comitán Domínguez;2026;Mar;6
TUX;NO;4;74196670;CHIS;Chiapas;Margaritas;Margaritas;2026;Mar;6
TUX;NO;4;74210499;CHIS;Chiapas;Tapachula;Tapachula;2026;Mar;9
TUX;NO;4;74210499;CHIS;Chiapas;Tonalá;Tonalá;2026;Mar;9
TUX;NO;4;74213133;CHIS;Chiapas;Tapachula;Tapachula;2026;Mar;10
TUX;NO;4;74223454;CHIS;Chiapas;Tapachula;Tapachula;2026;Mar;12
TUX;NO;4;74414940;CHIS;Chiapas;Comitán;Comitán Domínguez;2026;Abr;16
TUX;NO;4;74454440;CHIS;Chiapas;Angel Albino Corzo;Angel Albino Corzo;2026;Abr;23
TUX;NO;4;74499887;CHIS;Chiapas;Berriozabal;Berriozabal;2026;May;4
TUX;NO;4;74516304;CHIS;Chiapas;Chicomuselo;Chicomuselo;2026;May;5
TUX;NO;4;74516304;CHIS;Chiapas;Comalapan;Comalapan;2026;May;5
TUX;NO;4;74516304;CHIS;Chiapas;Comitán;Comitán Domínguez;2026;May;5
TUX;NO;4;74548289;CHIS;Chiapas;Tapachula;Tapachula;2026;May;12
TUX;NO;4;74548563;CHIS;Chiapas;Villa Corzo;Villa Corzo;2026;May;11
TUX;NO;4;74548563;CHIS;Chiapas;Villacorzo;;2026;May;11
TUX;NO;4;74550206;CHIS;Chiapas;Tapachula;Tapachula;2026;May;13
TUX;NO;4;74587536;CHIS;Chiapas;Comitán;Comitán Domínguez;2026;May;19
TUX;NO;4;74587536;CHIS;Chiapas;S Crist de las Casas;S.Crist.de las Casas;2026;May;19
TUX;NO;4;74642325;CHIS;Chiapas;Tapachula;Tapachula;2026;May;29
TUX;NO;4;74731839;CHIS;Chiapas;Yajalón;Yajalon;2026;Jun;13
TUX;NO;4;74745092;CHIS;Chiapas;Mezcalapa;;2026;Jun;15
TUX;NO;4;74820182;CHIS;Chiapas;Simojovel;Simojovel;2026;Jun;30
TUX;NO;4;74824093;CHIS;Chiapas;Ocotzingo;Ocotzingo;2026;Jul;1
TUX;NO;4;74824093;CHIS;Chiapas;S Crist de las Casas;S.Crist.de las Casas;2026;Jul;1
TUX;NO;4;74829451;CHIS;Chiapas;Comitán;Comitán Domínguez;2026;Jul;2
TUX;NO;4;74872583;CHIS;Chiapas;Comitán;Comitán Domínguez;2026;Jul;11
TUX;NO;4;74872583;CHIS;Chiapas;Margaritas;Margaritas;2026;Jul;11
TUX;NO;4;74895783;CHIS;Chiapas;Ciudad Altamirano;Ciudad Altamirano;2026;Jul;16
TUX;NO;4;74895783;CHIS;Chiapas;Ocotzingo;Ocotzingo;2026;Jul;16
TUX;NO;4;74966506;CHIS;Chiapas;Ocotzingo;Ocotzingo;2026;Jul;31
TUX;NO;4;74966506;CHIS;Chiapas;S Crist de las Casas;S.Crist.de las Casas;2026;Jul;31
TUX;NO;4;74969407;CHIS;Chiapas;Arriaga;Arriaga;2026;Jul;31
TUX;NO;4;74969407;CHIS;Chiapas;Tonalá;Tonalá;2026;Jul;31
TUX;NO;4;74987859;CHIS;Chiapas;Angel Albino Corzo;Angel Albino Corzo;2026;Ago;5
TUX;NO;4;74987859;CHIS;Chiapas;Villaflores;Villaflores;2026;Ago;5
TUX;NO;4;75058701;CHIS;Chiapas;Tapachula;Tapachula;2026;Ago;19
TUX;NO;4;75065498;CHIS;Chiapas;Ocotzingo;Ocotzingo;2026;Ago;21
TUX;NO;Asignación Manual;73766241;CHIS;CDMX+EDOMEX;Tultitlán;Tultitlan;2026;Ene;14
TUX;NO;Asignación Manual;73802968;CHIS;Chiapas;Angel Albino Corzo;Angel Albino Corzo;2026;Ene;2
TUX;NO;Asignación Manual;73802968;CHIS;Chiapas;Villacorzo;;2026;Ene;2
TUX;NO;Asignación Manual;73803211;CHIS;Chiapas;Berriozabal;Berriozabal;2026;Ene;2
TUX;NO;Asignación Manual;73803211;CHIS;Chiapas;La Concordia;La Concordia;2026;Ene;2
TUX;NO;Asignación Manual;73810558;CHIS;Chiapas;Pijijiapan;Pijijiapan;2026;Ene;3
TUX;NO;Asignación Manual;73810561;CHIS;Chiapas;Pijijiapan;Pijijiapan;2026;Ene;3
TUX;NO;Asignación Manual;73810561;CHIS;Chiapas;Tonalá;Tonalá;2026;Ene;3
TUX;NO;Asignación Manual;73810815;CHIS;Chiapas;Margaritas;Margaritas;2026;Ene;3
TUX;NO;Asignación Manual;73811406;CHIS;Chiapas;Ocotzingo;Ocotzingo;2026;Ene;5
TUX;NO;Asignación Manual;73811406;CHIS;Chiapas;S Crist de las Casas;S.Crist.de las Casas;2026;Ene;5
TUX;NO;Asignación Manual;73820396;CHIS;Chiapas;Tapilula;RAYON, CHIA;2026;Ene;5
TUX;NO;Asignación Manual;73820396;CHIS;Chiapas;Tapilula;Tapilula;2026;Ene;5
TUX;NO;Asignación Manual;73820411;CHIS;Chiapas;Arriaga;Arriaga;2026;Ene;5
TUX;NO;Asignación Manual;73820411;CHIS;Chiapas;Tapachula;Tapachula;2026;Ene;5
TUX;NO;Asignación Manual;73820411;CHIS;Chiapas;Tonalá;Tonalá;2026;Ene;5
TUX;NO;Asignación Manual;73821202;CHIS;Chiapas;Margaritas;Margaritas;2026;Ene;5
TUX;NO;Asignación Manual;73821202;CHIS;Chiapas;S Crist de las Casas;S.Crist.de las Casas;2026;Ene;5
TUX;NO;Asignación Manual;73823479;CHIS;Chiapas;Comitán;Comitán Domínguez;2026;Ene;5
TUX;NO;Asignación Manual;73823536;CHIS;Chiapas;Tonalá;Tonalá;2026;Ene;6
TUX;NO;Asignación Manual;73827753;CHIS;Chiapas;Chiapa de Corzo;Chiapa de Corzo;2026;Ene;6
TUX;NO;Asignación Manual;73827753;CHIS;Chiapas;Huitiupan;Huitiupan;2026;Ene;6
TUX;NO;Asignación Manual;73827753;CHIS;Chiapas;Tapilula;Bochil;2026;Ene;6
TUX;NO;Asignación Manual;73827761;CHIS;Chiapas;Chilon;Chilon;2026;Ene;6
TUX;NO;Asignación Manual;73827761;CHIS;Chiapas;S Crist de las Casas;S.Crist.de las Casas;2026;Ene;6
TUX;NO;Asignación Manual;73827761;CHIS;Chiapas;Sabanilla;;2026;Ene;6
TUX;NO;Asignación Manual;73831414;CHIS;Chiapas;San Fernando;San Fernando;2026;Ene;6
TUX;NO;Asignación Manual;73831414;CHIS;Chiapas;Tapachula;Tapachula;2026;Ene;6
TUX;NO;Asignación Manual;73831414;CHIS;Chiapas;Tonalá;Tonalá;2026;Ene;6
TUX;NO;Asignación Manual;73832433;CHIS;Chiapas;Mezcalapa;;2026;Ene;7
TUX;NO;Asignación Manual;73836846;CHIS;Chiapas;Comalapan;Cd. Front. Comalapa;2026;Ene;7
TUX;NO;Asignación Manual;73836846;CHIS;Chiapas;Comitán;Comitán Domínguez;2026;Ene;7
TUX;NO;Asignación Manual;73836846;CHIS;Chiapas;Siltepec;SILTEPEC CHIAPAS;2026;Ene;7
TUX;NO;Asignación Manual;73837881;CHIS;;Ocosingo,Tila, Chs;;2026;Ene;7
TUX;NO;Asignación Manual;73837881;CHIS;Chiapas;Ocotzingo;Ocotzingo;2026;Ene;7
TUX;NO;Asignación Manual;73842256;CHIS;Chiapas;Tapachula;Tapachula;2026;Ene;8
TUX;NO;Asignación Manual;73842280;CHIS;Chiapas;Chiapa de Corzo;Chiapa de Corzo;2026;Ene;8
TUX;NO;Asignación Manual;73842280;CHIS;Chiapas;Comitán;Comitán Domínguez;2026;Ene;8
TUX;NO;Asignación Manual;73842286;CHIS;Chiapas;Arriaga;Arriaga;2026;Ene;8
TUX;NO;Asignación Manual;73842286;CHIS;Chiapas;Berriozabal;Berriozabal;2026;Ene;8
TUX;NO;Asignación Manual;73842286;CHIS;Chiapas;Tonalá;Tonalá;2026;Ene;8
TUX;NO;Asignación Manual;73842296;CHIS;Chiapas;Villacorzo;;2026;Ene;8
TUX;NO;Asignación Manual;73843846;CHIS;Chiapas;Chiapa de Corzo;Chiapa de Corzo;2026;Ene;8
TUX;NO;Asignación Manual;73844819;CHIS;Chiapas;Tapachula;Tapachula;2026;Ene;8
TUX;NO;Asignación Manual;73850098;CHIS;Chiapas;Tapachula;Tapachula;2026;Ene;9
TUX;NO;Asignación Manual;73850098;CHIS;Chiapas;Tonalá;Tonalá;2026;Ene;9
TUX;NO;Asignación Manual;73850100;CHIS;Chiapas;Comitán;Comitán Domínguez;2026;Ene;9
TUX;NO;Asignación Manual;73850100;CHIS;Chiapas;S Crist de las Casas;S.Crist.de las Casas;2026;Ene;9
TUX;NO;Asignación Manual;73850103;CHIS;Chiapas;La Concordia;La Concordia;2026;Ene;9
TUX;NO;Asignación Manual;73850486;CHIS;Chiapas;Villacorzo;;2026;Ene;9
TUX;NO;Asignación Manual;73850486;CHIS;Chiapas;Villaflores;Villaflores;2026;Ene;9
TUX;NO;Asignación Manual;73851961;CHIS;Chiapas;Chiapa de Corzo;Chiapa de Corzo;2026;Ene;9
TUX;NO;Asignación Manual;73851961;CHIS;Chiapas;Comalapan;Cd. Front. Comalapa;2026;Ene;9
TUX;NO;Asignación Manual;73851961;CHIS;Chiapas;Comitán;Comitán Domínguez;2026;Ene;9
TUX;NO;Asignación Manual;73852214;CHIS;CDMX+EDOMEX;Tultitlán;Tultitlan;2026;Ene;10
TUX;NO;Asignación Manual;73852637;CHIS;CDMX+EDOMEX;Tultitlán;Tultitlan;2026;Ene;10
TUX;NO;Asignación Manual;73853879;CHIS;Chiapas;S Crist de las Casas;S.Crist.de las Casas;2026;Ene;10
TUX;NO;Asignación Manual;73857647;CHIS;Chiapas;Comitán;Comitán Domínguez;2026;Ene;10
TUX;NO;Asignación Manual;73857673;CHIS;Chiapas;Mitontic;Mitontic;2026;Ene;10
TUX;NO;Asignación Manual;73857673;CHIS;Chiapas;S Crist de las Casas;S.Crist.de las Casas;2026;Ene;10
TUX;NO;Asignación Manual;73872567;CHIS;Chiapas;Mapastepec;Mapastepec;2026;Ene;12
TUX;NO;Asignación Manual;73872567;CHIS;Chiapas;Pijijiapan;Pijijiapan;2026;Ene;12
TUX;NO;Asignación Manual;73873516;CHIS;;Tuxtla Chico;Tuxtla Chico;2026;Ene;12
TUX;NO;Asignación Manual;73880673;CHIS;Chiapas;Margaritas;Margaritas;2026;Ene;13
TUX;NO;Asignación Manual;73880683;CHIS;Chiapas;Comitán;Comitán Domínguez;2026;Ene;13
TUX;NO;Asignación Manual;73880683;CHIS;Chiapas;Teopisca;Teopisca;2026;Ene;13
TUX;NO;Asignación Manual;73880685;CHIS;Chiapas;Ocotzingo;Ocotzingo;2026;Ene;13
TUX;NO;Asignación Manual;73882778;CHIS;Chiapas;Pijijiapan;Pijijiapan;2026;Ene;13
TUX;NO;Asignación Manual;73882778;CHIS;Chiapas;Tapachula;Tapachula;2026;Ene;13
TUX;NO;Asignación Manual;73888427;CHIS;Chiapas;Comitán;Comitán Domínguez;2026;Ene;14
TUX;NO;Asignación Manual;73888427;CHIS;Chiapas;S Crist de las Casas;S.Crist.de las Casas;2026;Ene;14
TUX;NO;Asignación Manual;73888480;CHIS;Chiapas;Comitán;Comitán Domínguez;2026;Ene;14
TUX;NO;Asignación Manual;73888480;CHIS;Chiapas;S Crist de las Casas;S.Crist.de las Casas;2026;Ene;14
TUX;NO;Asignación Manual;73892021;CHIS;Chiapas;Margaritas;Margaritas;2026;Ene;14
TUX;NO;Asignación Manual;73892021;CHIS;Chiapas;Teopisca;Teopisca;2026;Ene;14
TUX;NO;Asignación Manual;73906117;CHIS;Chiapas;Tapachula;Tapachula;2026;Ene;16
TUX;NO;Asignación Manual;73906224;CHIS;Chiapas;Arriaga;Arriaga;2026;Ene;16
TUX;NO;Asignación Manual;73906224;CHIS;Chiapas;Pijijiapan;Pijijiapan;2026;Ene;16
TUX;NO;Asignación Manual;73906224;CHIS;Chiapas;Tonalá;Tonalá;2026;Ene;16
TUX;NO;Asignación Manual;73906358;CHIS;Chiapas;Comitán;Comitán Domínguez;2026;Ene;16
TUX;NO;Asignación Manual;73906358;CHIS;Chiapas;La Trinitaria;La Trinitaria;2026;Ene;16
TUX;NO;Asignación Manual;73906590;CHIS;Chiapas;Benemerito de las A;Benemerito de las A;2026;Ene;16
TUX;NO;Asignación Manual;73906590;CHIS;Chiapas;Palenque;Palenque;2026;Ene;16
TUX;NO;Asignación Manual;73909520;CHIS;Chiapas;Tonalá;Tonalá;2026;Ene;16
TUX;NO;Asignación Manual;73924753;CHIS;Chiapas;Angel Albino Corzo;Angel Albino Corzo;2026;Ene;20
TUX;NO;Asignación Manual;73924753;CHIS;Chiapas;Villacorzo;;2026;Ene;20
TUX;NO;Asignación Manual;73924753;CHIS;Chiapas;Villaflores;Villaflores;2026;Ene;20
TUX;NO;Asignación Manual;73927163;CHIS;Chiapas;Comitán;Comitán Domínguez;2026;Ene;20
TUX;NO;Asignación Manual;73932051;CHIS;Chiapas;Tapachula;Tapachula;2026;Ene;20
TUX;NO;Asignación Manual;73932059;CHIS;Chiapas;Tapachula;Tapachula;2026;Ene;20
TUX;NO;Asignación Manual;73932059;CHIS;Chiapas;Tonalá;Tonalá;2026;Ene;20
TUX;NO;Asignación Manual;73932069;CHIS;Chiapas;Ocotzingo;Ocotzingo;2026;Ene;20
TUX;NO;Asignación Manual;73932866;CHIS;Chiapas;Tapachula;Tapachula;2026;Ene;21
TUX;NO;Asignación Manual;73936525;CHIS;Chiapas;Arriaga;Arriaga;2026;Ene;21
TUX;NO;Asignación Manual;73936525;CHIS;Chiapas;Berriozabal;Berriozabal;2026;Ene;21
TUX;NO;Asignación Manual;73936525;CHIS;Chiapas;Tapachula;Tapachula;2026;Ene;21
TUX;NO;Asignación Manual;73938508;CHIS;Chiapas;Chicomuselo;Chicomuselo;2026;Ene;21
TUX;NO;Asignación Manual;73938508;CHIS;Chiapas;Comalapan;Cd. Front. Comalapa;2026;Ene;21
TUX;NO;Asignación Manual;73938508;CHIS;Chiapas;Comitán;Comitán Domínguez;2026;Ene;21
TUX;NO;Asignación Manual;73942680;CHIS;Chiapas;San Fernando;San Fernando;2026;Ene;22
TUX;NO;Asignación Manual;73942921;CHIS;Chiapas;Tonalá;Tonalá;2026;Ene;22
TUX;NO;Asignación Manual;73942933;CHIS;Chiapas;Tapachula;Tapachula;2026;Ene;22
TUX;NO;Asignación Manual;73944147;CHIS;Chiapas;Ocotzingo;Ocotzingo;2026;Ene;22
TUX;NO;Asignación Manual;73944203;CHIS;Chiapas;Ocotzingo;Ocotzingo;2026;Ene;22
TUX;NO;Asignación Manual;73944430;CHIS;Chiapas;Ocozocoautla;Ocozocoautla;2026;Ene;22
TUX;NO;Asignación Manual;73944433;CHIS;Chiapas;Arriaga;Arriaga;2026;Ene;22
TUX;NO;Asignación Manual;73944433;CHIS;Chiapas;Tapachula;Tapachula;2026;Ene;22
TUX;NO;Asignación Manual;73945444;CHIS;Chiapas;Ocotzingo;Ocotzingo;2026;Ene;23
TUX;NO;Asignación Manual;73945444;CHIS;Chiapas;S Crist de las Casas;S.Crist.de las Casas;2026;Ene;23
TUX;NO;Asignación Manual;73949603;CHIS;Chiapas;S Crist de las Casas;S.Crist.de las Casas;2026;Ene;23
TUX;NO;Asignación Manual;73950309;CHIS;Chiapas;Berriozabal;Berriozabal;2026;Ene;23
TUX;NO;Asignación Manual;73950309;CHIS;Chiapas;Ocozocoautla;Ocozocoautla;2026;Ene;23
TUX;NO;Asignación Manual;73950309;CHIS;Chiapas;Villacorzo;;2026;Ene;23
TUX;NO;Asignación Manual;73950879;CHIS;Chiapas;Comalapan;Cd. Front. Comalapa;2026;Ene;23
TUX;NO;Asignación Manual;73950879;CHIS;Chiapas;La Trinitaria;La Trinitaria;2026;Ene;23
TUX;NO;Asignación Manual;73950879;CHIS;Chiapas;S Crist de las Casas;S.Crist.de las Casas;2026;Ene;23
TUX;NO;Asignación Manual;73951828;CHIS;Chiapas;Tapachula;Tapachula;2026;Ene;24
TUX;NO;Asignación Manual;73954515;CHIS;Chiapas;Tapachula;Tapachula;2026;Ene;24
TUX;NO;Asignación Manual;73963990;CHIS;Chiapas;Oxchuc Chs;OXCHUC, CHIS.;2026;Ene;26
TUX;NO;Asignación Manual;73964075;CHIS;Chiapas;Chilon;Chilon;2026;Ene;26
TUX;NO;Asignación Manual;73964075;CHIS;Chiapas;S Crist de las Casas;S.Crist.de las Casas;2026;Ene;26
TUX;NO;Asignación Manual;73965985;CHIS;Chiapas;Ocotzingo;Ocotzingo;2026;Ene;26
TUX;NO;Asignación Manual;73965985;CHIS;Chiapas;Palenque;Palenque;2026;Ene;26
TUX;NO;Asignación Manual;73966162;CHIS;Chiapas;Mapastepec;Mapastepec;2026;Ene;26
TUX;NO;Asignación Manual;73966162;CHIS;Chiapas;Tapachula;Tapachula;2026;Ene;26
TUX;NO;Asignación Manual;73966162;CHIS;Chiapas;Tonalá;Tonalá;2026;Ene;26
TUX;NO;Asignación Manual;73966892;CHIS;Chiapas;Ocotzingo;Ocotzingo;2026;Ene;27
TUX;NO;Asignación Manual;73966892;CHIS;Chiapas;Palenque;Palenque;2026;Ene;27
TUX;NO;Asignación Manual;73969311;CHIS;Chiapas;Mitontic;Mitontic;2026;Ene;27
TUX;NO;Asignación Manual;73969311;CHIS;Chiapas;S Crist de las Casas;S.Crist.de las Casas;2026;Ene;27
TUX;NO;Asignación Manual;73970866;CHIS;Chiapas;Tapachula;Tapachula;2026;Ene;27
TUX;NO;Asignación Manual;73970955;CHIS;Chiapas;Comalapan;Cd. Front. Comalapa;2026;Ene;27
TUX;NO;Asignación Manual;73970955;CHIS;Chiapas;Comitán;Comitán Domínguez;2026;Ene;27
TUX;NO;Asignación Manual;73970955;CHIS;Chiapas;Teopisca;Teopisca;2026;Ene;27
TUX;NO;Asignación Manual;73971638;CHIS;Chiapas;Benemerito de las A;Benemerito de las A;2026;Ene;28
TUX;NO;Asignación Manual;73971638;CHIS;Chiapas;S Crist de las Casas;S.Crist.de las Casas;2026;Ene;28
TUX;NO;Asignación Manual;73974877;CHIS;Chiapas;Comitán;Comitán Domínguez;2026;Ene;28
TUX;NO;Asignación Manual;73975383;CHIS;Chiapas;S Crist de las Casas;S.Crist.de las Casas;2026;Ene;28
TUX;NO;Asignación Manual;73976086;CHIS;Chiapas;Comitán;Comitán Domínguez;2026;Ene;28
TUX;NO;Asignación Manual;73976411;CHIS;Chiapas;San Fernando;San Fernando;2026;Ene;28
TUX;NO;Asignación Manual;73976411;CHIS;Chiapas;Tapachula;Tapachula;2026;Ene;28
TUX;NO;Asignación Manual;73976411;CHIS;Chiapas;Tonalá;Tonalá;2026;Ene;28
TUX;NO;Asignación Manual;73976552;CHIS;Chiapas;Angel Albino Corzo;;2026;Ene;29
TUX;NO;Asignación Manual;73976552;CHIS;Chiapas;Villacorzo;;2026;Ene;29
TUX;NO;Asignación Manual;73976552;CHIS;Chiapas;Villaflores;Villaflores;2026;Ene;29
TUX;NO;Asignación Manual;73977441;CHIS;Chiapas;Chicomuselo;Chicomuselo;2026;Ene;29
TUX;NO;Asignación Manual;73977441;CHIS;Chiapas;Comalapan;Cd. Front. Comalapa;2026;Ene;29
TUX;NO;Asignación Manual;73977441;CHIS;Chiapas;Comitán;Comitán Domínguez;2026;Ene;29
TUX;NO;Asignación Manual;73977765;CHIS;Chiapas;La Independencia;;2026;Ene;29
TUX;NO;Asignación Manual;73981142;CHIS;Chiapas;Tonalá;Tonalá;2026;Ene;29
TUX;NO;Asignación Manual;73982258;CHIS;Chiapas;Chilon;Chilon;2026;Ene;29
TUX;NO;Asignación Manual;73982258;CHIS;Chiapas;Ocotzingo;Ocotzingo;2026;Ene;29
TUX;NO;Asignación Manual;73982258;CHIS;Chiapas;Yajalón;Yajalon;2026;Ene;29
TUX;NO;Asignación Manual;73985326;CHIS;Chiapas;Tapachula;Tapachula;2026;Ene;30
TUX;NO;Asignación Manual;73985327;CHIS;Chiapas;Ocotzingo;Ocotzingo;2026;Ene;30
TUX;NO;Asignación Manual;73985327;CHIS;Chiapas;Palenque;Palenque;2026;Ene;30
TUX;NO;Asignación Manual;73985331;CHIS;Chiapas;Cacahuatan;Cacahuatán;2026;Ene;30
TUX;NO;Asignación Manual;73985331;CHIS;Chiapas;Mapastepec;Mapastepec;2026;Ene;30
TUX;NO;Asignación Manual;73985333;CHIS;Chiapas;Comalapan;Comalapan;2026;Ene;30
TUX;NO;Asignación Manual;73985333;CHIS;Chiapas;S Crist de las Casas;S.Crist.de las Casas;2026;Ene;30
TUX;NO;Asignación Manual;73985333;CHIS;Chiapas;Siltepec;SILTEPEC CHIAPAS;2026;Ene;30
TUX;NO;Asignación Manual;73985398;CHIS;Chiapas;Chiapa de Corzo;Chiapa de Corzo;2026;Ene;30
TUX;NO;Asignación Manual;73985398;CHIS;Chiapas;Huitiupan;Huitiupan;2026;Ene;30
TUX;NO;Asignación Manual;73985398;CHIS;Chiapas;Tapilula;Bochil;2026;Ene;30
TUX;NO;Asignación Manual;73986795;CHIS;Chiapas;Pijijiapan;Pijijiapan;2026;Ene;30
TUX;NO;Asignación Manual;73986950;CHIS;Chiapas;Comitán;Comitán Domínguez;2026;Ene;30
TUX;NO;Asignación Manual;73986950;CHIS;Chiapas;Margaritas;Margaritas;2026;Ene;30
TUX;NO;Asignación Manual;73987021;CHIS;Chiapas;Huixtla;Huixtla;2026;Ene;30
TUX;NO;Asignación Manual;73987021;CHIS;Chiapas;Tapachula;Tapachula;2026;Ene;30
TUX;NO;Asignación Manual;73987021;CHIS;Chiapas;Tonalá;Tonalá;2026;Ene;30
TUX;NO;Asignación Manual;74008734;CHIS;Chiapas;Comitán;Comitán Domínguez;2026;Feb;4
TUX;NO;Asignación Manual;74008734;CHIS;Chiapas;S Crist de las Casas;S.Crist.de las Casas;2026;Feb;4
TUX;NO;Asignación Manual;74008736;CHIS;Chiapas;Comalapan;Comalapan;2026;Feb;3
TUX;NO;Asignación Manual;74008736;CHIS;Chiapas;Comitán;Comitán Domínguez;2026;Feb;3
TUX;NO;Asignación Manual;74008736;CHIS;Chiapas;La Trinitaria;La Trinitaria;2026;Feb;3
TUX;NO;Asignación Manual;74008743;CHIS;Chiapas;Tapachula;Tapachula;2026;Feb;3
TUX;NO;Asignación Manual;74010759;CHIS;Chiapas;Cacahuatan;Cacahuatán;2026;Feb;4
TUX;NO;Asignación Manual;74010759;CHIS;Chiapas;Mapastepec;Mapastepec;2026;Feb;4
TUX;NO;Asignación Manual;74015310;CHIS;Chiapas;La Concordia;La Concordia;2026;Feb;4
TUX;NO;Asignación Manual;74015310;CHIS;Chiapas;Villacorzo;;2026;Feb;4
TUX;NO;Asignación Manual;74015310;CHIS;Chiapas;Villaflores;Villaflores;2026;Feb;4
TUX;NO;Asignación Manual;74015318;CHIS;Chiapas;Chicomuselo;Chicomuselo;2026;Feb;4
TUX;NO;Asignación Manual;74015318;CHIS;Chiapas;Comalapan;Comalapan;2026;Feb;4
TUX;NO;Asignación Manual;74015318;CHIS;Chiapas;La Trinitaria;La Trinitaria;2026;Feb;4
TUX;NO;Asignación Manual;74015319;CHIS;Chiapas;Comitán;Comitán Domínguez;2026;Feb;4
TUX;NO;Asignación Manual;74015319;CHIS;Chiapas;Margaritas;Margaritas;2026;Feb;4
TUX;NO;Asignación Manual;74015319;CHIS;Chiapas;S Crist de las Casas;S.Crist.de las Casas;2026;Feb;4
TUX;NO;Asignación Manual;74015321;CHIS;Chiapas;Tapachula;Tapachula;2026;Feb;4
TUX;NO;Asignación Manual;74015321;CHIS;Chiapas;Tonalá;Tonalá;2026;Feb;4
TUX;NO;Asignación Manual;74018575;CHIS;Chiapas;Huitiupan;Huitiupan;2026;Feb;5
TUX;NO;Asignación Manual;74018575;CHIS;Chiapas;Simojovel;Simojovel;2026;Feb;5
TUX;NO;Asignación Manual;74018575;CHIS;Chiapas;Tapilula;Bochil;2026;Feb;5
TUX;NO;Asignación Manual;74018628;CHIS;Chiapas;Chiapa de Corzo;Chiapa de Corzo;2026;Feb;5
TUX;NO;Asignación Manual;74018628;CHIS;Chiapas;Ocotzingo;Ocotzingo;2026;Feb;5
TUX;NO;Asignación Manual;74018628;CHIS;Chiapas;Yajalón;Yajalon;2026;Feb;5
TUX;NO;Asignación Manual;74022293;CHIS;Chiapas;Tapachula;Tapachula;2026;Feb;5
TUX;NO;Asignación Manual;74022395;CHIS;Chiapas;Tonalá;Tonalá;2026;Feb;6
TUX;NO;Asignación Manual;74024474;CHIS;Chiapas;S Crist de las Casas;S.Crist.de las Casas;2026;Feb;5
TUX;NO;Asignación Manual;74024474;CHIS;Chiapas;Yajalón;Yajalon;2026;Feb;5
TUX;NO;Asignación Manual;74024531;CHIS;Chiapas;Comalapan;Cd. Front. Comalapa;2026;Feb;5
TUX;NO;Asignación Manual;74024531;CHIS;Chiapas;Comitán;Comitán Domínguez;2026;Feb;5
TUX;NO;Asignación Manual;74024616;CHIS;Chiapas;Mapastepec;Mapastepec;2026;Feb;5
TUX;NO;Asignación Manual;74024616;CHIS;Chiapas;San Fernando;San Fernando;2026;Feb;5
TUX;NO;Asignación Manual;74024616;CHIS;Chiapas;Tapachula;Tapachula;2026;Feb;5
TUX;NO;Asignación Manual;74030218;CHIS;Chiapas;Comitán;Comitán Domínguez;2026;Feb;6
TUX;NO;Asignación Manual;74030218;CHIS;Chiapas;Margaritas;Margaritas;2026;Feb;6
TUX;NO;Asignación Manual;74030218;CHIS;Chiapas;Teopisca;Teopisca;2026;Feb;6
TUX;NO;Asignación Manual;74032714;CHIS;Chiapas;Comitán;Comitán Domínguez;2026;Feb;6
TUX;NO;Asignación Manual;74032714;CHIS;Chiapas;S Crist de las Casas;S.Crist.de las Casas;2026;Feb;6
TUX;NO;Asignación Manual;74032715;CHIS;Chiapas;Angel Albino Corzo;Angel Albino Corzo;2026;Feb;6
TUX;NO;Asignación Manual;74037608;CHIS;Chiapas;San Fernando;San Fernando;2026;Feb;9
TUX;NO;Asignación Manual;74049024;CHIS;Chiapas;Tapachula;Tapachula;2026;Feb;9
TUX;NO;Asignación Manual;74049440;CHIS;Chiapas;Angel Albino Corzo;Angel Albino Corzo;2026;Feb;9
TUX;NO;Asignación Manual;74049442;CHIS;Chiapas;Angel Albino Corzo;;2026;Feb;10
TUX;NO;Asignación Manual;74049442;CHIS;Chiapas;Angel Albino Corzo;Angel Albino Corzo;2026;Feb;10
TUX;NO;Asignación Manual;74050266;CHIS;Chiapas;Comitán;Comitán Domínguez;2026;Feb;10
TUX;NO;Asignación Manual;74054540;CHIS;Chiapas;Comitán;Comitán Domínguez;2026;Feb;10
TUX;NO;Asignación Manual;74054540;CHIS;Chiapas;La Trinitaria;La Trinitaria;2026;Feb;10
TUX;NO;Asignación Manual;74054665;CHIS;Chiapas;Chicomuselo;Chicomuselo;2026;Feb;12
TUX;NO;Asignación Manual;74054665;CHIS;Chiapas;Comalapan;Cd. Front. Comalapa;2026;Feb;12
TUX;NO;Asignación Manual;74054869;CHIS;Chiapas;Margaritas;Margaritas;2026;Feb;10
TUX;NO;Asignación Manual;74056225;CHIS;Chiapas;S Crist de las Casas;S.Crist.de las Casas;2026;Feb;12
TUX;NO;Asignación Manual;74056225;CHIS;Chiapas;Yajalón;Yajalon;2026;Feb;12
TUX;NO;Asignación Manual;74056267;CHIS;Chiapas;Benemerito de las A;Benemerito de las A;2026;Feb;10
TUX;NO;Asignación Manual;74056267;CHIS;Chiapas;Comitán;Comitán Domínguez;2026;Feb;10
TUX;NO;Asignación Manual;74060007;CHIS;Chiapas;Comitán;Comitán Domínguez;2026;Feb;11
TUX;NO;Asignación Manual;74060033;CHIS;Chiapas;Villacorzo;;2026;Feb;16
TUX;NO;Asignación Manual;74060033;CHIS;Chiapas;Villaflores;Villaflores;2026;Feb;16
TUX;NO;Asignación Manual;74060064;CHIS;Chiapas;Tapachula;Tapachula;2026;Feb;11
TUX;NO;Asignación Manual;74061972;CHIS;Chiapas;Cacahuatan;Cacahuatán;2026;Feb;12
TUX;NO;Asignación Manual;74061972;CHIS;Chiapas;Huixtla;Huixtla;2026;Feb;12
TUX;NO;Asignación Manual;74061972;CHIS;Chiapas;Mapastepec;Mapastepec;2026;Feb;12
TUX;NO;Asignación Manual;74066031;CHIS;Chiapas;Comitán;Comitán Domínguez;2026;Feb;12
TUX;NO;Asignación Manual;74066031;CHIS;Chiapas;Margaritas;Margaritas;2026;Feb;12
TUX;NO;Asignación Manual;74068131;CHIS;Chiapas;Chiapa de Corzo;Chiapa de Corzo;2026;Feb;12
TUX;NO;Asignación Manual;74068131;CHIS;Chiapas;Ocotzingo;Ocotzingo;2026;Feb;12
TUX;NO;Asignación Manual;74068217;CHIS;Chiapas;Chicomuselo;Chicomuselo;2026;Feb;13
TUX;NO;Asignación Manual;74068217;CHIS;Chiapas;Comalapan;Cd. Front. Comalapa;2026;Feb;13
TUX;NO;Asignación Manual;74068217;CHIS;Chiapas;Comitán;Comitán Domínguez;2026;Feb;13
TUX;NO;Asignación Manual;74068428;CHIS;Chiapas;S Crist de las Casas;S.Crist.de las Casas;2026;Feb;14
TUX;NO;Asignación Manual;74068489;CHIS;Chiapas;Tapachula;Tapachula;2026;Feb;13
TUX;NO;Asignación Manual;74068491;CHIS;Chiapas;Comalapan;Cd. Front. Comalapa;2026;Feb;14
TUX;NO;Asignación Manual;74068491;CHIS;Chiapas;Comalapan;Comalapan;2026;Feb;14
TUX;NO;Asignación Manual;74068491;CHIS;Chiapas;Comitán;Comitán Domínguez;2026;Feb;14
TUX;NO;Asignación Manual;74068494;CHIS;Chiapas;Tapilula;Tapilula;2026;Feb;13
TUX;NO;Asignación Manual;74073560;CHIS;Chiapas;S Crist de las Casas;S.Crist.de las Casas;2026;Feb;13
TUX;NO;Asignación Manual;74073560;CHIS;Chiapas;S Crist de las Casas;Zinacantan;2026;Feb;13
TUX;NO;Asignación Manual;74078147;CHIS;Chiapas;Chilon;Chilon;2026;Feb;14
TUX;NO;Asignación Manual;74078147;CHIS;Chiapas;Ocotzingo;Ocotzingo;2026;Feb;14
TUX;NO;Asignación Manual;74079203;CHIS;Chiapas;Tonalá;Tonalá;2026;Feb;16
TUX;NO;Asignación Manual;74089700;CHIS;Chiapas;Chiapa de Corzo;Chiapa de Corzo;2026;Feb;16
TUX;NO;Asignación Manual;74089700;CHIS;Chiapas;Comalapan;Cd. Front. Comalapa;2026;Feb;16
TUX;NO;Asignación Manual;74089700;CHIS;Chiapas;Comitán;Comitán Domínguez;2026;Feb;16
TUX;NO;Asignación Manual;74090705;CHIS;Chiapas;S Crist de las Casas;S.Crist.de las Casas;2026;Feb;17
TUX;NO;Asignación Manual;74090707;CHIS;Chiapas;San Fernando;San Fernando;2026;Feb;17
TUX;NO;Asignación Manual;74094268;CHIS;Chiapas;Tonalá;Tonalá;2026;Feb;17
TUX;NO;Asignación Manual;74094270;CHIS;Chiapas;Comitán;Comitán Domínguez;2026;Feb;17
TUX;NO;Asignación Manual;74094273;CHIS;Chiapas;Tapachula;Tapachula;2026;Feb;17
TUX;NO;Asignación Manual;74094273;CHIS;Chiapas;Tonalá;Tonalá;2026;Feb;17
TUX;NO;Asignación Manual;74096004;CHIS;Chiapas;Chiapa de Corzo;Chiapa de Corzo;2026;Feb;17
TUX;NO;Asignación Manual;74096004;CHIS;Chiapas;Comitán;Comitán Domínguez;2026;Feb;17
TUX;NO;Asignación Manual;74100349;CHIS;Chiapas;Tapachula;Tapachula;2026;Feb;18
TUX;NO;Asignación Manual;74100371;CHIS;Chiapas;S Crist de las Casas;;2026;Feb;19
TUX;NO;Asignación Manual;74101854;CHIS;Chiapas;Villaflores;Villaflores;2026;Feb;18
TUX;NO;Asignación Manual;74102453;CHIS;Chiapas;Tapachula;Tapachula;2026;Feb;18
TUX;NO;Asignación Manual;74103616;CHIS;Chiapas;Tapachula;Tapachula;2026;Feb;19
TUX;NO;Asignación Manual;74103617;CHIS;Chiapas;Tapachula;Tapachula;2026;Feb;19
TUX;NO;Asignación Manual;74107226;CHIS;Chiapas;Arriaga;Arriaga;2026;Feb;19
TUX;NO;Asignación Manual;74107226;CHIS;Chiapas;Tapachula;Tapachula;2026;Feb;19
TUX;NO;Asignación Manual;74108597;CHIS;Chiapas;Comitán;Comitán Domínguez;2026;Feb;19
TUX;NO;Asignación Manual;74108597;CHIS;Chiapas;Margaritas;Margaritas;2026;Feb;19
TUX;NO;Asignación Manual;74113316;CHIS;Chiapas;La Concordia;La Concordia;2026;Feb;20
TUX;NO;Asignación Manual;74113316;CHIS;Chiapas;Villaflores;Villaflores;2026;Feb;20
TUX;NO;Asignación Manual;74113689;CHIS;Chiapas;Ciudad Altamirano;Ciudad Altamirano;2026;Feb;20
TUX;NO;Asignación Manual;74113689;CHIS;Chiapas;S Crist de las Casas;S.Crist.de las Casas;2026;Feb;20
TUX;NO;Asignación Manual;74113801;CHIS;Chiapas;Ocotzingo;Ocotzingo;2026;Feb;20
TUX;NO;Asignación Manual;74114884;CHIS;Chiapas;Angel Albino Corzo;;2026;Feb;21
TUX;NO;Asignación Manual;74114884;CHIS;Chiapas;Angel Albino Corzo;Angel Albino Corzo;2026;Feb;21
TUX;NO;Asignación Manual;74114884;CHIS;Chiapas;Villacorzo;;2026;Feb;21
TUX;NO;Asignación Manual;74114889;CHIS;Chiapas;Tonalá;Tonalá;2026;Feb;20
TUX;NO;Asignación Manual;74115912;CHIS;Chiapas;Chicomuselo;Chicomuselo;2026;Feb;21
TUX;NO;Asignación Manual;74115912;CHIS;Chiapas;Comalapan;Comalapan;2026;Feb;21
TUX;NO;Asignación Manual;74115916;CHIS;Chiapas;Comitán;Comitán Domínguez;2026;Feb;23
TUX;NO;Asignación Manual;74131443;CHIS;Chiapas;Comitán;Comitán Domínguez;2026;Feb;23
TUX;NO;Asignación Manual;74131443;CHIS;Chiapas;La Trinitaria;La Trinitaria;2026;Feb;23
TUX;NO;Asignación Manual;74132163;CHIS;Chiapas;Margaritas;Margaritas;2026;Feb;23
TUX;NO;Asignación Manual;74134681;CHIS;Chiapas;S Crist de las Casas;;2026;Feb;25
TUX;NO;Asignación Manual;74134681;CHIS;Chiapas;S Crist de las Casas;S.Crist.de las Casas;2026;Feb;25
TUX;NO;Asignación Manual;74138738;CHIS;Chiapas;Villacorzo;;2026;Feb;24
TUX;NO;Asignación Manual;74138740;CHIS;Chiapas;Chilon;Chilon;2026;Feb;24
TUX;NO;Asignación Manual;74138740;CHIS;Chiapas;Ocotzingo;Ocotzingo;2026;Feb;24
TUX;NO;Asignación Manual;74138740;CHIS;Chiapas;Yajalón;Yajalon;2026;Feb;24
TUX;NO;Asignación Manual;74138765;CHIS;Chiapas;Simojovel;Simojovel;2026;Feb;24
TUX;NO;Asignación Manual;74138765;CHIS;Chiapas;Tapilula;Bochil;2026;Feb;24
TUX;NO;Asignación Manual;74139005;CHIS;Chiapas;Arriaga;Arriaga;2026;Feb;24
TUX;NO;Asignación Manual;74139005;CHIS;Chiapas;Berriozabal;Berriozabal;2026;Feb;24
TUX;NO;Asignación Manual;74139005;CHIS;Chiapas;Tapachula;Tapachula;2026;Feb;24
TUX;NO;Asignación Manual;74139964;CHIS;Chiapas;Comitán;Comitán Domínguez;2026;Feb;24
TUX;NO;Asignación Manual;74139964;CHIS;Chiapas;La Independencia;;2026;Feb;24
TUX;NO;Asignación Manual;74139964;CHIS;Chiapas;Margaritas;Margaritas;2026;Feb;24
TUX;NO;Asignación Manual;74141969;CHIS;Chiapas;Angel Albino Corzo;;2026;Feb;24
TUX;NO;Asignación Manual;74141969;CHIS;Chiapas;Angel Albino Corzo;Angel Albino Corzo;2026;Feb;24
TUX;NO;Asignación Manual;74141969;CHIS;Chiapas;Villacorzo;;2026;Feb;24
TUX;NO;Asignación Manual;74142655;CHIS;Chiapas;Tapilula;Bochil;2026;Feb;25
TUX;NO;Asignación Manual;74142655;CHIS;Chiapas;Tapilula;RAYON, CHIA;2026;Feb;25
TUX;NO;Asignación Manual;74142655;CHIS;Chiapas;Tapilula;Tapilula;2026;Feb;25
TUX;NO;Asignación Manual;74145457;CHIS;Chiapas;Ocotzingo;Ocotzingo;2026;Feb;25
TUX;NO;Asignación Manual;74145457;CHIS;Chiapas;S Crist de las Casas;S.Crist.de las Casas;2026;Feb;25
TUX;NO;Asignación Manual;74145668;CHIS;Chiapas;Tapachula;Tapachula;2026;Feb;25
TUX;NO;Asignación Manual;74151801;CHIS;Chiapas;Ocotzingo;Ocotzingo;2026;Feb;26
TUX;NO;Asignación Manual;74152062;CHIS;Chiapas;San Fernando;San Fernando;2026;Feb;26
TUX;NO;Asignación Manual;74152062;CHIS;Chiapas;Tonalá;Tonalá;2026;Feb;26
TUX;NO;Asignación Manual;74152071;CHIS;Chiapas;Berriozabal;Berriozabal;2026;Feb;26
TUX;NO;Asignación Manual;74152071;CHIS;Chiapas;Tonalá;Tonalá;2026;Feb;26
TUX;NO;Asignación Manual;74157488;CHIS;Chiapas;Mezcalapa;;2026;Mar;3
TUX;NO;Asignación Manual;74157925;CHIS;Chiapas;Tapachula;Tapachula;2026;Feb;27
TUX;NO;Asignación Manual;74157930;CHIS;Chiapas;Tapachula;Tapachula;2026;Feb;27
TUX;NO;Asignación Manual;74157933;CHIS;Chiapas;Tapachula;Tapachula;2026;Feb;28
TUX;NO;Asignación Manual;74158106;CHIS;Chiapas;Tonalá;Tonalá;2026;Feb;27
TUX;NO;Asignación Manual;74158697;CHIS;Chiapas;Ocotzingo;Ocotzingo;2026;Feb;27
TUX;NO;Asignación Manual;74158749;CHIS;Chiapas;Tonalá;Tonalá;2026;Feb;28
TUX;NO;Asignación Manual;74158763;CHIS;Chiapas;Margaritas;Margaritas;2026;Feb;27
TUX;NO;Asignación Manual;74159102;CHIS;Chiapas;S Crist de las Casas;S.Crist.de las Casas;2026;Feb;27
TUX;NO;Asignación Manual;74159357;CHIS;Chiapas;Ocotzingo;Ocotzingo;2026;Feb;27
TUX;NO;Asignación Manual;74159460;CHIS;Chiapas;Comitán;Comitán Domínguez;2026;Feb;28
TUX;NO;Asignación Manual;74160211;CHIS;Chiapas;Tapachula;Tapachula;2026;Feb;28
TUX;NO;Asignación Manual;74160227;CHIS;Chiapas;Comitán;Comitán Domínguez;2026;Feb;28
TUX;NO;Asignación Manual;74160238;CHIS;Chiapas;Ocotzingo;Ocotzingo;2026;Feb;28
TUX;NO;Asignación Manual;74164256;CHIS;Chiapas;Comitán;Comitán Domínguez;2026;Mar;2
TUX;NO;Asignación Manual;74164467;CHIS;Chiapas;Ocotzingo;Ocotzingo;2026;Feb;28
TUX;NO;Asignación Manual;74181514;CHIS;Chiapas;Huitiupan;Huitiupan;2026;Mar;4
TUX;NO;Asignación Manual;74186444;CHIS;Chiapas;Tonalá;Tonalá;2026;Mar;4
TUX;NO;Asignación Manual;74188294;CHIS;Chiapas;Pijijiapan;Pijijiapan;2026;Mar;5
TUX;NO;Asignación Manual;74188294;CHIS;Chiapas;Tonalá;Tonalá;2026;Mar;5
TUX;NO;Asignación Manual;74193251;CHIS;Chiapas;Tonalá;Tonalá;2026;Mar;6
TUX;NO;Asignación Manual;74194127;CHIS;Chiapas;Comitán;Comitán Domínguez;2026;Mar;6
TUX;NO;Asignación Manual;74198886;CHIS;Chiapas;Chiapa de Corzo;Chiapa de Corzo;2026;Mar;6
TUX;NO;Asignación Manual;74210393;CHIS;Chiapas;S Crist de las Casas;S.Crist.de las Casas;2026;Mar;9
TUX;NO;Asignación Manual;74216030;CHIS;Chiapas;S Crist de las Casas;S.Crist.de las Casas;2026;Mar;10
TUX;NO;Asignación Manual;74221529;CHIS;Chiapas;Tapachula;Tapachula;2026;Mar;11
TUX;NO;Asignación Manual;74221612;CHIS;Chiapas;La Concordia;La Concordia;2026;Mar;11
TUX;NO;Asignación Manual;74221612;CHIS;Chiapas;Villacorzo;;2026;Mar;11
TUX;NO;Asignación Manual;74251357;CHIS;Chiapas;Comitán;Comitán Domínguez;2026;Mar;17
TUX;NO;Asignación Manual;74251411;CHIS;Chiapas;Chiapa de Corzo;Chiapa de Corzo;2026;Mar;17
TUX;NO;Asignación Manual;74251411;CHIS;Chiapas;Margaritas;Margaritas;2026;Mar;17
TUX;NO;Asignación Manual;74257770;CHIS;Chiapas;Tonalá;Tonalá;2026;Mar;19
TUX;NO;Asignación Manual;74257823;CHIS;Chiapas;Pijijiapan;Pijijiapan;2026;Mar;18
TUX;NO;Asignación Manual;74267035;CHIS;Chiapas;Ocotzingo;Ocotzingo;2026;Mar;20
TUX;NO;Asignación Manual;74267035;CHIS;Chiapas;Palenque;Palenque;2026;Mar;20
TUX;NO;Asignación Manual;74274166;CHIS;Chiapas;Comitán;Comitán Domínguez;2026;Mar;21
TUX;NO;Asignación Manual;74274166;CHIS;Chiapas;Margaritas;Margaritas;2026;Mar;21
TUX;NO;Asignación Manual;74289785;CHIS;Chiapas;Angel Albino Corzo;;2026;Mar;24
TUX;NO;Asignación Manual;74289785;CHIS;Chiapas;Villacorzo;;2026;Mar;24
TUX;NO;Asignación Manual;74292424;CHIS;Chiapas;Angel Albino Corzo;Angel Albino Corzo;2026;Mar;25
TUX;NO;Asignación Manual;74292424;CHIS;Chiapas;Villacorzo;;2026;Mar;25
TUX;NO;Asignación Manual;74306736;CHIS;Chiapas;Comitán;Comitán Domínguez;2026;Mar;27
TUX;NO;Asignación Manual;74306736;CHIS;Chiapas;S Crist de las Casas;S.Crist.de las Casas;2026;Mar;27
TUX;NO;Asignación Manual;74306736;CHIS;Chiapas;Teopisca;Teopisca;2026;Mar;27
TUX;NO;Asignación Manual;74308387;CHIS;Chiapas;Mapastepec;Mapastepec;2026;Mar;27
TUX;NO;Asignación Manual;74308387;CHIS;Chiapas;Pijijiapan;Pijijiapan;2026;Mar;27
TUX;NO;Asignación Manual;74308767;CHIS;Chiapas;Huitiupan;Huitiupan;2026;Mar;27
TUX;NO;Asignación Manual;74308767;CHIS;Chiapas;Tapilula;Bochil;2026;Mar;27
TUX;NO;Asignación Manual;74320381;CHIS;Chiapas;Tonalá;Tonalá;2026;Mar;30
TUX;NO;Asignación Manual;74321209;CHIS;Chiapas;Chiapa de Corzo;Chiapa de Corzo;2026;Mar;31
TUX;NO;Asignación Manual;74334187;CHIS;Chiapas;Villaflores;Villaflores;2026;Abr;1
TUX;NO;Asignación Manual;74338986;CHIS;Chiapas;Chiapa de Corzo;Chiapa de Corzo;2026;Abr;2
TUX;NO;Asignación Manual;74338986;CHIS;Chiapas;S Crist de las Casas;S.Crist.de las Casas;2026;Abr;2
TUX;NO;Asignación Manual;74352182;CHIS;Chiapas;Ocotzingo;Ocotzingo;2026;Abr;4
TUX;NO;Asignación Manual;74352566;CHIS;Chiapas;Oxchuc Chs;OXCHUC, CHIS.;2026;Abr;4
TUX;NO;Asignación Manual;74352594;CHIS;Chiapas;Oxchuc Chs;OXCHUC, CHIS.;2026;Abr;4
TUX;NO;Asignación Manual;74353034;CHIS;Chiapas;Chilon;Chilon;2026;Abr;4
TUX;NO;Asignación Manual;74371733;CHIS;Chiapas;Tonalá;Tonalá;2026;Abr;9
TUX;NO;Asignación Manual;74374909;CHIS;Chiapas;Comalapan;Cd. Front. Comalapa;2026;Abr;8
TUX;NO;Asignación Manual;74374909;CHIS;Chiapas;Comitán;Comitán Domínguez;2026;Abr;8
TUX;NO;Asignación Manual;74386600;CHIS;Chiapas;Angel Albino Corzo;Angel Albino Corzo;2026;Abr;10
TUX;NO;Asignación Manual;74386600;CHIS;Chiapas;Villaflores;Villaflores;2026;Abr;10
TUX;NO;Asignación Manual;74392679;CHIS;Chiapas;Angel Albino Corzo;Angel Albino Corzo;2026;Abr;13
TUX;NO;Asignación Manual;74412987;CHIS;Chiapas;Comalapan;Cd. Front. Comalapa;2026;Abr;15
TUX;NO;Asignación Manual;74412987;CHIS;Chiapas;Comitán;Comitán Domínguez;2026;Abr;15
TUX;NO;Asignación Manual;74412987;CHIS;Chiapas;La Trinitaria;La Trinitaria;2026;Abr;15
TUX;NO;Asignación Manual;74413157;CHIS;Chiapas;Mapastepec;Mapastepec;2026;Abr;15
TUX;NO;Asignación Manual;74413157;CHIS;Chiapas;Tonalá;Tonalá;2026;Abr;15
TUX;NO;Asignación Manual;74420570;CHIS;Chiapas;Palenque;Palenque;2026;Abr;17
TUX;NO;Asignación Manual;74440072;CHIS;Chiapas;Tapachula;Tapachula;2026;Abr;20
TUX;NO;Asignación Manual;74448627;CHIS;Chiapas;Comitán;Comitán Domínguez;2026;Abr;22
TUX;NO;Asignación Manual;74459983;CHIS;Chiapas;Comitán;Comitán Domínguez;2026;Abr;24
TUX;NO;Asignación Manual;74459983;CHIS;Chiapas;Margaritas;Margaritas;2026;Abr;24
TUX;NO;Asignación Manual;74476366;CHIS;Chiapas;Huitiupan;Huitiupan;2026;Abr;28
TUX;NO;Asignación Manual;74488861;CHIS;Chiapas;S Crist de las Casas;S.Crist.de las Casas;2026;Abr;30
TUX;NO;Asignación Manual;74490649;CHIS;Chiapas;Pijijiapan;Pijijiapan;2026;Abr;30
TUX;NO;Asignación Manual;74491512;CHIS;Chiapas;Chicomuselo;Chicomuselo;2026;Abr;30
TUX;NO;Asignación Manual;74521978;CHIS;Chiapas;Chicomuselo;Chicomuselo;2026;May;6
TUX;NO;Asignación Manual;74523326;CHIS;Chiapas;Angel Albino Corzo;;2026;May;6
TUX;NO;Asignación Manual;74536044;CHIS;Chiapas;Tonalá;Tonalá;2026;May;8
TUX;NO;Mayor a 5;74174411;CHIS;Chiapas;Mapastepec;Mapastepec;2026;Mar;3
TUX;NO;Mayor a 5;74174411;CHIS;Chiapas;Tapachula;Tapachula;2026;Mar;3
TUX;NO;Mayor a 5;74175587;CHIS;Chiapas;Comitán;Comitán Domínguez;2026;Mar;9
TUX;NO;Mayor a 5;74175587;CHIS;Chiapas;S Crist de las Casas;S.Crist.de las Casas;2026;Mar;9
TUX;NO;Mayor a 5;74175604;CHIS;Chiapas;Comitán;Comitán Domínguez;2026;Mar;12
TUX;NO;Mayor a 5;74176565;CHIS;Chiapas;La Concordia;La Concordia;2026;Mar;3
TUX;NO;Mayor a 5;74176565;CHIS;Chiapas;Villaflores;Villaflores;2026;Mar;3
TUX;NO;Mayor a 5;74186512;CHIS;Chiapas;Comalapan;Cd. Front. Comalapa;2026;Mar;5
TUX;NO;Mayor a 5;74186512;CHIS;Chiapas;Comitán;Comitán Domínguez;2026;Mar;5
TUX;NO;Mayor a 5;74187315;CHIS;Chiapas;Chiapa de Corzo;Chiapa de Corzo;2026;Mar;5
TUX;NO;Mayor a 5;74187315;CHIS;Chiapas;Comitán;Comitán Domínguez;2026;Mar;5
TUX;NO;Mayor a 5;74196669;CHIS;Chiapas;Comitán;Comitán Domínguez;2026;Mar;7
TUX;NO;Mayor a 5;74210487;CHIS;Chiapas;Ocotzingo;Ocotzingo;2026;Mar;10
TUX;NO;Mayor a 5;74210487;CHIS;Chiapas;Palenque;Palenque;2026;Mar;10
TUX;NO;Mayor a 5;74213137;CHIS;Chiapas;Tapachula;Tapachula;2026;Mar;10
TUX;NO;Mayor a 5;74213142;CHIS;Chiapas;Tapachula;Tapachula;2026;Mar;10
TUX;NO;Mayor a 5;74213142;CHIS;Chiapas;Tonalá;Tonalá;2026;Mar;10
TUX;NO;Mayor a 5;74213209;CHIS;Chiapas;Huixtla;Huixtla;2026;Mar;11
TUX;NO;Mayor a 5;74213209;CHIS;Chiapas;Mapastepec;Mapastepec;2026;Mar;11
TUX;NO;Mayor a 5;74217917;CHIS;Chiapas;Comitán;Comitán Domínguez;2026;Mar;11
TUX;NO;Mayor a 5;74217917;CHIS;Chiapas;S Crist de las Casas;S.Crist.de las Casas;2026;Mar;11
TUX;NO;Mayor a 5;74219229;CHIS;Chiapas;S Crist de las Casas;S.Crist.de las Casas;2026;Mar;14
TUX;NO;Mayor a 5;74219233;CHIS;Chiapas;S Crist de las Casas;S.Crist.de las Casas;2026;Mar;11
TUX;NO;Mayor a 5;74222379;CHIS;Chiapas;S Crist de las Casas;S.Crist.de las Casas;2026;Mar;12
TUX;NO;Mayor a 5;74223911;CHIS;Chiapas;Huixtla;Huixtla;2026;Mar;12
TUX;NO;Mayor a 5;74223911;CHIS;Chiapas;Tapachula;Tapachula;2026;Mar;12
TUX;NO;Mayor a 5;74223920;CHIS;Chiapas;Chicomuselo;Chicomuselo;2026;Mar;13
TUX;NO;Mayor a 5;74223920;CHIS;Chiapas;Comalapan;Cd. Front. Comalapa;2026;Mar;13
TUX;NO;Mayor a 5;74223920;CHIS;Chiapas;Comitán;Comitán Domínguez;2026;Mar;13
TUX;NO;Mayor a 5;74253425;CHIS;Chiapas;La Trinitaria;La Trinitaria;2026;Mar;18
TUX;NO;Mayor a 5;74253742;CHIS;Chiapas;Huitiupan;Huitiupan;2026;Mar;18
TUX;NO;Mayor a 5;74256346;CHIS;Chiapas;Benemerito de las A;Benemerito de las A;2026;Mar;20
TUX;NO;Mayor a 5;74256346;CHIS;Chiapas;S Crist de las Casas;S.Crist.de las Casas;2026;Mar;20
TUX;NO;Mayor a 5;74256370;CHIS;Chiapas;San Fernando;San Fernando;2026;Mar;19
TUX;NO;Mayor a 5;74257777;CHIS;Chiapas;Ocotzingo;Ocotzingo;2026;Mar;21
TUX;NO;Mayor a 5;74257777;CHIS;Chiapas;Yajalón;Yajalon;2026;Mar;21
TUX;NO;Mayor a 5;74261836;CHIS;Chiapas;Huitiupan;Huitiupan;2026;Mar;21
TUX;NO;Mayor a 5;74261836;CHIS;Chiapas;Tapilula;Bochil;2026;Mar;21
TUX;NO;Mayor a 5;74263086;CHIS;Chiapas;Ocotzingo;Ocotzingo;2026;Mar;20
TUX;NO;Mayor a 5;74263086;CHIS;Chiapas;Palenque;Palenque;2026;Mar;20
TUX;NO;Mayor a 5;74263288;CHIS;Chiapas;Comalapan;Cd. Front. Comalapa;2026;Mar;20
TUX;NO;Mayor a 5;74263288;CHIS;Chiapas;Comitán;Comitán Domínguez;2026;Mar;20
TUX;NO;Mayor a 5;74267049;CHIS;Chiapas;Pueblo Nuevo;;2026;Mar;27
TUX;NO;Mayor a 5;74267049;CHIS;Chiapas;Tapilula;Bochil;2026;Mar;27
TUX;NO;Mayor a 5;74268195;CHIS;Chiapas;Mitontic;Mitontic;2026;Mar;25
TUX;NO;Mayor a 5;74269709;CHIS;Chiapas;S Crist de las Casas;S.Crist.de las Casas;2026;Mar;23
TUX;NO;Mayor a 5;74269709;CHIS;Chiapas;Teopisca;Teopisca;2026;Mar;23
TUX;NO;Mayor a 5;74283192;CHIS;Chiapas;Chilon;Chilon;2026;Mar;24
TUX;NO;Mayor a 5;74283192;CHIS;Chiapas;Ocotzingo;Ocotzingo;2026;Mar;24
TUX;NO;Mayor a 5;74285977;CHIS;Chiapas;S Crist de las Casas;S.Crist.de las Casas;2026;Mar;26
TUX;NO;Mayor a 5;74291945;CHIS;Chiapas;Angel Albino Corzo;Angel Albino Corzo;2026;Mar;25
TUX;NO;Mayor a 5;74309430;CHIS;Chiapas;San Fernando;San Fernando;2026;Mar;28
TUX;NO;Mayor a 5;74321465;CHIS;Chiapas;Chicomuselo;Chicomuselo;2026;Mar;31
TUX;NO;Mayor a 5;74322503;CHIS;Chiapas;Palenque;Palenque;2026;Mar;31
TUX;NO;Mayor a 5;74345472;CHIS;Chiapas;Chicomuselo;Chicomuselo;2026;Abr;6
TUX;NO;Mayor a 5;74345472;CHIS;Chiapas;Comalapan;Cd. Front. Comalapa;2026;Abr;6
TUX;NO;Mayor a 5;74351882;CHIS;Chiapas;Ocotzingo;Ocotzingo;2026;Abr;6
TUX;NO;Mayor a 5;74351924;CHIS;Chiapas;Ocotzingo;Ocotzingo;2026;Abr;6
TUX;NO;Mayor a 5;74353024;CHIS;Chiapas;Chilon;Chilon;2026;Abr;6
TUX;NO;Mayor a 5;74353042;CHIS;Chiapas;Oxchuc Chs;OXCHUC, CHIS.;2026;Abr;9
TUX;NO;Mayor a 5;74353158;CHIS;Chiapas;S Crist de las Casas;S.Crist.de las Casas;2026;Abr;7
TUX;NO;Mayor a 5;74369150;CHIS;Chiapas;Chilon;Chilon;2026;Abr;9
TUX;NO;Mayor a 5;74369150;CHIS;Chiapas;Ocotzingo;Ocotzingo;2026;Abr;9
TUX;NO;Mayor a 5;74369150;CHIS;Chiapas;Yajalón;Yajalon;2026;Abr;9
TUX;NO;Mayor a 5;74370435;CHIS;Chiapas;Comitán;Comitán Domínguez;2026;Abr;8
TUX;NO;Mayor a 5;74370435;CHIS;Chiapas;S Crist de las Casas;S.Crist.de las Casas;2026;Abr;8
TUX;NO;Mayor a 5;74371729;CHIS;Chiapas;Comitán;Comitán Domínguez;2026;Abr;14
TUX;NO;Mayor a 5;74371729;CHIS;Chiapas;La Trinitaria;La Trinitaria;2026;Abr;14
TUX;NO;Mayor a 5;74372191;CHIS;Chiapas;Mitontic;Mitontic;2026;Abr;9
TUX;NO;Mayor a 5;74372191;CHIS;Chiapas;S Crist de las Casas;S.Crist.de las Casas;2026;Abr;9
TUX;NO;Mayor a 5;74377044;CHIS;Chiapas;Huitiupan;Huitiupan;2026;Abr;9
TUX;NO;Mayor a 5;74377060;CHIS;Chiapas;Huitiupan;Huitiupan;2026;Abr;9
TUX;NO;Mayor a 5;74377060;CHIS;Chiapas;Simojovel;Simojovel;2026;Abr;9
TUX;NO;Mayor a 5;74381511;CHIS;Chiapas;Palenque;Palenque;2026;Abr;11
TUX;NO;Mayor a 5;74387919;CHIS;Chiapas;Angel Albino Corzo;Angel Albino Corzo;2026;Abr;11
TUX;NO;Mayor a 5;74388326;CHIS;Chiapas;Palenque;Palenque;2026;Abr;11
TUX;NO;Mayor a 5;74391885;CHIS;Chiapas;Tapachula;Tapachula;2026;Abr;13
TUX;NO;Mayor a 5;74391892;CHIS;Chiapas;Tapachula;Tapachula;2026;Abr;13
TUX;NO;Mayor a 5;74401410;CHIS;Chiapas;Chicomuselo;Chicomuselo;2026;Abr;14
TUX;NO;Mayor a 5;74401410;CHIS;Chiapas;Comalapan;Cd. Front. Comalapa;2026;Abr;14
TUX;NO;Mayor a 5;74401410;CHIS;Chiapas;Comitán;Comitán Domínguez;2026;Abr;14
TUX;NO;Mayor a 5;74425830;CHIS;Chiapas;Angel Albino Corzo;Angel Albino Corzo;2026;Abr;20
TUX;NO;Mayor a 5;74425830;CHIS;Chiapas;Villaflores;Villaflores;2026;Abr;20
TUX;NO;Mayor a 5;74437716;CHIS;Chiapas;Comalapan;Cd. Front. Comalapa;2026;Abr;21
TUX;NO;Mayor a 5;74437716;CHIS;Chiapas;Comitán;Comitán Domínguez;2026;Abr;21
TUX;NO;Mayor a 5;74437716;CHIS;Chiapas;La Trinitaria;La Trinitaria;2026;Abr;21
TUX;NO;Mayor a 5;74439032;CHIS;Chiapas;San Fernando;San Fernando;2026;Abr;20
TUX;NO;Mayor a 5;74439993;CHIS;Chiapas;Chiapa de Corzo;Chiapa de Corzo;2026;Abr;21
TUX;NO;Mayor a 5;74439993;CHIS;Chiapas;Comitán;Comitán Domínguez;2026;Abr;21
TUX;NO;Mayor a 5;74439993;CHIS;Chiapas;S Crist de las Casas;S.Crist.de las Casas;2026;Abr;21
TUX;NO;Mayor a 5;74445771;CHIS;Chiapas;Tapilula;Bochil;2026;Abr;22
TUX;NO;Mayor a 5;74445771;CHIS;Chiapas;Tapilula;Tapilula;2026;Abr;22
TUX;NO;Mayor a 5;74448496;CHIS;Chiapas;Ocotzingo;Ocotzingo;2026;Abr;24
TUX;NO;Mayor a 5;74449899;CHIS;Chiapas;Chicomuselo;Chicomuselo;2026;Abr;24
TUX;NO;Mayor a 5;74449899;CHIS;Chiapas;Comalapan;Comalapan;2026;Abr;24
TUX;NO;Mayor a 5;74449899;CHIS;Chiapas;S Crist de las Casas;S.Crist.de las Casas;2026;Abr;24
TUX;NO;Mayor a 5;74451785;CHIS;Chiapas;Berriozabal;Berriozabal;2026;Abr;27
TUX;NO;Mayor a 5;74451785;CHIS;Chiapas;Motozintla;Motozintla;2026;Abr;27
TUX;NO;Mayor a 5;74451785;CHIS;Chiapas;Tonalá;Tonalá;2026;Abr;27
TUX;NO;Mayor a 5;74459972;CHIS;Chiapas;San Fernando;San Fernando;2026;Abr;27
TUX;NO;Mayor a 5;74460045;CHIS;Chiapas;Ocotzingo;Ocotzingo;2026;Abr;25
TUX;NO;Mayor a 5;74461981;CHIS;Chiapas;Ocotzingo;Ocotzingo;2026;Abr;25
TUX;NO;Mayor a 5;74464767;CHIS;Chiapas;Comitán;Comitán Domínguez;2026;Abr;27
TUX;NO;Mayor a 5;74464767;CHIS;Chiapas;Margaritas;Margaritas;2026;Abr;27
TUX;NO;Mayor a 5;74474054;CHIS;;Tapachula,Tuxtla Chico;Tuxtla Chico;2026;Abr;28
TUX;NO;Mayor a 5;74474054;CHIS;Chiapas;Tapachula;Tapachula;2026;Abr;28
TUX;NO;Mayor a 5;74474072;CHIS;Chiapas;Comalapan;Cd. Front. Comalapa;2026;Abr;27
TUX;NO;Mayor a 5;74474072;CHIS;Chiapas;Comalapan;Comalapan;2026;Abr;27
TUX;NO;Mayor a 5;74474072;CHIS;Chiapas;Comitán;Comitán Domínguez;2026;Abr;27
TUX;NO;Mayor a 5;74475791;CHIS;Chiapas;Villacorzo;;2026;Abr;28
TUX;NO;Mayor a 5;74476046;CHIS;Chiapas;La Concordia;La Concordia;2026;Abr;29
TUX;NO;Mayor a 5;74478988;CHIS;Chiapas;Huixtla;Huixtla;2026;Abr;29
TUX;NO;Mayor a 5;74478988;CHIS;Chiapas;Mapastepec;Mapastepec;2026;Abr;29
TUX;NO;Mayor a 5;74478992;CHIS;Chiapas;Angel Albino Corzo;Angel Albino Corzo;2026;Abr;29
TUX;NO;Mayor a 5;74478992;CHIS;Chiapas;Villa Corzo;Villa Corzo;2026;Abr;29
TUX;NO;Mayor a 5;74478992;CHIS;Chiapas;Villacorzo;;2026;Abr;29
TUX;NO;Mayor a 5;74479897;CHIS;Chiapas;Comitán;Comitán Domínguez;2026;Abr;29
TUX;NO;Mayor a 5;74479897;CHIS;Chiapas;S Crist de las Casas;S.Crist.de las Casas;2026;Abr;29
TUX;NO;Mayor a 5;74481190;CHIS;Chiapas;Tonalá;Tonalá;2026;Abr;29
TUX;NO;Mayor a 5;74483739;CHIS;Chiapas;S Crist de las Casas;S.Crist.de las Casas;2026;Abr;30
TUX;NO;Mayor a 5;74483739;CHIS;Chiapas;S Crist de las Casas;Zinacantan;2026;Abr;30
TUX;NO;Mayor a 5;74483943;CHIS;Chiapas;Huixtla;Huixtla;2026;May;6
TUX;NO;Mayor a 5;74483943;CHIS;Chiapas;Mapastepec;Mapastepec;2026;May;6
TUX;NO;Mayor a 5;74483943;CHIS;Chiapas;Siltepec;SILTEPEC CHIAPAS;2026;May;6
TUX;NO;Mayor a 5;74486333;CHIS;Chiapas;ACALA;ACALA;2026;May;2
TUX;NO;Mayor a 5;74486333;CHIS;Chiapas;Comitán;Comitán Domínguez;2026;May;2
TUX;NO;Mayor a 5;74486333;CHIS;Chiapas;Margaritas;Margaritas;2026;May;2
TUX;NO;Mayor a 5;74489053;CHIS;Chiapas;Villa Corzo;Villa Corzo;2026;May;4
TUX;NO;Mayor a 5;74489053;CHIS;Chiapas;Villacorzo;;2026;May;4
TUX;NO;Mayor a 5;74489053;CHIS;Chiapas;Villaflores;Villaflores;2026;May;4
TUX;NO;Mayor a 5;74499885;CHIS;Chiapas;Angel Albino Corzo;Angel Albino Corzo;2026;May;5
TUX;NO;Mayor a 5;74499885;CHIS;Chiapas;Villacorzo;;2026;May;5
TUX;NO;Mayor a 5;74499899;CHIS;Chiapas;Mapastepec;Mapastepec;2026;May;5
TUX;NO;Mayor a 5;74499899;CHIS;Chiapas;Tapachula;Tapachula;2026;May;5
TUX;NO;Mayor a 5;74499903;CHIS;Chiapas;Ocotzingo;Ocotzingo;2026;May;4
TUX;NO;Mayor a 5;74499903;CHIS;Chiapas;S Crist de las Casas;S.Crist.de las Casas;2026;May;4
TUX;NO;Mayor a 5;74511042;CHIS;Chiapas;Mapastepec;Mapastepec;2026;May;5
TUX;NO;Mayor a 5;74523073;CHIS;Chiapas;Mapastepec;Mapastepec;2026;May;7
TUX;NO;Mayor a 5;74523073;CHIS;Chiapas;Motozintla;Motozintla;2026;May;7
TUX;NO;Mayor a 5;74523073;CHIS;Chiapas;Siltepec;SILTEPEC CHIAPAS;2026;May;7
TUX;NO;Mayor a 5;74527783;CHIS;Chiapas;Chiapa de Corzo;Chiapa de Corzo;2026;May;8
TUX;NO;Mayor a 5;74528781;CHIS;Chiapas;Chiapa de Corzo;Chiapa de Corzo;2026;May;8
TUX;NO;Mayor a 5;74529431;CHIS;Chiapas;Comitán;Comitán Domínguez;2026;May;8
TUX;NO;Mayor a 5;74529431;CHIS;Chiapas;Margaritas;Margaritas;2026;May;8
TUX;NO;Mayor a 5;74533433;CHIS;Chiapas;Chiapa de Corzo;Chiapa de Corzo;2026;May;12
TUX;NO;Mayor a 5;74533433;CHIS;Chiapas;Comalapan;Cd. Front. Comalapa;2026;May;12
TUX;NO;Mayor a 5;74533433;CHIS;Chiapas;Comitán;Comitán Domínguez;2026;May;12
TUX;NO;Mayor a 5;74534479;CHIS;Chiapas;Tonalá;Tonalá;2026;May;11
TUX;NO;Mayor a 5;74534481;CHIS;Chiapas;Tonalá;Tonalá;2026;May;9
TUX;NO;Mayor a 5;74534487;CHIS;Chiapas;Tapachula;Tapachula;2026;May;11
TUX;NO;Mayor a 5;74534488;CHIS;Chiapas;Comitán;Comitán Domínguez;2026;May;9
TUX;NO;Mayor a 5;74534493;CHIS;Chiapas;Comitán;Comitán Domínguez;2026;May;9
TUX;NO;Mayor a 5;74534506;CHIS;Chiapas;San Fernando;San Fernando;2026;May;15
TUX;NO;Mayor a 5;74548093;CHIS;Chiapas;Tapachula;Tapachula;2026;May;12
TUX;NO;Mayor a 5;74548093;CHIS;Chiapas;Tonalá;Tonalá;2026;May;12
TUX;NO;Mayor a 5;74548103;CHIS;Chiapas;Ocotzingo;Ocotzingo;2026;May;12
TUX;NO;Mayor a 5;74548103;CHIS;Chiapas;Yajalón;Yajalon;2026;May;12
TUX;NO;Mayor a 5;74548294;CHIS;Chiapas;Huitiupan;Huitiupan;2026;May;14
TUX;NO;Mayor a 5;74548294;CHIS;Chiapas;Simojovel;Simojovel;2026;May;14
TUX;NO;Mayor a 5;74551370;CHIS;Chiapas;Tapachula;Tapachula;2026;May;13
TUX;NO;Mayor a 5;74556088;CHIS;Chiapas;Margaritas;Margaritas;2026;May;13
TUX;NO;Mayor a 5;74559501;CHIS;Chiapas;Benemerito de las A;Benemerito de las A;2026;May;13
TUX;NO;Mayor a 5;74559501;CHIS;Chiapas;Comitán;Comitán Domínguez;2026;May;13
TUX;NO;Mayor a 5;74559501;CHIS;Chiapas;S Crist de las Casas;S.Crist.de las Casas;2026;May;13
TUX;NO;Mayor a 5;74562428;CHIS;Chiapas;Tapilula;RAYON, CHIA;2026;May;15
TUX;NO;Mayor a 5;74562428;CHIS;Chiapas;Tapilula;Tapilula;2026;May;15
TUX;NO;Mayor a 5;74568322;CHIS;Chiapas;Chiapa de Corzo;Chiapa de Corzo;2026;May;20
TUX;NO;Mayor a 5;74568322;CHIS;Chiapas;Comitán;Comitán Domínguez;2026;May;20
TUX;NO;Mayor a 5;74568322;CHIS;Chiapas;La Independencia;;2026;May;20
TUX;NO;Mayor a 5;74571580;CHIS;Chiapas;Comalapan;Cd. Front. Comalapa;2026;May;16
TUX;NO;Mayor a 5;74571580;CHIS;Chiapas;S Crist de las Casas;S.Crist.de las Casas;2026;May;16
TUX;NO;Mayor a 5;74571581;CHIS;Chiapas;San Fernando;San Fernando;2026;May;16
TUX;NO;Mayor a 5;74574047;CHIS;Chiapas;Chiapa de Corzo;Chiapa de Corzo;2026;May;19
TUX;NO;Mayor a 5;74574047;CHIS;Chiapas;Chicomuselo;Chicomuselo;2026;May;19
TUX;NO;Mayor a 5;74577225;CHIS;Chiapas;Villacorzo;;2026;May;18
TUX;NO;Mayor a 5;74577225;CHIS;Chiapas;Villaflores;Villaflores;2026;May;18
TUX;NO;Mayor a 5;74589747;CHIS;Chiapas;Tapilula;Bochil;2026;May;20
TUX;NO;Mayor a 5;74589747;CHIS;Chiapas;Tapilula;RAYON, CHIA;2026;May;20
TUX;NO;Mayor a 5;74589765;CHIS;Chiapas;Comalapan;Cd. Front. Comalapa;2026;May;19
TUX;NO;Mayor a 5;74589765;CHIS;Chiapas;Comitán;Comitán Domínguez;2026;May;19
TUX;NO;Mayor a 5;74589765;CHIS;Chiapas;La Trinitaria;La Trinitaria;2026;May;19
TUX;NO;Mayor a 5;74595803;CHIS;Chiapas;Pijijiapan;Pijijiapan;2026;May;22
TUX;NO;Mayor a 5;74595803;CHIS;Chiapas;Tonalá;Tonalá;2026;May;22
TUX;NO;Mayor a 5;74596995;CHIS;Chiapas;Comalapan;Cd. Front. Comalapa;2026;May;20
TUX;NO;Mayor a 5;74607604;CHIS;Chiapas;Angel Albino Corzo;Angel Albino Corzo;2026;May;22
TUX;NO;Mayor a 5;74612346;CHIS;Chiapas;Tapachula;Tapachula;2026;May;25
TUX;NO;Mayor a 5;74612348;CHIS;Chiapas;Cacahuatan;Cacahuatán;2026;May;23
TUX;NO;Mayor a 5;74612348;CHIS;Chiapas;Tapachula;Tapachula;2026;May;23
TUX;NO;Mayor a 5;74612348;CHIS;Chiapas;Tonalá;Tonalá;2026;May;23
TUX;NO;Mayor a 5;74614669;CHIS;Chiapas;Tapilula;Bochil;2026;May;26
TUX;NO;Mayor a 5;74615056;CHIS;Chiapas;Ocotzingo;Ocotzingo;2026;May;26
TUX;NO;Mayor a 5;74615179;CHIS;Chiapas;Ocotzingo;Ocotzingo;2026;May;25
TUX;NO;Mayor a 5;74615208;CHIS;Chiapas;Oxchuc Chs;OXCHUC, CHIS.;2026;May;25
TUX;NO;Mayor a 5;74618309;CHIS;Chiapas;Ocotzingo;Ocotzingo;2026;May;27
TUX;NO;Mayor a 5;74618558;CHIS;Chiapas;Oxchuc Chs;OXCHUC, CHIS.;2026;May;29
TUX;NO;Mayor a 5;74618558;CHIS;Chiapas;S Crist de las Casas;S.Crist.de las Casas;2026;May;29
TUX;NO;Mayor a 5;74618916;CHIS;Chiapas;Ciudad Altamirano;Ciudad Altamirano;2026;May;27
TUX;NO;Mayor a 5;74618916;CHIS;Chiapas;Ocotzingo;Ocotzingo;2026;May;27
TUX;NO;Mayor a 5;74618921;CHIS;Chiapas;Tonalá;Tonalá;2026;May;26
TUX;NO;Mayor a 5;74627698;CHIS;Chiapas;Ocotzingo;Ocotzingo;2026;May;28
TUX;NO;Mayor a 5;74633538;CHIS;Chiapas;Villacorzo;;2026;May;27
TUX;NO;Mayor a 5;74633538;CHIS;Chiapas;Villaflores;Villaflores;2026;May;27
TUX;NO;Mayor a 5;74639322;CHIS;Chiapas;Tonalá;Tonalá;2026;Jun;1
TUX;NO;Mayor a 5;74639533;CHIS;Chiapas;Comitán;Comitán Domínguez;2026;May;30
TUX;NO;Mayor a 5;74639551;CHIS;Chiapas;Comitán;Comitán Domínguez;2026;May;29
TUX;NO;Mayor a 5;74646387;CHIS;Chiapas;Tonalá;Tonalá;2026;May;29
TUX;NO;Mayor a 5;74651702;CHIS;Chiapas;Ocotzingo;Ocotzingo;2026;Jun;5
TUX;NO;Mayor a 5;74651702;CHIS;Chiapas;Tila;TILA, CHS;2026;Jun;5
TUX;NO;Mayor a 5;74651702;CHIS;Chiapas;Yajalón;Yajalon;2026;Jun;5
TUX;NO;Mayor a 5;74665547;CHIS;Chiapas;Tonalá;Tonalá;2026;Jun;2
TUX;NO;Mayor a 5;74670666;CHIS;Chiapas;Comitán;Comitán Domínguez;2026;Jun;3
TUX;NO;Mayor a 5;74670666;CHIS;Chiapas;S Crist de las Casas;S.Crist.de las Casas;2026;Jun;3
TUX;NO;Mayor a 5;74670666;CHIS;Chiapas;Teopisca;Teopisca;2026;Jun;3
TUX;NO;Mayor a 5;74676284;CHIS;Chiapas;S Crist de las Casas;Zinacantan;2026;Jun;4
TUX;NO;Mayor a 5;74689285;CHIS;Chiapas;Comalapan;Cd. Front. Comalapa;2026;Jun;6
TUX;NO;Mayor a 5;74689285;CHIS;Chiapas;La Trinitaria;La Trinitaria;2026;Jun;6
TUX;NO;Mayor a 5;74689285;CHIS;Chiapas;S Crist de las Casas;S.Crist.de las Casas;2026;Jun;6
TUX;NO;Mayor a 5;74692337;CHIS;Chiapas;Chicomuselo;Chicomuselo;2026;Jun;7
TUX;NO;Mayor a 5;74693143;CHIS;Chiapas;Pijijiapan;Pijijiapan;2026;Jun;8
TUX;NO;Mayor a 5;74693143;CHIS;Chiapas;Tonalá;Tonalá;2026;Jun;8
TUX;NO;Mayor a 5;74704862;CHIS;Chiapas;Tapachula;Tapachula;2026;Jun;10
TUX;NO;Mayor a 5;74706948;CHIS;Chiapas;Tapachula;Tapachula;2026;Jun;8
TUX;NO;Mayor a 5;74711982;CHIS;Chiapas;Arriaga;Arriaga;2026;Jun;11
TUX;NO;Mayor a 5;74711982;CHIS;Chiapas;Cacahuatan;Cacahuatán;2026;Jun;11
TUX;NO;Mayor a 5;74711988;CHIS;Chiapas;La Concordia;La Concordia;2026;Jun;11
TUX;NO;Mayor a 5;74711988;CHIS;Chiapas;Villaflores;Villaflores;2026;Jun;11
TUX;NO;Mayor a 5;74723549;CHIS;Chiapas;Margaritas;Margaritas;2026;Jun;13
TUX;NO;Mayor a 5;74729141;CHIS;Chiapas;Yajalón;Yajalon;2026;Jun;20
TUX;NO;Mayor a 5;74731099;CHIS;Chiapas;Chilon;Chilon;2026;Jun;15
TUX;NO;Mayor a 5;74731099;CHIS;Chiapas;Tila;TILA, CHS;2026;Jun;15
TUX;NO;Mayor a 5;74734906;CHIS;Chiapas;Ciudad Altamirano;Ciudad Altamirano;2026;Jun;15
TUX;NO;Mayor a 5;74734906;CHIS;Chiapas;Ocotzingo;Ocotzingo;2026;Jun;15
TUX;NO;Mayor a 5;74734906;CHIS;Chiapas;S Crist de las Casas;S.Crist.de las Casas;2026;Jun;15
TUX;NO;Mayor a 5;74749880;CHIS;Chiapas;Chicomuselo;Chicomuselo;2026;Jun;17
TUX;NO;Mayor a 5;74749880;CHIS;Chiapas;Comalapan;Cd. Front. Comalapa;2026;Jun;17
TUX;NO;Mayor a 5;74749880;CHIS;Chiapas;Teopisca;Teopisca;2026;Jun;17
TUX;NO;Mayor a 5;74755434;CHIS;Chiapas;Ocotzingo;Ocotzingo;2026;Jun;19
TUX;NO;Mayor a 5;74757615;CHIS;Chiapas;Huixtla;Huixtla;2026;Jun;19
TUX;NO;Mayor a 5;74757615;CHIS;Chiapas;Tonalá;Tonalá;2026;Jun;19
TUX;NO;Mayor a 5;74757632;CHIS;Chiapas;Tonalá;Tonalá;2026;Jun;18
TUX;NO;Mayor a 5;74758174;CHIS;Chiapas;Comitán;Comitán Domínguez;2026;Jun;18
TUX;NO;Mayor a 5;74758174;CHIS;Chiapas;S Crist de las Casas;S.Crist.de las Casas;2026;Jun;18
TUX;NO;Mayor a 5;74761109;CHIS;Chiapas;San Fernando;San Fernando;2026;Jun;24
TUX;NO;Mayor a 5;74764064;CHIS;Chiapas;Chilon;Chilon;2026;Jun;20
TUX;NO;Mayor a 5;74764064;CHIS;Chiapas;Ocotzingo;Ocotzingo;2026;Jun;20
TUX;NO;Mayor a 5;74764064;CHIS;Chiapas;Yajalón;Yajalon;2026;Jun;20
TUX;NO;Mayor a 5;74767253;CHIS;Chiapas;Huitiupan;Huitiupan;2026;Jun;26
TUX;NO;Mayor a 5;74767253;CHIS;Chiapas;Simojovel;Simojovel;2026;Jun;26
TUX;NO;Mayor a 5;74767263;CHIS;Chiapas;Simojovel;Simojovel;2026;Jun;21
TUX;NO;Mayor a 5;74767263;CHIS;Chiapas;Tapilula;Bochil;2026;Jun;21
TUX;NO;Mayor a 5;74771764;CHIS;Chiapas;Angel Albino Corzo;;2026;Jun;30
TUX;NO;Mayor a 5;74771764;CHIS;Chiapas;Villacorzo;;2026;Jun;30
TUX;NO;Mayor a 5;74771764;CHIS;Chiapas;Villaflores;Villaflores;2026;Jun;30
TUX;NO;Mayor a 5;74780243;CHIS;Chiapas;Comitán;Comitán Domínguez;2026;Jun;24
TUX;NO;Mayor a 5;74780243;CHIS;Chiapas;S Crist de las Casas;S.Crist.de las Casas;2026;Jun;24
TUX;NO;Mayor a 5;74780654;CHIS;Chiapas;San Fernando;San Fernando;2026;Jun;24
TUX;NO;Mayor a 5;74780654;CHIS;Chiapas;Tapachula;Tapachula;2026;Jun;24
TUX;NO;Mayor a 5;74780654;CHIS;Chiapas;Tonalá;Tonalá;2026;Jun;24
TUX;NO;Mayor a 5;74781292;CHIS;Chiapas;San Fernando;San Fernando;2026;Jun;23
TUX;NO;Mayor a 5;74781292;CHIS;Chiapas;Tapachula;Tapachula;2026;Jun;23
TUX;NO;Mayor a 5;74781292;CHIS;Chiapas;Tonalá;Tonalá;2026;Jun;23
TUX;NO;Mayor a 5;74781412;CHIS;Chiapas;Ocotzingo;Ocotzingo;2026;Jun;24
TUX;NO;Mayor a 5;74781412;CHIS;Chiapas;S Crist de las Casas;S.Crist.de las Casas;2026;Jun;24
TUX;NO;Mayor a 5;74791673;CHIS;Chiapas;Chicomuselo;Chicomuselo;2026;Jun;25
TUX;NO;Mayor a 5;74791673;CHIS;Chiapas;Comalapan;Cd. Front. Comalapa;2026;Jun;25
TUX;NO;Mayor a 5;74791693;CHIS;Chiapas;Simojovel;Simojovel;2026;Jun;25
TUX;NO;Mayor a 5;74791693;CHIS;Chiapas;Tapilula;Bochil;2026;Jun;25
TUX;NO;Mayor a 5;74791938;CHIS;Chiapas;S Crist de las Casas;;2026;Jun;30
TUX;NO;Mayor a 5;74794384;CHIS;Chiapas;S Crist de las Casas;S.Crist.de las Casas;2026;Jun;26
TUX;NO;Mayor a 5;74794385;CHIS;Chiapas;S Crist de las Casas;S.Crist.de las Casas;2026;Jun;25
TUX;NO;Mayor a 5;74794463;CHIS;Chiapas;Ocotzingo;Ocotzingo;2026;Jun;29
TUX;NO;Mayor a 5;74794463;CHIS;Chiapas;S Crist de las Casas;S.Crist.de las Casas;2026;Jun;29
TUX;NO;Mayor a 5;74794468;CHIS;Chiapas;S Crist de las Casas;;2026;Jun;29
TUX;NO;Mayor a 5;74794486;CHIS;Chiapas;Ocotzingo;Ocotzingo;2026;Jun;26
TUX;NO;Mayor a 5;74794486;CHIS;Chiapas;S Crist de las Casas;S.Crist.de las Casas;2026;Jun;26
TUX;NO;Mayor a 5;74797331;CHIS;Chiapas;Tapachula;Tapachula;2026;Jun;27
TUX;NO;Mayor a 5;74797340;CHIS;Chiapas;Comitán;Comitán Domínguez;2026;Jul;2
TUX;NO;Mayor a 5;74797340;CHIS;Chiapas;Teopisca;Teopisca;2026;Jul;2
TUX;NO;Mayor a 5;74797366;CHIS;Chiapas;Ocotzingo;Ocotzingo;2026;Jun;27
TUX;NO;Mayor a 5;74797366;CHIS;Chiapas;S Crist de las Casas;S.Crist.de las Casas;2026;Jun;27
TUX;NO;Mayor a 5;74798434;CHIS;Chiapas;Margaritas;Margaritas;2026;Jun;30
TUX;NO;Mayor a 5;74798449;CHIS;Chiapas;Berriozabal;Berriozabal;2026;Jun;27
TUX;NO;Mayor a 5;74798449;CHIS;Chiapas;Tonalá;Tonalá;2026;Jun;27
TUX;NO;Mayor a 5;74799328;CHIS;Chiapas;Tonalá;Tonalá;2026;Jun;26
TUX;NO;Mayor a 5;74802631;CHIS;Chiapas;Comitán;Comitán Domínguez;2026;Jun;26
TUX;NO;Mayor a 5;74802631;CHIS;Chiapas;Margaritas;Margaritas;2026;Jun;26
TUX;NO;Mayor a 5;74802632;CHIS;Chiapas;San Fernando;San Fernando;2026;Jun;26
TUX;NO;Mayor a 5;74806000;CHIS;Chiapas;Villaflores;Villaflores;2026;Jul;1
TUX;NO;Mayor a 5;74806007;CHIS;Chiapas;Mapastepec;Mapastepec;2026;Jun;30
TUX;NO;Mayor a 5;74806007;CHIS;Chiapas;Tonalá;Tonalá;2026;Jun;30
TUX;NO;Mayor a 5;74817360;CHIS;Chiapas;S Crist de las Casas;S.Crist.de las Casas;2026;Jun;30
TUX;NO;Mayor a 5;74817360;CHIS;Chiapas;S Crist de las Casas;Zinacantan;2026;Jun;30
TUX;NO;Mayor a 5;74817364;CHIS;Chiapas;Ocotzingo;Ocotzingo;2026;Jun;30
TUX;NO;Mayor a 5;74817364;CHIS;Chiapas;Oxchuc Chs;OXCHUC, CHIS.;2026;Jun;30
TUX;NO;Mayor a 5;74817364;CHIS;Chiapas;Yajalón;Yajalon;2026;Jun;30
TUX;NO;Mayor a 5;74817424;CHIS;Chiapas;Comalapan;Cd. Front. Comalapa;2026;Jun;30
TUX;NO;Mayor a 5;74817424;CHIS;Chiapas;Comalapan;Comalapan;2026;Jun;30
TUX;NO;Mayor a 5;74817424;CHIS;Chiapas;Comitán;Comitán Domínguez;2026;Jun;30
TUX;NO;Mayor a 5;74820125;CHIS;Chiapas;Angel Albino Corzo;Angel Albino Corzo;2026;Jul;2
TUX;NO;Mayor a 5;74820179;CHIS;Chiapas;Huitiupan;Huitiupan;2026;Jul;1
TUX;NO;Mayor a 5;74820179;CHIS;Chiapas;Simojovel;Simojovel;2026;Jul;1
TUX;NO;Mayor a 5;74820190;CHIS;Chiapas;San Fernando;San Fernando;2026;Jul;2
TUX;NO;Mayor a 5;74823584;CHIS;Chiapas;San Fernando;San Fernando;2026;Jul;1
TUX;NO;Mayor a 5;74823584;CHIS;Chiapas;Tapachula;Tapachula;2026;Jul;1
TUX;NO;Mayor a 5;74823599;CHIS;Chiapas;Comitán;Comitán Domínguez;2026;Jul;2
TUX;NO;Mayor a 5;74823599;CHIS;Chiapas;La Trinitaria;La Trinitaria;2026;Jul;2
TUX;NO;Mayor a 5;74835645;CHIS;Chiapas;Ciudad Altamirano;Ciudad Altamirano;2026;Jul;4
TUX;NO;Mayor a 5;74835645;CHIS;Chiapas;Ocotzingo;Ocotzingo;2026;Jul;4
TUX;NO;Mayor a 5;74835645;CHIS;Chiapas;Yajalón;Yajalon;2026;Jul;4
TUX;NO;Mayor a 5;74854969;CHIS;Chiapas;Tapachula;Tapachula;2026;Jul;8
TUX;NO;Mayor a 5;74855165;CHIS;Chiapas;Ocotzingo;Ocotzingo;2026;Jul;7
TUX;NO;Mayor a 5;74859836;CHIS;Chiapas;Tapachula;Tapachula;2026;Jul;9
TUX;NO;Mayor a 5;74859840;CHIS;Chiapas;Ciudad Altamirano;Ciudad Altamirano;2026;Jul;8
TUX;NO;Mayor a 5;74859840;CHIS;Chiapas;Ocotzingo;Ocotzingo;2026;Jul;8
TUX;NO;Mayor a 5;74859842;CHIS;Chiapas;Chilon;Chilon;2026;Jul;9
TUX;NO;Mayor a 5;74859842;CHIS;Chiapas;Ocotzingo;Ocotzingo;2026;Jul;9
TUX;NO;Mayor a 5;74860476;CHIS;Chiapas;Ocotzingo;Ocotzingo;2026;Jul;9
TUX;NO;Mayor a 5;74860892;CHIS;Chiapas;Ocotzingo;Ocotzingo;2026;Jul;8
TUX;NO;Mayor a 5;74860892;CHIS;Chiapas;S Crist de las Casas;S.Crist.de las Casas;2026;Jul;8
TUX;NO;Mayor a 5;74860925;CHIS;Chiapas;Huixtla;Huixtla;2026;Jul;8
TUX;NO;Mayor a 5;74860925;CHIS;Chiapas;Tapachula;Tapachula;2026;Jul;8
TUX;NO;Mayor a 5;74864816;CHIS;Chiapas;Comitán;Comitán Domínguez;2026;Jul;10
TUX;NO;Mayor a 5;74864816;CHIS;Chiapas;Margaritas;Margaritas;2026;Jul;10
TUX;NO;Mayor a 5;74872203;CHIS;Chiapas;Mapastepec;Mapastepec;2026;Jul;10
TUX;NO;Mayor a 5;74872203;CHIS;Chiapas;Tapachula;Tapachula;2026;Jul;10
TUX;NO;Mayor a 5;74872203;CHIS;Chiapas;Tonalá;Tonalá;2026;Jul;10
TUX;NO;Mayor a 5;74872207;CHIS;Chiapas;Chiapa de Corzo;Chiapa de Corzo;2026;Jul;14
TUX;NO;Mayor a 5;74872207;CHIS;Chiapas;Huitiupan;Huitiupan;2026;Jul;14
TUX;NO;Mayor a 5;74875595;CHIS;Chiapas;Ocotzingo;Ocotzingo;2026;Jul;11
TUX;NO;Mayor a 5;74875599;CHIS;Chiapas;Ocotzingo;Ocotzingo;2026;Jul;13
TUX;NO;Mayor a 5;74875603;CHIS;Chiapas;Ocotzingo;Ocotzingo;2026;Jul;11
TUX;NO;Mayor a 5;74876038;CHIS;Chiapas;Comalapan;Cd. Front. Comalapa;2026;Jul;14
TUX;NO;Mayor a 5;74876038;CHIS;Chiapas;La Trinitaria;La Trinitaria;2026;Jul;14
TUX;NO;Mayor a 5;74876038;CHIS;Chiapas;S Crist de las Casas;S.Crist.de las Casas;2026;Jul;14
TUX;NO;Mayor a 5;74880981;CHIS;Chiapas;Ocotzingo;Ocotzingo;2026;Jul;15
TUX;NO;Mayor a 5;74880982;CHIS;Chiapas;Ocotzingo;Ocotzingo;2026;Jul;14
TUX;NO;Mayor a 5;74881500;CHIS;Chiapas;Ocotzingo;Ocotzingo;2026;Jul;14
TUX;NO;Mayor a 5;74888897;CHIS;Chiapas;Chiapa de Corzo;Chiapa de Corzo;2026;Jul;21
TUX;NO;Mayor a 5;74889683;CHIS;Chiapas;Chiapa de Corzo;Chiapa de Corzo;2026;Jul;15
TUX;NO;Mayor a 5;74889683;CHIS;Chiapas;S Crist de las Casas;S.Crist.de las Casas;2026;Jul;15
TUX;NO;Mayor a 5;74894132;CHIS;Chiapas;Comitán;Comitán Domínguez;2026;Jul;15
TUX;NO;Mayor a 5;74894133;CHIS;Chiapas;Tapachula;Tapachula;2026;Jul;16
TUX;NO;Mayor a 5;74894449;CHIS;Chiapas;Ocotzingo;Ocotzingo;2026;Jul;15
TUX;NO;Mayor a 5;74894923;CHIS;Chiapas;S Crist de las Casas;S.Crist.de las Casas;2026;Jul;16
TUX;NO;Mayor a 5;74895795;CHIS;Chiapas;Chicomuselo;Chicomuselo;2026;Jul;14
TUX;NO;Mayor a 5;74895795;CHIS;Chiapas;Comalapan;Cd. Front. Comalapa;2026;Jul;14
TUX;NO;Mayor a 5;74895795;CHIS;Chiapas;Comalapan;Comalapan;2026;Jul;14
TUX;NO;Mayor a 5;74895803;CHIS;Chiapas;Chiapa de Corzo;Chiapa de Corzo;2026;Jul;17
TUX;NO;Mayor a 5;74895803;CHIS;Chiapas;Comitán;Comitán Domínguez;2026;Jul;17
TUX;NO;Mayor a 5;74895819;CHIS;Chiapas;S Crist de las Casas;S.Crist.de las Casas;2026;Jul;17
TUX;NO;Mayor a 5;74896630;CHIS;Chiapas;S Crist de las Casas;S.Crist.de las Casas;2026;Jul;18
TUX;NO;Mayor a 5;74896630;CHIS;Chiapas;S Crist de las Casas;Zinacantan;2026;Jul;18
TUX;NO;Mayor a 5;74899658;CHIS;Chiapas;Comalapan;Cd. Front. Comalapa;2026;Jul;17
TUX;NO;Mayor a 5;74899658;CHIS;Chiapas;Comitán;Comitán Domínguez;2026;Jul;17
TUX;NO;Mayor a 5;74899658;CHIS;Chiapas;Teopisca;Teopisca;2026;Jul;17
TUX;NO;Mayor a 5;74899667;CHIS;Chiapas;Ocotzingo;Ocotzingo;2026;Jul;16
TUX;NO;Mayor a 5;74899667;CHIS;Chiapas;Palenque;Palenque;2026;Jul;16
TUX;NO;Mayor a 5;74899667;CHIS;Chiapas;S Crist de las Casas;S.Crist.de las Casas;2026;Jul;16
TUX;NO;Mayor a 5;74899677;CHIS;Chiapas;Mapastepec;Mapastepec;2026;Jul;17
TUX;NO;Mayor a 5;74899677;CHIS;Chiapas;Tapachula;Tapachula;2026;Jul;17
TUX;NO;Mayor a 5;74899677;CHIS;Chiapas;Tonalá;Tonalá;2026;Jul;17
TUX;NO;Mayor a 5;74900500;CHIS;Chiapas;Tapachula;Tapachula;2026;Jul;17
TUX;NO;Mayor a 5;74909962;CHIS;Chiapas;San Fernando;San Fernando;2026;Jul;18
TUX;NO;Mayor a 5;74921546;CHIS;Chiapas;La Concordia;La Concordia;2026;Jul;21
TUX;NO;Mayor a 5;74921546;CHIS;Chiapas;Villacorzo;;2026;Jul;21
TUX;NO;Mayor a 5;74921546;CHIS;Chiapas;Villaflores;Villaflores;2026;Jul;21
TUX;NO;Mayor a 5;74924415;CHIS;Chiapas;Ocozocoautla;Ocozocoautla;2026;Jul;25
TUX;NO;Mayor a 5;74934695;CHIS;Chiapas;Chicomuselo;Chicomuselo;2026;Jul;27
TUX;NO;Mayor a 5;74934695;CHIS;Chiapas;Comitán;Comitán Domínguez;2026;Jul;27
TUX;NO;Mayor a 5;74934712;CHIS;Chiapas;Comitán;Comitán Domínguez;2026;Jul;24
TUX;NO;Mayor a 5;74934712;CHIS;Chiapas;S Crist de las Casas;S.Crist.de las Casas;2026;Jul;24
TUX;NO;Mayor a 5;74938238;CHIS;Chiapas;Comitán;Comitán Domínguez;2026;Jul;27
TUX;NO;Mayor a 5;74940124;CHIS;Chiapas;Comalapan;Cd. Front. Comalapa;2026;Jul;27
TUX;NO;Mayor a 5;74940124;CHIS;Chiapas;Comitán;Comitán Domínguez;2026;Jul;27
TUX;NO;Mayor a 5;74943227;CHIS;Chiapas;Tapachula;Tapachula;2026;Jul;27
TUX;NO;Mayor a 5;74950697;CHIS;Chiapas;Tapachula;Tapachula;2026;Jul;28
TUX;NO;Mayor a 5;74964928;CHIS;Chiapas;Huitiupan;Huitiupan;2026;Ago;1
TUX;NO;Mayor a 5;74965083;CHIS;Chiapas;Motozintla;Motozintla;2026;Jul;31
TUX;NO;Mayor a 5;74965671;CHIS;Chiapas;Tapilula;Bochil;2026;Ago;6
TUX;NO;Mayor a 5;74965671;CHIS;Chiapas;Tapilula;RAYON, CHIA;2026;Ago;6
TUX;NO;Mayor a 5;74966624;CHIS;Chiapas;Chiapa de Corzo;Chiapa de Corzo;2026;Ago;4
TUX;NO;Mayor a 5;74966624;CHIS;Chiapas;Comitán;Comitán Domínguez;2026;Ago;4
TUX;NO;Mayor a 5;74966624;CHIS;Chiapas;S Crist de las Casas;S.Crist.de las Casas;2026;Ago;4
TUX;NO;Mayor a 5;74968684;CHIS;Chiapas;Pijijiapan;Pijijiapan;2026;Ago;4
TUX;NO;Mayor a 5;74968684;CHIS;Chiapas;Tonalá;Tonalá;2026;Ago;4
TUX;NO;Mayor a 5;74973917;CHIS;Chiapas;Comitán;Comitán Domínguez;2026;Ago;4
TUX;NO;Mayor a 5;74973917;CHIS;Chiapas;S Crist de las Casas;S.Crist.de las Casas;2026;Ago;4
TUX;NO;Mayor a 5;74974229;CHIS;Chiapas;Comitán;Comitán Domínguez;2026;Ago;4
TUX;NO;Mayor a 5;74974229;CHIS;Chiapas;S Crist de las Casas;S.Crist.de las Casas;2026;Ago;4
TUX;NO;Mayor a 5;74991106;CHIS;Chiapas;Ocotzingo;Ocotzingo;2026;Ago;7
TUX;NO;Mayor a 5;74992647;CHIS;Chiapas;Margaritas;Margaritas;2026;Ago;6
TUX;NO;Mayor a 5;74992647;CHIS;Chiapas;Teopisca;Teopisca;2026;Ago;6
TUX;NO;Mayor a 5;74997216;CHIS;Chiapas;Ocozocoautla;Ocozocoautla;2026;Ago;7
TUX;NO;Mayor a 5;75001424;CHIS;Chiapas;Villacorzo;;2026;Ago;10
TUX;NO;Mayor a 5;75001424;CHIS;Chiapas;Villaflores;Villaflores;2026;Ago;10
TUX;NO;Mayor a 5;75002133;CHIS;Chiapas;Mapastepec;Mapastepec;2026;Ago;10
TUX;NO;Mayor a 5;75002133;CHIS;Chiapas;Tapachula;Tapachula;2026;Ago;10
TUX;NO;Mayor a 5;75013422;CHIS;Chiapas;Ocotzingo;Ocotzingo;2026;Ago;11
TUX;NO;Mayor a 5;75018869;CHIS;Chiapas;Angel Albino Corzo;Angel Albino Corzo;2026;Ago;12
TUX;NO;Mayor a 5;75021087;CHIS;Chiapas;Mitontic;Mitontic;2026;Ago;17
TUX;NO;Mayor a 5;75021087;CHIS;Chiapas;S Crist de las Casas;S.Crist.de las Casas;2026;Ago;17
TUX;NO;Mayor a 5;75024362;CHIS;Chiapas;Simojovel;Simojovel;2026;Ago;14
TUX;NO;Mayor a 5;75024383;CHIS;Chiapas;Simojovel;Simojovel;2026;Ago;14
TUX;NO;Mayor a 5;75024622;CHIS;Chiapas;Mezcalapa;;2026;Ago;13
TUX;NO;Mayor a 5;75024913;CHIS;Chiapas;Comalapan;Cd. Front. Comalapa;2026;Ago;19
TUX;NO;Mayor a 5;75024913;CHIS;Chiapas;Comitán;Comitán Domínguez;2026;Ago;19
TUX;NO;Mayor a 5;75024913;CHIS;Chiapas;Teopisca;Teopisca;2026;Ago;19
TUX;NO;Mayor a 5;75024988;CHIS;Chiapas;Comalapan;Cd. Front. Comalapa;2026;Ago;15
TUX;NO;Mayor a 5;75024988;CHIS;Chiapas;Comitán;Comitán Domínguez;2026;Ago;15
TUX;NO;Mayor a 5;75024988;CHIS;Chiapas;Motozintla;Motozintla;2026;Ago;15
TUX;NO;Mayor a 5;75025945;CHIS;Chiapas;Chiapa de Corzo;Chiapa de Corzo;2026;Ago;13
TUX;NO;Mayor a 5;75025945;CHIS;Chiapas;Tapilula;Bochil;2026;Ago;13
TUX;NO;Mayor a 5;75025945;CHIS;Chiapas;Tapilula;Tapilula;2026;Ago;13
TUX;NO;Mayor a 5;75029448;CHIS;Chiapas;Chiapa de Corzo;Chiapa de Corzo;2026;Ago;14
TUX;NO;Mayor a 5;75029448;CHIS;Chiapas;Comitán;Comitán Domínguez;2026;Ago;14
TUX;NO;Mayor a 5;75030274;CHIS;Chiapas;Pijijiapan;Pijijiapan;2026;Ago;14
TUX;NO;Mayor a 5;75030274;CHIS;Chiapas;Tonalá;Tonalá;2026;Ago;14
TUX;NO;Mayor a 5;75031640;CHIS;Chiapas;Comitán;Comitán Domínguez;2026;Ago;14
TUX;NO;Mayor a 5;75031642;CHIS;Chiapas;Comitán;Comitán Domínguez;2026;Ago;18
TUX;NO;Mayor a 5;75031650;CHIS;Chiapas;Tapachula;Tapachula;2026;Ago;15
TUX;NO;Mayor a 5;75031683;CHIS;Chiapas;Tapachula;Tapachula;2026;Ago;14
TUX;NO;Mayor a 5;75035199;CHIS;Chiapas;S Crist de las Casas;S.Crist.de las Casas;2026;Ago;17
TUX;NO;Mayor a 5;75035209;CHIS;Chiapas;Ocotzingo;Ocotzingo;2026;Ago;17
TUX;NO;Mayor a 5;75037678;CHIS;Chiapas;Tapilula;Bochil;2026;Ago;19
TUX;NO;Mayor a 5;75041289;CHIS;Chiapas;Simojovel;Simojovel;2026;Ago;18
TUX;NO;Mayor a 5;75041289;CHIS;Chiapas;Tapilula;Bochil;2026;Ago;18
TUX;NO;Mayor a 5;75049187;CHIS;Chiapas;Chilon;Chilon;2026;Ago;18
TUX;NO;Mayor a 5;75051136;CHIS;Chiapas;Tapachula;Tapachula;2026;Ago;18
TUX;NO;Mayor a 5;75051140;CHIS;Chiapas;Villacorzo;;2026;Ago;19
TUX;NO;Mayor a 5;75058660;CHIS;Chiapas;Tapachula;Tapachula;2026;Ago;19
TUX;NO;Mayor a 5;75058676;CHIS;Chiapas;Tapachula;Tapachula;2026;Ago;19
TUX;NO;Mayor a 5;75058919;CHIS;Chiapas;Tapachula;Tapachula;2026;Ago;21
TUX;NO;Mayor a 5;75064376;CHIS;Chiapas;Ocotzingo;Ocotzingo;2026;Ago;21
TUX;NO;Mayor a 5;75064376;CHIS;Chiapas;S Crist de las Casas;S.Crist.de las Casas;2026;Ago;21
TUX;NO;Mayor a 5;75064947;CHIS;Chiapas;Ocotzingo;Ocotzingo;2026;Ago;21
TUX;NO;Mayor a 5;75064950;CHIS;Chiapas;Comitán;Comitán Domínguez;2026;Ago;22
TUX;NO;Mayor a 5;75064952;CHIS;Chiapas;Comitán;Comitán Domínguez;2026;Ago;21
TUX;NO;Mayor a 5;75064954;CHIS;Chiapas;Ocotzingo;Ocotzingo;2026;Ago;21
TUX;NO;Mayor a 5;75084121;CHIS;Chiapas;Tapachula;Tapachula;2026;Ago;25
TUX;NO;Mayor a 5;75087246;CHIS;Chiapas;Ocotzingo;Ocotzingo;2026;Ago;26
TUX;NO;Mayor a 5;75088917;CHIS;Chiapas;Ocotzingo;Ocotzingo;2026;Ago;27
TUX;NO;Mayor a 5;75089260;CHIS;Chiapas;Chilon;Chilon;2026;Ago;26
TUX;NO;Mayor a 5;75089260;CHIS;Chiapas;S Crist de las Casas;S.Crist.de las Casas;2026;Ago;26
TUX;NO;Mayor a 5;75089260;CHIS;Chiapas;Yajalón;Yajalon;2026;Ago;26
TUX;NO;Mayor a 5;75097736;CHIS;Chiapas;Huitiupan;Huitiupan;2026;Ago;28
TUX;NO;Mayor a 5;75097736;CHIS;Chiapas;Tapilula;Bochil;2026;Ago;28
TUX;NO;Mayor a 5;75098391;CHIS;Chiapas;S Crist de las Casas;S.Crist.de las Casas;2026;Ago;28
TUX;NO;Mayor a 5;75098392;CHIS;Chiapas;S Crist de las Casas;S.Crist.de las Casas;2026;Ago;28
TUX;NO;Mayor a 5;75099933;CHIS;Chiapas;Tonalá;Tonalá;2026;Ago;28
TUX;NO;Mayor a 5;75103021;CHIS;Chiapas;Ocotzingo;Ocotzingo;2026;Ago;28
TUX;NO;Mayor a 5;75104363;CHIS;Chiapas;Ocotzingo;Ocotzingo;2026;Ago;29
TUX;NO;Mayor a 5;75108458;CHIS;Chiapas;Ocotzingo;Ocotzingo;2026;Ago;31
TUX;NO;Mayor a 5;75116645;CHIS;Chiapas;S Crist de las Casas;S.Crist.de las Casas;2026;Sep;2
TUX;NO;Mayor a 5;75117419;CHIS;Chiapas;Ocotzingo;Ocotzingo;2026;Sep;1
TUX;NO;Mayor a 5;75117419;CHIS;Chiapas;Palenque;Palenque;2026;Sep;1
TUX;NO;Mayor a 5;75122242;CHIS;Chiapas;Chilon;Chilon;2026;Sep;8
TUX;NO;Mayor a 5;75126934;CHIS;Chiapas;Ocotzingo;Ocotzingo;2026;Sep;4
TUX;NO;Mayor a 5;75126934;CHIS;Chiapas;Tila;TILA, CHS;2026;Sep;4
TUX;NO;Mayor a 5;75129386;CHIS;Chiapas;Ocotzingo;Ocotzingo;2026;Sep;4
TUX;NO;Mayor a 5;75129568;CHIS;Chiapas;San Fernando;San Fernando;2026;Sep;8
TUX;NO;Mayor a 5;75129571;CHIS;Chiapas;Tonalá;Tonalá;2026;Sep;4
TUX;SI;1;74425540;CHIS;;Tapachula,Tuxtla Chico;Tuxtla Chico;2026;Abr;18
TUX;SI;1;74425540;CHIS;Chiapas;Tapachula;Tapachula;2026;Abr;18
TUX;SI;1;74425834;CHIS;Chiapas;Tapachula;Tapachula;2026;Abr;18
TUX;SI;1;74457419;CHIS;Chiapas;Tapachula;Tapachula;2026;Abr;24
TUX;SI;1;74461982;CHIS;Chiapas;Tapachula;Tapachula;2026;Abr;25
TUX;SI;1;74499905;CHIS;Chiapas;Tapachula;Tapachula;2026;May;2
TUX;SI;1;74527776;CHIS;Chiapas;Mitontic;Mitontic;2026;May;6
TUX;SI;1;74527776;CHIS;Chiapas;S Crist de las Casas;S.Crist.de las Casas;2026;May;6
TUX;SI;1;74555030;CHIS;Chiapas;Margaritas;Margaritas;2026;May;12
TUX;SI;1;74555030;CHIS;Chiapas;S Crist de las Casas;S.Crist.de las Casas;2026;May;12
TUX;SI;1;74633530;CHIS;Chiapas;Comitán;Comitán Domínguez;2026;May;25
TUX;SI;1;74633530;CHIS;Chiapas;S Crist de las Casas;S.Crist.de las Casas;2026;May;25
TUX;SI;1;74766765;CHIS;;Tapachula,Tuxtla Chico;Tuxtla Chico;2026;Jun;20
TUX;SI;1;74766765;CHIS;Chiapas;Tapachula;Tapachula;2026;Jun;20
TUX;SI;3;74485149;CHIS;Chiapas;Tapachula;Tapachula;2026;Abr;30
TUX;SI;3;74486114;CHIS;Chiapas;Tapachula;Tapachula;2026;Abr;30
TUX;SI;3;74770964;CHIS;Chiapas;Ocotzingo;Ocotzingo;2026;Jun;20
TUX;SI;3;74770964;CHIS;Chiapas;S Crist de las Casas;S.Crist.de las Casas;2026;Jun;20
TUX;SI;4;74451444;CHIS;Chiapas;Tapachula;Tapachula;2026;Abr;23
TUX;SI;4;74517377;CHIS;Chiapas;Tapachula;Tapachula;2026;May;6
TUX;SI;Asignación Manual;74490909;CHIS;Chiapas;Tapachula;Tapachula;2026;Abr;30
TUX;SI;Mayor a 5;74423218;CHIS;Chiapas;Tapachula;Tapachula;2026;Abr;20
TUX;SI;Mayor a 5;74449380;CHIS;Chiapas;Tapachula;Tapachula;2026;Abr;24
TUX;SI;Mayor a 5;74474038;CHIS;Chiapas;Mitontic;Mitontic;2026;Abr;30
TUX;SI;Mayor a 5;74474038;CHIS;Chiapas;S Crist de las Casas;S.Crist.de las Casas;2026;Abr;30
TUX;SI;Mayor a 5;74483746;CHIS;Chiapas;Mitontic;Mitontic;2026;Abr;30
TUX;SI;Mayor a 5;74483746;CHIS;Chiapas;S Crist de las Casas;S.Crist.de las Casas;2026;Abr;30
TUX;SI;Mayor a 5;74486105;CHIS;Chiapas;ACALA;ACALA;2026;May;13
TUX;SI;Mayor a 5;74517383;CHIS;Chiapas;Huixtla;Huixtla;2026;May;5
TUX;SI;Mayor a 5;74517383;CHIS;Chiapas;Tapachula;Tapachula;2026;May;5
TUX;SI;Mayor a 5;74527585;CHIS;Chiapas;Margaritas;Margaritas;2026;May;8
TUX;SI;Mayor a 5;74527585;CHIS;Chiapas;S Crist de las Casas;S.Crist.de las Casas;2026;May;8
TUX;SI;Mayor a 5;74529795;CHIS;Chiapas;ACALA;ACALA;2026;May;8
TUX;SI;Mayor a 5;74562121;CHIS;Chiapas;Margaritas;Margaritas;2026;May;18
TUX;SI;Mayor a 5;74562121;CHIS;Chiapas;S Crist de las Casas;S.Crist.de las Casas;2026;May;18
TUX;SI;Mayor a 5;74635636;CHIS;Chiapas;Tapilula;Bochil;2026;May;27
TUX;SI;Mayor a 5;74676271;CHIS;Chiapas;Huitiupan;Huitiupan;2026;Jun;3
TUX;SI;Mayor a 5;74676271;CHIS;Chiapas;Tapilula;Bochil;2026;Jun;3
TUX;SI;Mayor a 5;74835648;CHIS;Chiapas;Tapachula;Tapachula;2026;Jul;3
TUX;SI;Mayor a 5;74872204;CHIS;Chiapas;Ocotzingo;Ocotzingo;2026;Jul;10
TUX;SI;Mayor a 5;74872204;CHIS;Chiapas;S Crist de las Casas;S.Crist.de las Casas;2026;Jul;10